{"type":"FeatureCollection","features":[{"type":"Feature","geometry":{"type":"Polygon","coordinates":[[[145.31797346199747,-37.84391879678857],[145.32304944191773,-37.84619775657196],[145.3328287419508,-37.84743485671224],[145.33212338209478,-37.85102166661246],[145.33615137213326,-37.85104865685727],[145.34123932210466,-37.85377561653088],[145.34516734222842,-37.857220616857774],[145.34577332236285,-37.859196616798954],[145.3411264317212,-37.86099764719302],[145.33661978157016,-37.85618607720926],[145.33416650229216,-37.85833969708516],[145.3360624919207,-37.860756686576664],[145.32949059157525,-37.8631767371509],[145.32655866206613,-37.86605380720384],[145.3188067518314,-37.865572877054014],[145.31685674201327,-37.862850906890415],[145.3135687823092,-37.864483947159336],[145.30382693214207,-37.863449116560545],[145.30282994231382,-37.86575915653482],[145.30849590157675,-37.87106604673113],[145.30785599207394,-37.876219076937105],[145.30615279168518,-37.87603858656969],[145.3049711423705,-37.88246016678622],[145.3035481822144,-37.88545919671781],[145.3045348917225,-37.887984796624984],[145.30990426231287,-37.88963810650966],[145.31165965212475,-37.89276245703888],[145.3161012319099,-37.892489087181474],[145.31617229224207,-37.89489711676545],[145.31884329170396,-37.89633612712003],[145.32056832205245,-37.89920315700924],[145.31387349175193,-37.90163527701597],[145.30891558190106,-37.901921366846956],[145.30501067183633,-37.90571340708525],[145.29697763203683,-37.90121841684542],[145.29555676226033,-37.905110436595386],[145.29271987181335,-37.90722542689316],[145.2986838624431,-37.911693377018125],[145.2979779222754,-37.913507376880446],[145.30080397185353,-37.91799736650481],[145.30040601189447,-37.92039333717107],[145.30249505217256,-37.92262032698627],[145.30386708234366,-37.93342851693471],[145.2998773416717,-37.931462277122634],[145.2931809420144,-37.96486811660526],[145.2890360021057,-37.962939346750964],[145.28720743193753,-37.95714103713646],[145.2823128820603,-37.95366327648281],[145.2820908616412,-37.950589276879136],[145.27962086202083,-37.94759632708116],[145.2439000725017,-37.94327250700097],[145.23374715236213,-37.94265760689785],[145.2291940018187,-37.95207599713348],[145.22579399165608,-37.949255006527274],[145.21937999178135,-37.94169799673889],[145.22002100172034,-37.93966898649172],[145.21825998216653,-37.936748006902974],[145.21565301192328,-37.93716699667421],[145.21150902243218,-37.93566099679598],[145.20647300227066,-37.93124099663184],[145.20564701214673,-37.92440099713277],[145.20285698231652,-37.91807299674909],[145.205861012407,-37.910553006509204],[145.20338101184254,-37.90328999709141],[145.20753800175243,-37.90102600699701],[145.2069460119802,-37.89700598668284],[145.20074498199807,-37.894421006872065],[145.19837701212936,-37.88922899669516],[145.1962530022339,-37.88866600669919],[145.19088699224105,-37.87903499712914],[145.1932359923859,-37.87435099658061],[145.19321000232807,-37.87053800705996],[145.19570382167657,-37.86517618678135],[145.19889684203147,-37.86351839667932],[145.20071593227843,-37.85864956659723],[145.2048238624957,-37.857328026827574],[145.20670094168918,-37.85286789687759],[145.2095420317602,-37.85142870677063],[145.21012994228272,-37.84603193683906],[145.21455972179828,-37.83941369652179],[145.21670819192062,-37.83816377701513],[145.22279365184474,-37.837877306846295],[145.23183503168607,-37.84006015698274],[145.239194521872,-37.83855653693519],[145.25049959244885,-37.83769236657536],[145.25704153218297,-37.83587471665752],[145.26747326243728,-37.83697703654327],[145.2700180818393,-37.83589469656441],[145.2793391916702,-37.835561516968696],[145.28065356167815,-37.83321637662442],[145.2935210522658,-37.834060846764245],[145.30885740161338,-37.841748306632574],[145.30866581162448,-37.84267659668133],[145.31797346199747,-37.84391879678857]]]},"properties":{"name":"Aston","ced_code_2021":"201"}},{"type":"Feature","geometry":{"type":"Polygon","coordinates":[[[144.41525841197435,-37.38248317655586],[144.41746947221407,-37.38990918679358],[144.41644189205547,-37.395464476519905],[144.41381568169544,-37.39708925674598],[144.38196684215495,-37.393327266672884],[144.37780127243582,-37.415917336767514],[144.38076267207617,-37.41981154664265],[144.38012472179906,-37.42363727718376],[144.38258639224014,-37.423724577070764],[144.37927803179596,-37.43878859674926],[144.34727643194483,-37.4321376569174],[144.34730731243107,-37.42865462680505],[144.3423703620724,-37.42806567652448],[144.34110830186177,-37.42603267653741],[144.34204733238778,-37.42064915692138],[144.30683297170333,-37.42416299689128],[144.30632300170984,-37.428177986870956],[144.30339300178187,-37.434403996819746],[144.3003129823032,-37.436412987023594],[144.2953569723892,-37.43583835652002],[144.29125404219477,-37.43695043682612],[144.28688554215464,-37.434628457090966],[144.27303368217025,-37.430178576881126],[144.2686992318726,-37.427590506667165],[144.2658351116927,-37.43340649660758],[144.2635329919276,-37.44629098654514],[144.1739333420466,-37.43605223651966],[144.17537253206504,-37.4404086364228],[144.174133982562,-37.44743498692122],[144.17988649180754,-37.448287366782516],[144.1793359925234,-37.45128199663639],[144.16864401224646,-37.44960398697031],[144.16770315185212,-37.45316122655856],[144.1646571524716,-37.454915056488716],[144.1657105421266,-37.46269079681007],[144.16437599236403,-37.467578996667115],[144.16373502195097,-37.47428198641305],[144.1597210025118,-37.47653898669351],[144.16174000204546,-37.47861198673296],[144.16297600212974,-37.485889996669464],[144.16155699186592,-37.48844399655822],[144.16554600220758,-37.495239996703944],[144.16889338187437,-37.50513871684081],[144.16797299228878,-37.50716999650079],[144.1726648121693,-37.510508946958865],[144.17252287206625,-37.512880126996265],[144.17636602205687,-37.51497199693448],[144.18170200226808,-37.516460156532354],[144.18096802208711,-37.51932042647998],[144.1844150419869,-37.52110502697894],[144.18635403217152,-37.525170676601654],[144.19246789233335,-37.52710757653125],[144.19150524240357,-37.529379446993495],[144.19110961177603,-37.53563165643107],[144.1981987225362,-37.540463946382495],[144.19640737226518,-37.5434231266828],[144.19876202191486,-37.548658996782315],[144.19807502182664,-37.55167300649643],[144.18768898258264,-37.55187700675756],[144.1870247520919,-37.561626746496636],[144.17529698195304,-37.560369996743056],[144.17435403207733,-37.565196007041],[144.16264702200473,-37.563926996535976],[144.16180898187952,-37.568694997011484],[144.1436569926313,-37.56665098653446],[144.141408001927,-37.57944475661278],[144.1323880118709,-37.575815996432176],[144.13247003254796,-37.57783699687379],[144.13012498229537,-37.59225800656685],[144.13900101193724,-37.593221006590504],[144.13534203185122,-37.61485000647072],[144.13341698262153,-37.62444498690636],[144.1382790027058,-37.62578699666742],[144.1380620119539,-37.62725099643462],[144.1448300226107,-37.62797199667774],[144.15084898205106,-37.62723399668495],[144.15604600187103,-37.63159200646478],[144.15259803245198,-37.65276898630151],[144.17094701236053,-37.65481699657476],[144.17394301241072,-37.65791398696374],[144.17865797199468,-37.66117699632404],[144.1748580318675,-37.66434998656762],[144.17498399183998,-37.67172999637864],[144.1729080121679,-37.673885996471206],[144.17225101221686,-37.67945000671416],[144.1696119918808,-37.67919599690644],[144.16747700187764,-37.68276200671764],[144.17315599210204,-37.685588986764344],[144.17397505262193,-37.6872963366543],[144.17136757213555,-37.69020782679427],[144.17312187229098,-37.6912726165987],[144.16859342272292,-37.70143479650192],[144.16664651209243,-37.701971556308635],[144.1619869920362,-37.71015598662528],[144.16620501258816,-37.71051100635142],[144.16529002187747,-37.71451599645074],[144.1591049926872,-37.717283006876144],[144.15564100271334,-37.721679996253044],[144.15192402200267,-37.72344500624224],[144.15419304244284,-37.726713986295195],[144.18051516248775,-37.72952532654656],[144.17949889211863,-37.73794498690358],[144.18297614212443,-37.744496006427454],[144.17016143205132,-37.743158976352696],[144.1645310119377,-37.75990398643897],[144.1711999626732,-37.76243463655781],[144.17376354249168,-37.76565312629359],[144.18025035261678,-37.770798006909],[144.1903412521708,-37.777852006885034],[144.18651500218562,-37.77879899643501],[144.1829180319053,-37.78357899629457],[144.17650399250473,-37.78747300660909],[144.17323600234948,-37.79265999658808],[144.17638982202203,-37.80287948653215],[144.21827288191363,-37.80700530634912],[144.21690289271487,-37.80958179654268],[144.22244578278386,-37.81020104691366],[144.21749806252322,-37.819039846582825],[144.21128824252602,-37.82218788671786],[144.21067628230676,-37.8249939064483],[144.2185859025693,-37.830029216449674],[144.22492015270805,-37.83236789667346],[144.22897307279226,-37.832836886293904],[144.23139109229703,-37.836109896320785],[144.23225223259973,-37.84516094688851],[144.23381023200096,-37.84839096655762],[144.23346337270684,-37.856598016821486],[144.2325534323246,-37.860951046343764],[144.2342113324703,-37.86665947684507],[144.2365207627252,-37.86994111648833],[144.24412608227854,-37.871818836373315],[144.24310543262243,-37.8748309866204],[144.240758482433,-37.876545006209014],[144.23331902242384,-37.885531996814635],[144.23213875202313,-37.887823106320425],[144.22815591220922,-37.89049115653394],[144.22379328265947,-37.89732842633534],[144.21767720276054,-37.898755326519556],[144.21343134251958,-37.90144739627865],[144.2121764724245,-37.910623486169136],[144.20810124268016,-37.912826686564415],[144.2067876119857,-37.916259566577956],[144.20251988225917,-37.938257806746684],[144.23683437267573,-37.94238251672188],[144.23501200267967,-37.944091006812954],[144.23480300244228,-37.947460006253266],[144.23733201239367,-37.949153996202156],[144.23512500265753,-37.95431299631052],[144.2363200126154,-37.966424006609635],[144.24031702245466,-37.97030398673661],[144.24151998250272,-37.97401399636129],[144.2398190126308,-37.97657498642328],[144.2418280121187,-37.978240986689016],[144.24014299273298,-37.98334598666635],[144.24354599248886,-37.98360498615238],[144.24736101263468,-37.98693598682187],[144.24544100205546,-37.99328098660572],[144.24682000225488,-37.997060996752204],[144.24358001258702,-37.999622996807446],[144.24274901255873,-38.00445298638677],[144.24074002205393,-38.00805999626113],[144.24495500270694,-38.011932006774586],[144.247081672514,-38.01847571622097],[144.25174801257987,-38.020955746243686],[144.24968700243357,-38.025284676735986],[144.25143587227313,-38.03166700662515],[144.25389684202824,-38.03383413650273],[144.25835258285557,-38.03531931629488],[144.26049097208372,-38.04090775609741],[144.2610295327578,-38.04759989646615],[144.2630984220274,-38.050387106735755],[144.26263151277703,-38.05539777662906],[144.25831513209138,-38.05980326662423],[144.2554820028904,-38.05869199659438],[144.25062199233747,-38.05997198612748],[144.24520802218987,-38.055526996086186],[144.2428770224867,-38.05776399670816],[144.24026599275663,-38.05544700655152],[144.2403700221581,-38.05170398652218],[144.2374619923271,-38.051135006668154],[144.2330039922369,-38.04079799647361],[144.2268969925088,-38.03929300663174],[144.21784302277882,-38.04119498678812],[144.21638802241148,-38.04002099635972],[144.21638101285725,-38.0360249966433],[144.21504099235472,-38.03401299638126],[144.21134500257725,-38.03258100627152],[144.2149260124899,-38.02854600635976],[144.20893702264414,-38.02315798643447],[144.203830012219,-38.022939006135104],[144.1995540027205,-38.01916198675813],[144.19278701254984,-38.02043898674063],[144.1897295928871,-38.018893816482354],[144.19331396249888,-37.99977036643703],[144.1969682722438,-37.998819356619755],[144.1939929020041,-37.996224056326106],[144.19533967244774,-37.9888796566634],[144.17718946276204,-37.98670455628026],[144.17838396247683,-37.97963305632811],[144.1659863428851,-37.97811814677114],[144.1599600424123,-37.98506896671518],[144.14412400249302,-37.98940000651876],[144.14553400265447,-37.991189986621826],[144.14024500253595,-37.993281986226805],[144.13997501208067,-37.995635006261615],[144.13472701286835,-37.99903199619266],[144.13414301271226,-38.00260398678341],[144.11333410239934,-38.000157036609494],[144.1109879921347,-38.012749016496095],[144.09970705210304,-38.01147102611835],[144.09716475247535,-38.009767856465686],[144.0926210126828,-38.03361198641507],[144.1009890324551,-38.035958976594934],[144.0956310228581,-38.064296996696285],[144.09377901294926,-38.065482996624056],[144.0869940223369,-38.06376099626186],[144.0879290122409,-38.05876299615213],[144.08058597290264,-38.05951699660973],[144.07833699207987,-38.057646006454135],[144.0629800129218,-38.059319996429416],[144.0545810722391,-38.0617408463607],[144.04601576266745,-38.05156381637716],[144.01575051283575,-38.04821853614979],[144.01714116238773,-38.05267483671245],[144.00570823279983,-38.054705486444746],[144.0011213828568,-38.054905806623935],[143.9964507425557,-38.047760746456056],[143.9878676526297,-38.04910779633492],[143.98458531278604,-38.04676981647286],[143.97729400293352,-38.04573899608906],[143.97887102236422,-38.04839999601696],[143.91897299235632,-38.04187898646916],[143.91960889267799,-38.03767343661416],[143.88486659218378,-38.033522376320946],[143.85690686224058,-38.03033600667322],[143.8576351426111,-38.05004392646465],[143.85679487286737,-38.05299206609292],[143.85800018290823,-38.05977995598755],[143.82315403267563,-38.05579198643667],[143.82971461245188,-38.02236308630301],[143.76813940265572,-38.019762036426286],[143.7642044825722,-38.02010706626374],[143.7487077929296,-38.02468225639438],[143.73557596228986,-38.027397396380536],[143.72241213276138,-38.02663349659328],[143.70787443241377,-38.02698763654674],[143.67240892253886,-38.029400186408154],[143.66239755263354,-38.02712385639363],[143.62933487265025,-38.02342370606166],[143.62876466253212,-38.02165958630889],[143.63265111221776,-38.01633378632953],[143.6337742928855,-38.01249129621073],[143.6381442122638,-38.01170624647597],[143.64448616276113,-38.01172617654311],[143.6467921228241,-38.013154146550654],[143.6550089723038,-38.011984066551385],[143.65624756223096,-38.00748935655417],[143.6540180622734,-38.00583503631903],[143.65363704274395,-37.999338366016076],[143.6496437627098,-37.99338292594086],[143.64708777275717,-37.99228794622905],[143.64833469276198,-37.988519885995565],[143.64311573248958,-37.986899896095565],[143.64025377275786,-37.984482906304315],[143.63452188254305,-37.985482946345066],[143.62970487254614,-37.9811779161642],[143.6221306823123,-37.98206306627553],[143.62441525259004,-37.97819100599209],[143.62191190301476,-37.97340786611592],[143.6188745121896,-37.97095472640326],[143.6192774425271,-37.96601977633822],[143.6123080924657,-37.95989444646059],[143.60823538249576,-37.95861742624871],[143.59731659288093,-37.96218629641502],[143.5934498225882,-37.954668866072154],[143.4794104624588,-37.94084998660359],[143.47721988290922,-37.93765022653748],[143.4796272025806,-37.93580899648485],[143.48082564230626,-37.93087070638118],[143.47711727284593,-37.92436604629322],[143.47252225272535,-37.92355100597466],[143.46874691296225,-37.92070286626537],[143.46266977233597,-37.91431610618951],[143.4608352122015,-37.9142943360819],[143.457533272915,-37.91032667635498],[143.45072894247295,-37.90789568632266],[143.44848397262786,-37.91015495601258],[143.44277508287757,-37.90566935640378],[143.44393034238408,-37.90093139641375],[143.44651980266588,-37.9004999365029],[143.4460291329762,-37.89326277634595],[143.4438359923298,-37.88742383610584],[143.44550641229557,-37.88318672651682],[143.45111953265342,-37.88126152644178],[143.45246412288586,-37.87785242647466],[143.45240615280395,-37.87327313646274],[143.44764155231732,-37.868595646154624],[143.44536782290845,-37.863805946630876],[143.44055314224312,-37.85943139655217],[143.44085233243672,-37.857326676402096],[143.4438579624267,-37.85499576613376],[143.44448474305156,-37.851043846265895],[143.4415777328084,-37.84541265651897],[143.4437294530354,-37.844425156251674],[143.44164289300588,-37.84063652631326],[143.44538220224118,-37.839410276362514],[143.4453307422502,-37.835103066122265],[143.44743635285195,-37.830958006606885],[143.4459837626645,-37.8277649164463],[143.44621451291152,-37.82296034643506],[143.44779675245238,-37.821400286641435],[143.44589988247483,-37.81152585618775],[143.44062877230522,-37.80632122641363],[143.4423769423571,-37.79957906619622],[143.44113780266093,-37.79440127623913],[143.44207019284042,-37.78843048619388],[143.44071192216452,-37.784849476087665],[143.44815387230372,-37.746034996120905],[143.46004429230624,-37.68456284607889],[143.46057387252236,-37.68312941620754],[143.46514765287634,-37.65499712654637],[143.467176242824,-37.653737136410726],[143.47322137288342,-37.65361417637111],[143.47744815290775,-37.65173272610453],[143.4768811228257,-37.6487807462918],[143.4829338023268,-37.64597615645934],[143.48972123276343,-37.646810826509835],[143.48790686226494,-37.6551288860853],[143.49986929211897,-37.65679640665152],[143.49482642230348,-37.660878536557526],[143.5296110325492,-37.66566959634288],[143.53338637231232,-37.6640829067338],[143.53653818245357,-37.648311566372094],[143.58663647216244,-37.65372443630545],[143.58734892242094,-37.6500829362885],[143.59604471228758,-37.64633912616431],[143.59530311259635,-37.64430818663921],[143.64196452258832,-37.650303436607565],[143.64221258247255,-37.64622879622817],[143.65164133203402,-37.64705282631469],[143.65272600282384,-37.630637906629985],[143.65262950220276,-37.62418815635461],[143.6621882227145,-37.57240728671533],[143.66855882228288,-37.53844263648538],[143.64881349211348,-37.5362214362889],[143.6494534824646,-37.53304653678271],[143.63633166265038,-37.533403646378176],[143.63242970265307,-37.5326576865683],[143.62540874258193,-37.52947873638159],[143.62203374241506,-37.525151736352036],[143.60605111271275,-37.53492485673849],[143.59929110245184,-37.52795189657518],[143.59499855227403,-37.52726731647322],[143.60053428277018,-37.52066700655955],[143.60941262198065,-37.5072652663835],[143.61172201270972,-37.50190559619918],[143.61326749229076,-37.50083333676448],[143.61827256279574,-37.47624631639667],[143.62027057229452,-37.47379543651068],[143.62149671247022,-37.467720886684525],[143.61693275249897,-37.46665478666408],[143.60923786192865,-37.46714243685428],[143.60953551240985,-37.4658173169157],[143.61656268253455,-37.46464679675086],[143.62000963236576,-37.4649617863692],[143.62283728274176,-37.45160579638499],[143.61984425252194,-37.44786481670386],[143.6212411723146,-37.4458778265629],[143.62312538233488,-37.437029816597665],[143.6243896622826,-37.43719235627469],[143.62987821236166,-37.411179596471854],[143.6269910620728,-37.4067078866262],[143.62831298242077,-37.40080572627387],[143.6322132221443,-37.39976765637617],[143.63650299203633,-37.37975867637895],[143.63920764238867,-37.36526067649184],[143.64805685192945,-37.321695316658875],[143.65501962183143,-37.286295796407636],[143.66254731257118,-37.248686806423294],[143.66512885240718,-37.236655096521595],[143.6688918924374,-37.23567670667032],[143.67178572259868,-37.2332366864812],[143.67666365184658,-37.23424863706175],[143.68083954231003,-37.2340485967889],[143.68422539232884,-37.232448546595684],[143.68702622260375,-37.22896153691789],[143.69048018198913,-37.22962550662424],[143.69183721209163,-37.2322224764974],[143.694936212074,-37.23196841655841],[143.7030520217454,-37.229680296497115],[143.70436003257947,-37.23078125680194],[143.7139148624877,-37.23028154696868],[143.71611519235137,-37.22552134644003],[143.71952834217166,-37.22390657665154],[143.72023534235143,-37.221755216850745],[143.72422209253182,-37.22109614656577],[143.72279640239552,-37.21770595701049],[143.72701124201308,-37.21367089665282],[143.72983619205337,-37.21941936700819],[143.73261121193346,-37.21456581698607],[143.7345692221476,-37.21610677690984],[143.74430706223538,-37.22111864670874],[143.74799600203445,-37.22422399691225],[143.75330500224447,-37.230950986662656],[143.7596330423296,-37.23197679692955],[143.76628403214931,-37.22823394695085],[143.82019118225608,-37.23522028679759],[143.8220610021638,-37.22594499684555],[143.8350540125494,-37.227292007022264],[143.8369922418609,-37.23284627700955],[143.8584369321213,-37.23534705678399],[143.86027183181895,-37.234298026602566],[143.86709860217675,-37.19580598669356],[143.86792759177547,-37.19410298687252],[143.87500202226727,-37.18640198673703],[143.9059964022758,-37.19007372693993],[143.90615543192888,-37.18929649679993],[143.94941140234056,-37.194460056582095],[143.94781240203315,-37.19672208712691],[143.94914250244005,-37.20142208717188],[143.95114252236837,-37.20269307666423],[143.95618671180904,-37.21367504671937],[143.95563979231127,-37.21597505703046],[143.95838478240978,-37.217989036551046],[143.95886785235214,-37.2204950267304],[143.9705748624248,-37.228180907002624],[143.97464976248742,-37.227831866962745],[143.97623579202036,-37.229587857070754],[143.98105766190298,-37.22928478670724],[143.9828416720398,-37.23127179682786],[143.99194653222895,-37.233213706464866],[143.99343653185812,-37.23646269656425],[143.99654848195357,-37.23524267687689],[143.9977791523332,-37.23884405666584],[144.00052950178076,-37.24132366662601],[143.99497862209563,-37.24429274711766],[144.00134462228976,-37.25083972671938],[144.00278465223295,-37.25548073691285],[144.00689262197608,-37.25820872689222],[144.01016659221614,-37.25809168696776],[144.01715755215005,-37.26317865685163],[144.02901739170372,-37.26174751646924],[144.03760229173503,-37.263917457034346],[144.04223517225154,-37.25587035704268],[144.05100203233184,-37.25047520693838],[144.06269980233353,-37.252110086672424],[144.06433971191896,-37.24423900692706],[144.0618147219285,-37.24106799681425],[144.0607777121544,-37.23605095671706],[144.0643585522854,-37.22978687706952],[144.0660714616658,-37.22487680674899],[144.06512735206513,-37.21722881707412],[144.0675341920362,-37.21041778664516],[144.06008319226885,-37.207729806916824],[144.06119608183673,-37.20198278707075],[144.06400906182586,-37.202348787031966],[144.06589483221973,-37.19291071715674],[144.06592775188162,-37.188759706726785],[144.06769859181807,-37.17520510718533],[144.06998816211865,-37.16299358658576],[144.07194806238815,-37.15988157694113],[144.0743411123212,-37.14765976705466],[144.1223409923236,-37.15330199706677],[144.12140604194556,-37.15883099713965],[144.14710248180182,-37.161685007175635],[144.1569883624518,-37.160902827251796],[144.15663737180572,-37.16285985688167],[144.16426127211238,-37.16300772675765],[144.17328119209986,-37.164062576694775],[144.1805661517616,-37.166649486772656],[144.1851885821764,-37.167107227012586],[144.1904460119026,-37.1661393467097],[144.1851475624056,-37.19535761695503],[144.27531595186255,-37.20554523670931],[144.2766299921888,-37.20906324693344],[144.28101495205988,-37.20757318717546],[144.2842519215918,-37.208014176658246],[144.2921618418917,-37.16357004700636],[144.32775660226798,-37.166871396682566],[144.33122264219733,-37.169598366761534],[144.3334996217109,-37.16919034721831],[144.33781450221002,-37.165796337159044],[144.34284351191906,-37.169110296964135],[144.34529551199608,-37.16974727714338],[144.37447021156444,-37.17317635666088],[144.3783726117363,-37.17767106698554],[144.37553762212443,-37.18088279708838],[144.36298691164197,-37.179400056952076],[144.3603326316242,-37.19404753714487],[144.37534968199054,-37.19581865665908],[144.3745850423089,-37.19769209725135],[144.3761226023425,-37.20224159670865],[144.36836029231176,-37.20673916710841],[144.36137266153432,-37.20814046723318],[144.35742814205372,-37.2112957770471],[144.356759281646,-37.21464458715184],[144.35249761195433,-37.218467877097005],[144.3478773321064,-37.22373772721802],[144.34398647169272,-37.22622579660525],[144.343150911816,-37.23107634693672],[144.34087787231323,-37.23416225678266],[144.34117020207302,-37.236407586923875],[144.33779881223532,-37.242521097005586],[144.33796908160915,-37.2454715669494],[144.3359753822272,-37.247838847082114],[144.33302811218792,-37.25379926710846],[144.33353710211946,-37.25687788680222],[144.32798053160704,-37.25542204682684],[144.32509838223942,-37.25798570696476],[144.32355289187853,-37.263345936601084],[144.32080682200504,-37.26782217677763],[144.31968397191733,-37.273158717043756],[144.3213989923386,-37.277184316867476],[144.3177932320433,-37.28239982703359],[144.3153124724024,-37.28256480689467],[144.3142155423039,-37.287232116650245],[144.3122182622372,-37.288358356812225],[144.31039954209612,-37.29278592693044],[144.31613113227365,-37.29820490695531],[144.33024455202437,-37.30226075654317],[144.34033538240814,-37.30966758671759],[144.3604089515924,-37.31838317672135],[144.36909252167627,-37.32009048672193],[144.37360655238572,-37.3260691869085],[144.3802597017553,-37.32975090665451],[144.39495708213624,-37.332105126768916],[144.39162350238888,-37.35029942660806],[144.39276467182015,-37.35814905699854],[144.40360356168034,-37.35937547672974],[144.40575170212094,-37.35897244694037],[144.41903135233733,-37.3605074871202],[144.41525841197435,-37.38248317655586]]]},"properties":{"name":"Ballarat","ced_code_2021":"202"}},{"type":"Feature","geometry":{"type":"Polygon","coordinates":[[[144.41525841197435,-37.38248317655586],[144.41903135233733,-37.3605074871202],[144.40575170212094,-37.35897244694037],[144.40360356168034,-37.35937547672974],[144.39276467182015,-37.35814905699854],[144.39162350238888,-37.35029942660806],[144.39495708213624,-37.332105126768916],[144.3802597017553,-37.32975090665451],[144.37360655238572,-37.3260691869085],[144.36909252167627,-37.32009048672193],[144.3604089515924,-37.31838317672135],[144.34033538240814,-37.30966758671759],[144.33024455202437,-37.30226075654317],[144.31613113227365,-37.29820490695531],[144.31039954209612,-37.29278592693044],[144.3122182622372,-37.288358356812225],[144.3142155423039,-37.287232116650245],[144.3153124724024,-37.28256480689467],[144.3177932320433,-37.28239982703359],[144.3213989923386,-37.277184316867476],[144.31968397191733,-37.273158717043756],[144.32080682200504,-37.26782217677763],[144.32355289187853,-37.263345936601084],[144.32509838223942,-37.25798570696476],[144.32798053160704,-37.25542204682684],[144.33353710211946,-37.25687788680222],[144.33302811218792,-37.25379926710846],[144.3359753822272,-37.247838847082114],[144.33796908160915,-37.2454715669494],[144.33779881223532,-37.242521097005586],[144.34117020207302,-37.236407586923875],[144.34087787231323,-37.23416225678266],[144.343150911816,-37.23107634693672],[144.34398647169272,-37.22622579660525],[144.3478773321064,-37.22373772721802],[144.35249761195433,-37.218467877097005],[144.356759281646,-37.21464458715184],[144.35742814205372,-37.2112957770471],[144.36137266153432,-37.20814046723318],[144.36836029231176,-37.20673916710841],[144.3761226023425,-37.20224159670865],[144.3745850423089,-37.19769209725135],[144.37534968199054,-37.19581865665908],[144.3603326316242,-37.19404753714487],[144.36298691164197,-37.179400056952076],[144.37553762212443,-37.18088279708838],[144.3783726117363,-37.17767106698554],[144.37447021156444,-37.17317635666088],[144.34529551199608,-37.16974727714338],[144.34284351191906,-37.169110296964135],[144.33781450221002,-37.165796337159044],[144.3334996217109,-37.16919034721831],[144.33122264219733,-37.169598366761534],[144.32775660226798,-37.166871396682566],[144.2921618418917,-37.16357004700636],[144.2842519215918,-37.208014176658246],[144.28101495205988,-37.20757318717546],[144.2766299921888,-37.20906324693344],[144.27531595186255,-37.20554523670931],[144.1851475624056,-37.19535761695503],[144.1904460119026,-37.1661393467097],[144.1851885821764,-37.167107227012586],[144.1805661517616,-37.166649486772656],[144.17328119209986,-37.164062576694775],[144.16426127211238,-37.16300772675765],[144.15663737180572,-37.16285985688167],[144.1569883624518,-37.160902827251796],[144.14710248180182,-37.161685007175635],[144.12140604194556,-37.15883099713965],[144.1223409923236,-37.15330199706677],[144.0743411123212,-37.14765976705466],[144.07194806238815,-37.15988157694113],[144.06998816211865,-37.16299358658576],[144.06769859181807,-37.17520510718533],[144.06592775188162,-37.188759706726785],[144.06589483221973,-37.19291071715674],[144.06400906182586,-37.202348787031966],[144.06119608183673,-37.20198278707075],[144.06008319226885,-37.207729806916824],[144.0675341920362,-37.21041778664516],[144.06512735206513,-37.21722881707412],[144.0660714616658,-37.22487680674899],[144.0643585522854,-37.22978687706952],[144.0607777121544,-37.23605095671706],[144.0618147219285,-37.24106799681425],[144.06433971191896,-37.24423900692706],[144.06269980233353,-37.252110086672424],[144.05100203233184,-37.25047520693838],[144.04223517225154,-37.25587035704268],[144.03760229173503,-37.263917457034346],[144.02901739170372,-37.26174751646924],[144.01715755215005,-37.26317865685163],[144.01016659221614,-37.25809168696776],[144.00689262197608,-37.25820872689222],[144.00278465223295,-37.25548073691285],[144.00134462228976,-37.25083972671938],[143.99497862209563,-37.24429274711766],[144.00052950178076,-37.24132366662601],[143.9977791523332,-37.23884405666584],[143.99654848195357,-37.23524267687689],[143.99343653185812,-37.23646269656425],[143.99194653222895,-37.233213706464866],[143.9828416720398,-37.23127179682786],[143.98105766190298,-37.22928478670724],[143.97623579202036,-37.229587857070754],[143.97464976248742,-37.227831866962745],[143.9705748624248,-37.228180907002624],[143.95886785235214,-37.2204950267304],[143.95838478240978,-37.217989036551046],[143.95563979231127,-37.21597505703046],[143.95618671180904,-37.21367504671937],[143.95114252236837,-37.20269307666423],[143.94914250244005,-37.20142208717188],[143.94781240203315,-37.19672208712691],[143.94941140234056,-37.194460056582095],[143.95158278219756,-37.190965536489244],[143.9550162617911,-37.188436976752186],[143.95420622215326,-37.18588300697919],[143.95997734179662,-37.18130092662568],[143.96256705181005,-37.17670284672665],[143.96166806189117,-37.17323785652717],[143.95946729185303,-37.173098956904646],[143.9589150121079,-37.16859888716105],[143.96111596180913,-37.16432081689286],[143.96355989231995,-37.16351079715974],[143.96347583246722,-37.158104777162826],[143.96167368175156,-37.155353757186866],[143.962829641944,-37.153782806597036],[143.9629488124496,-37.14872670706884],[143.9615044723897,-37.14605676679767],[143.958675611983,-37.14455582706971],[143.955244461721,-37.14012584656754],[143.96004341198747,-37.13481475714303],[143.96035348167746,-37.13166635659501],[143.96288132202235,-37.129319706840505],[143.9612212623267,-37.12516669714446],[143.96180187224095,-37.11618224698177],[143.9651174623265,-37.110365267092675],[143.96347225178255,-37.10765969722538],[143.96580362248997,-37.10439413684797],[143.96457959245686,-37.10109473716854],[143.96993137223734,-37.09700593688749],[143.96994469245635,-37.092609897080074],[143.97473451224624,-37.09334204674282],[143.97900625205216,-37.09958724683099],[143.98201115171187,-37.09615869687465],[143.98117453182314,-37.093420087029436],[143.98535736177212,-37.08745930665688],[143.98839632195416,-37.085806277063604],[143.99357224214472,-37.085054196972784],[143.99915301237255,-37.07896410666207],[144.00751783234583,-37.078094977224715],[144.01205273181765,-37.07682491708838],[144.0137836317582,-37.07401687663337],[144.0125875716698,-37.06675884710081],[144.010680592052,-37.063484846865094],[144.006414581701,-37.05903287703531],[143.99971668185714,-37.057330946916075],[143.99189477220057,-37.05431402694639],[143.99024668165785,-37.04854698717973],[143.98771669164444,-37.04555897719093],[143.98394667170447,-37.043048027237944],[143.9816997022096,-37.03739000727179],[143.97542465194638,-37.0328130270274],[143.973444641991,-37.029378046853],[143.95861885193182,-37.027875197088214],[143.899529002049,-37.02110698674081],[143.8956988021715,-37.02357274685898],[143.89969741191027,-37.000555506674644],[143.89112699182303,-37.00029099658914],[143.88231764232805,-36.99849863717055],[143.88424441183147,-36.98632550675448],[143.84839283209857,-36.98264086694518],[143.8337711518484,-36.98053896656788],[143.83588530183522,-36.978634516838284],[143.83401387214653,-36.97335003700914],[143.83699581176586,-36.97157397671926],[143.83462791196578,-36.96865042673418],[143.8371273619544,-36.96295210727432],[143.84138041231083,-36.961876976892384],[143.84560719233517,-36.96292539667489],[143.8472286217786,-36.95972058717505],[143.8466011216032,-36.95763996684495],[143.85232475180896,-36.956989267016155],[143.8570692821355,-36.95285451716672],[143.85969516191557,-36.948891446928826],[143.85579817229666,-36.94734950685983],[143.8556751318488,-36.94409646668567],[143.85139806233832,-36.93624447675291],[143.84863709210916,-36.93461151727336],[143.85001898218889,-36.93114847663296],[143.8466469617338,-36.92786051696965],[143.854158772056,-36.922276306962694],[143.85669968198994,-36.9171131966741],[143.85888161166162,-36.91567315700748],[143.8630485620914,-36.915400057147544],[143.86328147188837,-36.90956199667331],[143.8672093815193,-36.90665888714218],[143.865538341716,-36.903942876853314],[143.86639525185203,-36.90125577714685],[143.8764301917537,-36.902255717254114],[143.87776201153608,-36.894427997233144],[143.88806603189968,-36.895489986941534],[143.89209588234908,-36.893929516760984],[143.89002586210054,-36.89056852696321],[143.89169876231483,-36.88190144685878],[143.9372411319742,-36.88747201697446],[143.99385931226848,-36.89412348724908],[144.02538396150098,-36.89801122736454],[144.02729484160372,-36.890662047111306],[144.03025802170492,-36.89101935713703],[144.0314262016802,-36.885341966837274],[144.0331095816406,-36.88548291692706],[144.04951261211608,-36.799059147369036],[144.0466433814205,-36.79869824738181],[144.04793650178044,-36.79224894685969],[144.05932403141216,-36.781550357007745],[144.06231243171504,-36.76668928684088],[144.07127931157487,-36.76643946679349],[144.0756547115747,-36.743137916951895],[144.0677426119619,-36.73461067723623],[144.06824879196324,-36.73180539678658],[144.05983992220175,-36.73075192678516],[144.06206722218516,-36.71940959701025],[144.06872077220342,-36.72022787714193],[144.06869486209567,-36.66200526743132],[144.12580670167284,-36.662021197083206],[144.1258819221032,-36.647313307270686],[144.14049072141054,-36.64731167695525],[144.1403971421108,-36.61843598729107],[144.18472825128887,-36.6184810771323],[144.1816783415419,-36.61084782713515],[144.1743656419041,-36.58231826720122],[144.1694315014756,-36.57475574698743],[144.1626440315131,-36.565572427283335],[144.17045711162874,-36.52442603690605],[144.1993381016251,-36.5244920074299],[144.19933704161312,-36.51638571709231],[144.2044731412837,-36.51637111753365],[144.20701657189036,-36.50430203744562],[144.2096690615658,-36.4875201872368],[144.26636112200396,-36.48715793729142],[144.3021498115821,-36.48720797744159],[144.343752471341,-36.48709566746684],[144.34388029172445,-36.40788432732419],[144.34409374131744,-36.38521971710404],[144.35832130190641,-36.385183257678804],[144.3589970613755,-36.39442418743476],[144.3625347518302,-36.39671792744717],[144.3683707316337,-36.39567321742653],[144.36947088129415,-36.39894245735627],[144.36939887144268,-36.40784939750035],[144.39075407153442,-36.40778235741197],[144.39975409114336,-36.4075230573037],[144.41570207192683,-36.396324267093206],[144.4292449213349,-36.41090093777201],[144.4300992110853,-36.40668587706322],[144.4797857112713,-36.40666391707759],[144.505004431551,-36.406867397716944],[144.57639277103561,-36.40680151717231],[144.66817764111713,-36.40659263781623],[144.6652738917584,-36.41083784761062],[144.669052441202,-36.4127044475699],[144.67018861150873,-36.41865380714701],[144.67195474157813,-36.41885595737818],[144.67426128105447,-36.42550028780095],[144.66925870157777,-36.424316967663856],[144.66551760110173,-36.42772220760992],[144.66655945189692,-36.42906806778874],[144.66447359165494,-36.43275986714726],[144.6614503313292,-36.43273970766061],[144.65979002190196,-36.435071707720944],[144.65918448104367,-36.43914410731621],[144.6631855413865,-36.441650687741955],[144.67193065145716,-36.443104457143804],[144.67373459161684,-36.447265977275116],[144.6700741113443,-36.44893565728283],[144.66984588177002,-36.45188908729675],[144.67154652106194,-36.457117817201535],[144.6699758518219,-36.45863198772418],[144.66130670149502,-36.45918970780562],[144.65923489180244,-36.463761727494564],[144.6572746914957,-36.463349437385666],[144.65351487192575,-36.46545839744387],[144.65352636137823,-36.47120984748874],[144.65474386155753,-36.47264220729515],[144.64884418131894,-36.47416562710966],[144.64830351140057,-36.47237813727415],[144.64308849113897,-36.47245886763022],[144.63892403173753,-36.47459591709696],[144.63385885136358,-36.48063392716798],[144.62985491192026,-36.4778516776516],[144.6238231416057,-36.47857445708322],[144.62153747179008,-36.48232070742501],[144.6232446112913,-36.48468464751276],[144.6239224512587,-36.489730587466944],[144.62344909120623,-36.4943039277025],[144.619638121564,-36.492734867445215],[144.6117923014495,-36.49748966756567],[144.61274338107845,-36.50234191715761],[144.62141903161475,-36.5017822271945],[144.62349840152876,-36.50395922712425],[144.61953012160896,-36.50905736776322],[144.615911401319,-36.5092401673849],[144.61141069172692,-36.51285491750813],[144.61025474141596,-36.516765687289194],[144.61291332166897,-36.52072675728706],[144.61786152162998,-36.5198295671428],[144.62643855152112,-36.52490995732138],[144.62464753183016,-36.52838901744362],[144.61862722132366,-36.52723341750342],[144.61345079178832,-36.528687087631425],[144.60876722113696,-36.52878887769682],[144.61006643117625,-36.53264808720313],[144.6163102712715,-36.534518457130254],[144.61710984194292,-36.538408267679024],[144.61512698163313,-36.54267741730594],[144.6080436012262,-36.54522493767824],[144.60640201179115,-36.54716147707459],[144.60888599189227,-36.55003652709537],[144.60934067147838,-36.5529467676393],[144.61175952192482,-36.5537394871642],[144.60886872178094,-36.55713320745848],[144.60535260167288,-36.55459466741633],[144.60183141147334,-36.55448729720764],[144.59576581150344,-36.55655089730207],[144.58721904136263,-36.557899387029536],[144.58684251161299,-36.56204846716523],[144.59401406166512,-36.56682755712035],[144.59671762146277,-36.57003641724746],[144.59815944174824,-36.57515642717721],[144.595015181947,-36.57892283706398],[144.58879909170915,-36.584009907470204],[144.58533622193448,-36.582984177161734],[144.58341169193102,-36.58523849743869],[144.58988953147974,-36.59418035745015],[144.5868180118603,-36.59796207705061],[144.5812811818262,-36.596830857246225],[144.57740689173622,-36.599227477337884],[144.57896748187875,-36.60248915725907],[144.57490127121991,-36.60650792763215],[144.57109035188333,-36.60792876718578],[144.57009098151968,-36.61196651756919],[144.56326931179598,-36.612816927101235],[144.56038643119965,-36.61692020718016],[144.56341151151216,-36.61852715761489],[144.56364478153358,-36.62105795699798],[144.55958040164134,-36.62431585730226],[144.56015027129797,-36.62704475734165],[144.5564008515241,-36.62787022750389],[144.5507643417312,-36.63079901721313],[144.54839808135642,-36.63337741722738],[144.54560126116095,-36.64027088760514],[144.5437929417142,-36.64171296732457],[144.54588816150314,-36.64654244747104],[144.53970155127797,-36.64912112710781],[144.53739106190932,-36.6555072474395],[144.52971336150028,-36.659425047631224],[144.52612738120922,-36.65950010741547],[144.52514750159224,-36.662955827210915],[144.52874640145376,-36.66584736707896],[144.5283334818502,-36.67042124759551],[144.53102229131085,-36.672278037388956],[144.52979293157318,-36.67954453745703],[144.5319176313748,-36.686044607532494],[144.53448552131002,-36.68760737764546],[144.53305486169356,-36.691410427133775],[144.5286160612959,-36.68977979734063],[144.52472845188524,-36.68996105705282],[144.52244891127472,-36.693603447505346],[144.52506432208847,-36.697372197127926],[144.52656411155763,-36.70228655702264],[144.52466366179365,-36.70698716705011],[144.51991417186846,-36.7110746973985],[144.5188834817424,-36.71439722739456],[144.52075152208755,-36.71599490758404],[144.51927622159133,-36.71910098715729],[144.5200985016732,-36.72529316724613],[144.6671055718941,-36.72540259720618],[144.6661648920612,-36.72585270749413],[144.66615912128378,-36.762611857290956],[144.67914075181142,-36.76122918755683],[144.715144311219,-36.761285957516286],[144.72295020121913,-36.76098842698925],[144.72882177137583,-36.75820444727721],[144.73450800202139,-36.758590657601566],[144.74089583127693,-36.75578588727486],[144.7503159713847,-36.757556727519756],[144.75284461123022,-36.75302343720296],[144.75741587180974,-36.75012065715345],[144.76284036122934,-36.74952413714303],[144.7669270813244,-36.74725738747843],[144.775123561505,-36.750608647414005],[144.79468526165726,-36.75072293717854],[144.79474139198948,-36.77067108705225],[144.7848061013039,-36.77065776754039],[144.78476653141394,-36.780526067581924],[144.79170262135202,-36.78003665743143],[144.79200506165034,-36.799703637099576],[144.7867501220541,-36.799701487075936],[144.787313541807,-36.80532981706402],[144.79422696186055,-36.82132459735941],[144.7985469618585,-36.832621307305175],[144.80361757165,-36.839857397569936],[144.81108000158102,-36.83984398727943],[144.8121765319292,-36.8434137476262],[144.82143936175942,-36.85549039726512],[144.83118891138687,-36.855469787461594],[144.83021545202928,-36.85969853706358],[144.84061730162227,-36.86750054750578],[144.8441816316167,-36.87221312709254],[144.84869497152172,-36.874911327635274],[144.85297933175906,-36.87503146752776],[144.8509125616152,-36.87945426760887],[144.85356322142238,-36.88025039745223],[144.84787131162756,-36.88514190694694],[144.83723616147049,-36.89272934708164],[144.82870271154871,-36.89636444738076],[144.8223858015899,-36.89970902722579],[144.8197095918994,-36.90341820691572],[144.81657650175038,-36.911632686986664],[144.80426662151078,-36.92588831725796],[144.80144531144404,-36.93789243713633],[144.80020658137965,-36.939435117157004],[144.80631613142475,-36.95564284756519],[144.80244034204662,-36.956614587161674],[144.79901748143803,-36.95578927699719],[144.7912674019699,-36.952030166978204],[144.7965727514266,-36.965539447337264],[144.78045442131915,-36.96960553742741],[144.7804558819798,-36.971274967331425],[144.77097278164868,-36.97126110715735],[144.76599290170088,-36.97363178748788],[144.76347684186268,-36.97021925722997],[144.754838651972,-36.964475457263944],[144.75345084199463,-36.96299388684487],[144.74851634134174,-36.96777080718679],[144.7494235113196,-36.97294904708124],[144.752340001484,-36.97646800715802],[144.74718273211533,-36.981180247493285],[144.7430700219624,-36.98388099701852],[144.74303400131615,-36.997718996875065],[144.71463802162322,-36.997955996845526],[144.71380703147636,-37.00213699729074],[144.72597901133668,-37.01882399721118],[144.72609501168765,-37.02573700748361],[144.72714099203822,-37.02975199692399],[144.72591298157008,-37.03185498741866],[144.72607697172015,-37.035971996890574],[144.7237346613292,-37.04102847741625],[144.72443199204318,-37.04524299694456],[144.72307602195272,-37.04889098700545],[144.72565500159013,-37.05415000695641],[144.7252040015034,-37.05709400739331],[144.72770801134044,-37.06016200699291],[144.72834800169156,-37.06669899747094],[144.72459803214875,-37.07042199737904],[144.72624400176915,-37.07330499732673],[144.72631003153577,-37.07720499698453],[144.72509001158207,-37.07956698684607],[144.72722198144925,-37.08403099695498],[144.7197470020537,-37.088013997064216],[144.7170190314366,-37.090246006965224],[144.71635699193678,-37.09700899710227],[144.71371001162905,-37.104873986963405],[144.71417199182346,-37.107712997348585],[144.71706100162498,-37.11106799693209],[144.71534700168985,-37.11549999735161],[144.71626300210693,-37.11797098688026],[144.72015500158443,-37.1209129871901],[144.72800498179694,-37.12561442695213],[144.73521756150137,-37.12651406714099],[144.7329740118928,-37.13353300743846],[144.7311325922228,-37.144451017260714],[144.72570869209804,-37.14388608723984],[144.7255129015869,-37.157879177363746],[144.72654337162578,-37.159626427226684],[144.7192550217221,-37.16050500685617],[144.71677199203847,-37.15961498686363],[144.71025101179663,-37.15954098743225],[144.71009476153102,-37.168790596896656],[144.71207463224758,-37.168832556735225],[144.7118074121966,-37.176440647035605],[144.7141381522867,-37.17648134718679],[144.71454162161342,-37.18357110732028],[144.7160911220537,-37.183584736932815],[144.71609795194485,-37.20879564704033],[144.71149402143502,-37.210108686794776],[144.7095340816397,-37.21241173688998],[144.7038114314959,-37.21295829729506],[144.70235205184147,-37.21446099695894],[144.69389029197097,-37.21950918712627],[144.69156506214688,-37.219484157024695],[144.68396254174394,-37.211197666776826],[144.67854708218962,-37.21029227684661],[144.67431220205634,-37.20744059670232],[144.66412855144927,-37.20748194695961],[144.65995587156462,-37.20827370682667],[144.65988382218728,-37.21446896720651],[144.65488657151684,-37.213795107380534],[144.64890492180524,-37.21770650712783],[144.64956024190667,-37.21995518723437],[144.6470490419541,-37.22189640687171],[144.63743917226842,-37.222746477117646],[144.62867333177593,-37.22886559683703],[144.62581841214111,-37.23005262725416],[144.62579049160382,-37.23308864727651],[144.62346157150043,-37.236730666759364],[144.61832668186054,-37.238605737024315],[144.6173717619337,-37.24091273713115],[144.60805890223043,-37.241056836967545],[144.60527898204035,-37.24391989671577],[144.60252699226916,-37.243911926720095],[144.59993808175633,-37.2403973668324],[144.59715069207468,-37.24056887722299],[144.59492269230364,-37.24274312720387],[144.5933731217947,-37.247579546724644],[144.59188640191468,-37.248058787168965],[144.59093102205046,-37.25357299719987],[144.5919350223311,-37.25483298696718],[144.59733198198052,-37.25546498669846],[144.5951249821258,-37.262936966738096],[144.59142891150006,-37.26606996709905],[144.58729500200474,-37.26569402666317],[144.58393802204256,-37.262405966849606],[144.57982717230058,-37.275313046641294],[144.56945613222692,-37.27356584715941],[144.56459554226063,-37.29949396690527],[144.56219292167648,-37.29804848661846],[144.54399278183064,-37.295815507270746],[144.54362994240594,-37.29791327688898],[144.49411517225454,-37.2922159370499],[144.49665710177632,-37.294794986919754],[144.49451904222988,-37.29809401691749],[144.49110914161594,-37.299801957050555],[144.49533518232673,-37.304390976788085],[144.49768596203418,-37.30452003694798],[144.5010054921306,-37.30708686681822],[144.4973479421624,-37.31020902698602],[144.49283497236334,-37.31651001698679],[144.48585492157025,-37.318181046634386],[144.4867448322166,-37.32304903705543],[144.48016512191805,-37.32993198658979],[144.48038858233653,-37.33282047705498],[144.47448178205101,-37.33463231702127],[144.46634184183446,-37.33567865668053],[144.46057035208526,-37.33859906676447],[144.45582696172082,-37.36484188673391],[144.44692899162646,-37.367591986737175],[144.44472782183797,-37.379435576653364],[144.4471110118626,-37.38242007718424],[144.44638795160213,-37.3860724768252],[144.41525841197435,-37.38248317655586]]]},"properties":{"name":"Bendigo","ced_code_2021":"203"}},{"type":"Feature","geometry":{"type":"Polygon","coordinates":[[[145.20564701214673,-37.92440099713277],[145.20647300227066,-37.93124099663184],[145.21150902243218,-37.93566099679598],[145.21565301192328,-37.93716699667421],[145.21825998216653,-37.936748006902974],[145.22002100172034,-37.93966898649172],[145.21937999178135,-37.94169799673889],[145.22579399165608,-37.949255006527274],[145.2291940018187,-37.95207599713348],[145.23374715236213,-37.94265760689785],[145.2439000725017,-37.94327250700097],[145.27962086202083,-37.94759632708116],[145.2820908616412,-37.950589276879136],[145.2823128820603,-37.95366327648281],[145.28720743193753,-37.95714103713646],[145.2890360021057,-37.962939346750964],[145.2931809420144,-37.96486811660526],[145.31699902167955,-37.96784398714669],[145.31893301184124,-37.96637199664483],[145.35796267204756,-37.97129394672915],[145.36099188191542,-37.97205406661467],[145.36044402188153,-37.975249006512676],[145.35445802162903,-37.9803700067305],[145.3520050019641,-37.989698996929754],[145.3501382417183,-37.99195416661584],[145.35089901235602,-37.99528599665921],[145.34983599186288,-38.00078799688651],[145.34698399175272,-38.000119996748374],[145.3471688219191,-37.99590175658409],[145.34147307182644,-38.00043728670675],[145.3399747124752,-38.004550446566725],[145.336487862174,-38.00476832662032],[145.33753355236877,-37.99982393697918],[145.33401094193275,-37.99939495672385],[145.33316352249764,-38.00346429693817],[145.33092800203102,-38.003188997087975],[145.32959608253572,-38.00849420672239],[145.33528501172043,-38.00901799674686],[145.33833199206126,-38.00745600667201],[145.34394310198954,-38.01123455649328],[145.34430799226809,-38.01486499646516],[145.34640685203044,-38.017962356755014],[145.34528998202762,-38.02345800684487],[145.34806800228083,-38.02758098682004],[145.34380177184252,-38.031137556481674],[145.3417304319688,-38.042608596773334],[145.33534443168318,-38.074511156919534],[145.29820320178237,-38.0699005568516],[145.301450051884,-38.05375967695855],[145.28634442224075,-38.035575907019854],[145.2885447925286,-38.02485025649829],[145.28675486249404,-38.02163443702223],[145.26090074225428,-38.01875200677367],[145.24898857224204,-38.01701090702398],[145.25185356199117,-38.003635346952386],[145.22553199171523,-38.00053398700909],[145.21876602203074,-37.99847898647712],[145.2138050120938,-37.99213298641411],[145.20681683244572,-37.9885591767592],[145.19305429195,-37.979033586701625],[145.19507796182484,-37.96754354653579],[145.18836203189497,-37.961524316959476],[145.19109997201514,-37.95981443680301],[145.19078063171142,-37.9546398865928],[145.19199024198753,-37.94913989675209],[145.19162195248396,-37.94613532679486],[145.1923607521265,-37.93834016652131],[145.1954857017424,-37.92312809715059],[145.20564701214673,-37.92440099713277]]]},"properties":{"name":"Bruce","ced_code_2021":"204"}},{"type":"Feature","geometry":{"type":"Polygon","coordinates":[[[144.95262481181786,-37.600342196961606],[144.95234869215744,-37.60682174712881],[144.94685401197484,-37.6069753866725],[144.95187134178846,-37.613181947065556],[144.95568625233983,-37.616315407102],[144.95549616163925,-37.62574838681889],[144.95903173206986,-37.62847286656112],[144.95743584172996,-37.63189799693903],[144.9585475221654,-37.63442015658967],[144.96550957161853,-37.63589480713931],[144.9702338718848,-37.64050515677642],[144.97157663224903,-37.64525930702872],[144.97444655195244,-37.646872466534596],[144.97627714243168,-37.650083026616784],[144.97456394199713,-37.65235797706722],[144.97476082216465,-37.659250986620364],[144.97234704180974,-37.66371802694252],[144.97498011170532,-37.664774006656536],[144.97592112211828,-37.667706017159155],[144.97413298242608,-37.668885026546455],[144.9762699523161,-37.671743956920125],[144.97438786232,-37.676024006819596],[144.9725130019652,-37.677362036838865],[144.9725130019652,-37.6811790368137],[144.9707000517032,-37.68769600716367],[144.9720608421535,-37.69099901703187],[144.9591829122439,-37.692165866957104],[144.94927009201692,-37.6923404868295],[144.93266139225707,-37.69383650688922],[144.91900276168695,-37.69469143668076],[144.9095918616502,-37.69401960653062],[144.9057470219285,-37.68887042656297],[144.9054341818342,-37.68120602655077],[144.90106272184516,-37.6807311868947],[144.89334863248058,-37.68097958702327],[144.88658821168957,-37.68050788691723],[144.88348801245638,-37.68217499660983],[144.88226810209716,-37.689121067118386],[144.87444634245924,-37.68403613707748],[144.86633574211814,-37.67792199670522],[144.86757609184505,-37.67104045655495],[144.8628110116581,-37.6704849969035],[144.85682001228096,-37.66352699678349],[144.85807901193147,-37.661937997126536],[144.85555499212148,-37.65906200662029],[144.85181699173148,-37.65899299699375],[144.84909201250423,-37.65639398665721],[144.84544201197775,-37.6547769971872],[144.84622001230264,-37.65141199662969],[144.8429983024525,-37.64503824688216],[144.83391805161057,-37.643988056739865],[144.8348400024681,-37.63612699700555],[144.83636318227065,-37.62960497670879],[144.81837613179334,-37.6276217371419],[144.8197293719037,-37.61997596714518],[144.81171970177633,-37.61348858687407],[144.8042889617136,-37.61366975707453],[144.80172684165746,-37.6097088570061],[144.80658795174827,-37.60889300656125],[144.80711387222797,-37.607278947115624],[144.81769391164073,-37.60118495718012],[144.80649684191718,-37.59860600694428],[144.81357010190416,-37.5976819871734],[144.81143785176263,-37.593056967115714],[144.81135612213976,-37.590562976617214],[144.80722801216797,-37.59041599711169],[144.81006515234668,-37.58691302696961],[144.8126841716929,-37.581683037163934],[144.81884592194086,-37.58171903656921],[144.82204201183913,-37.57880896653886],[144.81946690214394,-37.576272946948244],[144.8190298816397,-37.57277898716753],[144.83024389179286,-37.56522796707713],[144.83185598235056,-37.563172006788704],[144.82845217231423,-37.56122998654601],[144.83187288235604,-37.55602997663293],[144.8383730621075,-37.55340702723819],[144.8378200816765,-37.55590704654724],[144.84264516213793,-37.556182966868164],[144.84592692166984,-37.55781403703637],[144.84796091228893,-37.55647295667197],[144.84562991168744,-37.55336201656913],[144.84927889172775,-37.5525009866207],[144.8499081517028,-37.549331996550556],[144.85376412155085,-37.54751795699171],[144.85423391169837,-37.542313976610984],[144.85807514198925,-37.54117600724408],[144.85180608169233,-37.53792404703749],[144.85053599233964,-37.53588796704203],[144.852748912092,-37.532420016890505],[144.85683888229187,-37.529540986578034],[144.8559928821949,-37.52709399704241],[144.85914506154376,-37.52499698681637],[144.8622849717024,-37.52737802662966],[144.86539788209694,-37.52434898665895],[144.8682141822593,-37.520032947139775],[144.8679589017168,-37.517346986792376],[144.87050521232229,-37.51553580657397],[144.87153915165473,-37.51322696688017],[144.8672108323589,-37.51212303689815],[144.86898889205528,-37.50955397669165],[144.86685010217846,-37.508122987012],[144.86920202184803,-37.50322895664085],[144.87119864165302,-37.50472967684779],[144.87510556214735,-37.502160657225495],[144.87792803193915,-37.505421986962595],[144.88660299167097,-37.5047439972726],[144.89003100232102,-37.5039210070168],[144.9170575318045,-37.507355456651936],[144.9499406421557,-37.51122302678073],[144.97720526202028,-37.51372863680955],[144.9745416017943,-37.51590806715083],[144.9756820822178,-37.52159013661005],[144.97394004226933,-37.5241910272937],[144.97675022220977,-37.52881099661982],[144.974567882008,-37.53054403673945],[144.97214183156456,-37.53541943686138],[144.9686865615372,-37.53477737705777],[144.9607280316006,-37.539307436657985],[144.95945652201152,-37.542540956983025],[144.95508144181193,-37.54352654703447],[144.953101792081,-37.54799314664353],[144.9607449621488,-37.55659616711973],[144.9639475118322,-37.557336596988414],[144.96553621205655,-37.56023748673346],[144.9633016815334,-37.56699458723189],[144.9637495420082,-37.571347977240706],[144.96534254156953,-37.572252566905476],[144.96240889178665,-37.57746976702981],[144.9632167422301,-37.579377766812506],[144.95755070211882,-37.58156324689608],[144.95694732170872,-37.58576579680889],[144.95865300234604,-37.5905581170481],[144.95578524219258,-37.591378297061446],[144.95508144181193,-37.59485346722377],[144.95300496177816,-37.59641945709493],[144.95262481181786,-37.600342196961606]]]},"properties":{"name":"Calwell","ced_code_2021":"205"}},{"type":"Feature","geometry":{"type":"Polygon","coordinates":[[[145.2931809420144,-37.96486811660526],[145.2998773416717,-37.931462277122634],[145.30386708234366,-37.93342851693471],[145.30249505217256,-37.92262032698627],[145.30040601189447,-37.92039333717107],[145.30080397185353,-37.91799736650481],[145.2979779222754,-37.913507376880446],[145.2986838624431,-37.911693377018125],[145.29271987181335,-37.90722542689316],[145.29555676226033,-37.905110436595386],[145.29697763203683,-37.90121841684542],[145.30501067183633,-37.90571340708525],[145.30891558190106,-37.901921366846956],[145.31387349175193,-37.90163527701597],[145.32056832205245,-37.89920315700924],[145.31884329170396,-37.89633612712003],[145.31617229224207,-37.89489711676545],[145.3161012319099,-37.892489087181474],[145.31165965212475,-37.89276245703888],[145.30990426231287,-37.88963810650966],[145.3045348917225,-37.887984796624984],[145.3035481822144,-37.88545919671781],[145.3049711423705,-37.88246016678622],[145.30615279168518,-37.87603858656969],[145.30785599207394,-37.876219076937105],[145.30849590157675,-37.87106604673113],[145.30282994231382,-37.86575915653482],[145.30382693214207,-37.863449116560545],[145.3135687823092,-37.864483947159336],[145.31685674201327,-37.862850906890415],[145.3188067518314,-37.865572877054014],[145.32655866206613,-37.86605380720384],[145.32949059157525,-37.8631767371509],[145.3360624919207,-37.860756686576664],[145.33416650229216,-37.85833969708516],[145.33661978157016,-37.85618607720926],[145.3411264317212,-37.86099764719302],[145.34577332236285,-37.859196616798954],[145.34516734222842,-37.857220616857774],[145.34123932210466,-37.85377561653088],[145.33615137213326,-37.85104865685727],[145.33212338209478,-37.85102166661246],[145.3328287419508,-37.84743485671224],[145.32304944191773,-37.84619775657196],[145.31797346199747,-37.84391879678857],[145.3187267820082,-37.84028056663579],[145.31872320222175,-37.831721397179955],[145.3168076517779,-37.818158747106956],[145.30428756216858,-37.8215379770975],[145.30913228159872,-37.79542089669874],[145.30568763235294,-37.789230686779106],[145.30526569186733,-37.78435242717941],[145.307063531568,-37.77663005685872],[145.30347142207168,-37.77575659699172],[145.30055471182013,-37.77342757679723],[145.29590030227953,-37.76640011694958],[145.29643269152757,-37.76345324717982],[145.2895725523502,-37.7628189272645],[145.29076559230262,-37.75551380670371],[145.2889673519534,-37.75163461691414],[145.28428735210534,-37.747781586898746],[145.2816655219306,-37.74258027694692],[145.28312716174622,-37.733260527014636],[145.2845661415588,-37.731511487054206],[145.29158640184238,-37.72832137716875],[145.29393215188247,-37.72288961719085],[145.29236579186096,-37.71924833664891],[145.29359164188085,-37.71223420694826],[145.29613865227387,-37.71387922678878],[145.2990946018354,-37.71278021719272],[145.30408955192036,-37.71598322684226],[145.31237943173767,-37.71557217689695],[145.3123253720222,-37.71217215715162],[145.31378326226988,-37.70699311707931],[145.31903623186068,-37.707924077131736],[145.32056120200548,-37.70666106681378],[145.31491724158562,-37.69962201718161],[145.3186511519461,-37.697366976846595],[145.31939616164217,-37.694083907069164],[145.3181241723527,-37.69130289674928],[145.32657706225808,-37.68896882722147],[145.33050697153882,-37.69216279682482],[145.33133899205333,-37.687700746641454],[145.33311395166368,-37.68651870709389],[145.33559858214505,-37.68209054695433],[145.33238202233647,-37.67998500679218],[145.33036583183465,-37.67193374721298],[145.3325952123163,-37.670568447233954],[145.3355218920709,-37.66236392686315],[145.33867093180785,-37.661299076960844],[145.34389222231013,-37.65601246706212],[145.34578617186466,-37.6557374473507],[145.34779502223225,-37.64867536679607],[145.35388380232973,-37.64391024705741],[145.35319369227395,-37.63992826705033],[145.35591805166365,-37.63010312714364],[145.35843998199232,-37.62748699686877],[145.35607420221626,-37.622554306670985],[145.3578300322026,-37.618673677074284],[145.3526160521901,-37.615229327352246],[145.35669488148372,-37.60869325725588],[145.35660382195826,-37.60548622710261],[145.3547698017113,-37.60248922673337],[145.35581575151906,-37.599590426891055],[145.3644057620661,-37.56279960683823],[145.3660286315089,-37.551679386987985],[145.36641177196074,-37.54512594691816],[145.3684305819499,-37.54533861678102],[145.3758224222659,-37.54054116696068],[145.3798971714115,-37.542871736853336],[145.383450631791,-37.541963276762864],[145.38646757157042,-37.54339528701846],[145.38952853149368,-37.539738206797644],[145.3939005017258,-37.54089318696257],[145.39724142160742,-37.538388117349356],[145.40239927218602,-37.5363400372182],[145.40277617204157,-37.52800598734341],[145.40503910190415,-37.52655096720826],[145.41333296215646,-37.525996867196525],[145.41873784225166,-37.526555736913146],[145.41851990198057,-37.53149875692016],[145.4259978718677,-37.53500054723243],[145.43268759165255,-37.530814326914225],[145.44053057219242,-37.53343425730041],[145.43781212192067,-37.54587737738588],[145.467752522081,-37.54982201700476],[145.4699146717485,-37.5576720369019],[145.47344258224467,-37.5581419867947],[145.4741885315785,-37.55465497677275],[145.4820034415624,-37.55467891743324],[145.48199048156783,-37.560130947039376],[145.4968212716499,-37.56020483737371],[145.49681138209692,-37.563590867011776],[145.50870012135155,-37.56364980678164],[145.5037130917124,-37.55669978710956],[145.50797702156527,-37.55590576681819],[145.51121800207488,-37.55697275695893],[145.51873594160227,-37.56122873681643],[145.52313288140599,-37.56133371687556],[145.52506387209294,-37.56354570726188],[145.52810772180501,-37.55815466691146],[145.53008967212142,-37.556847637178386],[145.53352622215658,-37.55826719697811],[145.53494136157985,-37.56139082692265],[145.53751501151265,-37.56263920743405],[145.53761870135097,-37.566648806965325],[145.54127630162475,-37.572521227063206],[145.54714210190238,-37.57432401683137],[145.54958220199683,-37.578255657161904],[145.55261301176424,-37.58117866706402],[145.55366027221402,-37.58384869703571],[145.5586401521618,-37.59077870714084],[145.56287952207487,-37.59321536707226],[145.566526302141,-37.58894746738908],[145.57320938157932,-37.58631399690083],[145.57352978189505,-37.57921126702903],[145.5765040516985,-37.575699206884515],[145.57802398139626,-37.57205411687992],[145.58165460166882,-37.571249797374094],[145.58614162183426,-37.567325867369945],[145.59230052172785,-37.56765392692354],[145.59360912185673,-37.56589387684513],[145.59986770150917,-37.56607730692013],[145.60190207211565,-37.567359167259916],[145.60251589184762,-37.575948057252695],[145.60926156140334,-37.57520942708978],[145.61235756191093,-37.57406588686436],[145.61491968196702,-37.5710447572269],[145.61801211167136,-37.57229594709572],[145.62080604198655,-37.577083586959276],[145.62732636196674,-37.58081678732664],[145.62993275189837,-37.585580307397535],[145.63262018154674,-37.58756435717127],[145.64067481145577,-37.58923817742866],[145.64462579161983,-37.59308665739059],[145.64689091157504,-37.594000517289906],[145.6497540013874,-37.59843591744364],[145.65381010150764,-37.60175853712068],[145.65468384158058,-37.609081206853126],[145.65754511140605,-37.61103653743702],[145.65910863185303,-37.61753066729261],[145.66247389158727,-37.61833886702513],[145.6673374819266,-37.622149827030725],[145.6740730813679,-37.622541226980005],[145.67585253165635,-37.62419544703785],[145.73734163164434,-37.5939917168009],[145.736182432127,-37.58989013717791],[145.7330814217151,-37.585959756894745],[145.73121262139526,-37.5858646074658],[145.73119178137898,-37.57887773738261],[145.73411061165461,-37.5725495670553],[145.73675018175962,-37.570562817350584],[145.73656728207283,-37.5681637772798],[145.74055140198604,-37.56666473683032],[145.74470616137904,-37.57170968726252],[145.74846063148152,-37.5733058273374],[145.75284252180927,-37.57292504743687],[145.7569486616842,-37.57373476699611],[145.7660843915797,-37.57362578743268],[145.76980933136386,-37.57026032751079],[145.77404110152952,-37.56987639704159],[145.78089913146266,-37.56649446753055],[145.78852142198835,-37.56497903745271],[145.7908441320381,-37.56201975732185],[145.7954600317008,-37.56390984701999],[145.8026017316343,-37.56330979732489],[145.80692676129956,-37.5646299175063],[145.80982114212813,-37.56360616734528],[145.8090381813063,-37.56005116749979],[145.81608228197916,-37.556685097086024],[145.81688002188406,-37.55191805714722],[145.81846222189907,-37.54889657695442],[145.81916963171057,-37.5435529072743],[145.82204098153187,-37.53869345690656],[145.81968191127268,-37.53581256737097],[145.82041235209147,-37.534020307540956],[145.8242355415165,-37.533194097534015],[145.82367793206677,-37.53068112748228],[145.82632031210198,-37.52813635686212],[145.82996210202674,-37.5306581671976],[145.8343965914094,-37.531808906878275],[145.84064437151545,-37.53205830705205],[145.84128732181549,-37.53087335743315],[145.84720462161002,-37.527997407028174],[145.8561977915649,-37.53099242706871],[145.85756894138706,-37.532149767441005],[145.8662486514101,-37.531895927328065],[145.87084980163414,-37.53030239728902],[145.87966546179396,-37.525204697082295],[145.88363089135942,-37.526866017138566],[145.88969150208615,-37.53225782744539],[145.9477872017153,-37.532819157076865],[146.12640082147152,-37.53436599701294],[146.186004961346,-37.53482364698423],[146.1873656413035,-37.53633718716806],[146.18634572197763,-37.54474826729613],[146.18340174156899,-37.54705229753787],[146.18637978160163,-37.554582327215115],[146.18444984194355,-37.5607473971073],[146.18944195155566,-37.56832344706379],[146.19070299128015,-37.571798487405566],[146.19041909131104,-37.57744453724728],[146.19250211197834,-37.581130557159234],[146.18956718119784,-37.58532263716574],[146.19192300135236,-37.58752999712473],[146.18761800142298,-37.58473200720125],[146.18704999127894,-37.5800670070136],[146.17614401164005,-37.58487199739602],[146.1732500018157,-37.58870199754704],[146.17322500170133,-37.59112598761713],[146.17011699161677,-37.59489799728587],[146.17198199116464,-37.59948499756726],[146.16846499160587,-37.59956198758571],[146.16366101167213,-37.59635399719718],[146.15881899167945,-37.600772007146986],[146.1624519817077,-37.608060007108044],[146.1614060013572,-37.61014398729474],[146.1655449917237,-37.61720998726158],[146.16482500190492,-37.622995997299036],[146.16063899191983,-37.62176398695436],[146.15802599128602,-37.62518498753855],[146.15944201195657,-37.629133997373486],[146.15566499144555,-37.62993998715686],[146.1509959914681,-37.62533398726902],[146.144160011582,-37.6274290069307],[146.139330992008,-37.63254898737292],[146.14124702125395,-37.63471900725483],[146.13981100139023,-37.63908098706662],[146.13425201171472,-37.64285198745073],[146.13094701186813,-37.643908987335145],[146.13104198175992,-37.65083000738413],[146.13258900195174,-37.65357000720441],[146.13395202202057,-37.66442498728696],[146.1321589919,-37.668441006906605],[146.1339259915386,-37.67909700739786],[146.13737802134276,-37.67915899743174],[146.1403679919007,-37.68205099735876],[146.14249499138936,-37.69225999747782],[146.1362440016028,-37.69793699687375],[146.1358300219872,-37.70256399687904],[146.1389709912596,-37.70501900750715],[146.13858500135174,-37.710134996959994],[146.142381001468,-37.709537997506395],[146.14539400123664,-37.71067800731755],[146.147858991851,-37.71477799708018],[146.1505579918002,-37.7151989973039],[146.1537970014061,-37.72494899736199],[146.1560529917831,-37.72622499754327],[146.15904701194634,-37.73044899748529],[146.1602000112916,-37.73943599740375],[146.1623870119531,-37.74055899742043],[146.16322199151807,-37.747767987305664],[146.16035101180267,-37.75086399741319],[146.15880801157175,-37.75660499753082],[146.15885699131428,-37.76195399748246],[146.15687599141543,-37.76506099715509],[146.15094901137545,-37.769112997288765],[146.14813898145366,-37.76906400712651],[146.14227000203826,-37.77188199716694],[146.14184000186796,-37.774909007398875],[146.13773499207366,-37.77754199682122],[146.13754800145912,-37.78263699734],[146.13475502156146,-37.784907996853576],[146.13376101144507,-37.78802600703925],[146.12409501142716,-37.78940399734347],[146.11665357153115,-37.78222556702026],[146.1167185116413,-37.777492497475926],[146.10950855142428,-37.77480762719059],[146.1032715016942,-37.76822865702103],[146.10386901161385,-37.764172997306964],[146.1000169817767,-37.76198499727124],[146.09779899193285,-37.75814299748935],[146.08876400180822,-37.75404300708315],[146.0845720117382,-37.760860997174966],[146.08114400198647,-37.76328399683255],[146.07722299141685,-37.762440006856785],[146.07340502210195,-37.76374099680782],[146.07308301200518,-37.76549200711068],[146.0683569914651,-37.767034996975084],[146.06776799128616,-37.768979997337475],[146.06408500192754,-37.76874199701445],[146.06074200154777,-37.77019799714962],[146.05184198149792,-37.77119300697788],[146.04416100133972,-37.77402300745867],[146.03124598178871,-37.77344498684446],[146.0292330117473,-37.77445799686546],[146.02144902177548,-37.77484099741899],[146.01914298176246,-37.771784006987495],[146.01663700192,-37.771563007231656],[146.01254601213233,-37.76877499717359],[146.0083760020407,-37.76769800716533],[146.0034760218476,-37.76852800690071],[145.9995150021119,-37.765446997016156],[145.99027900136593,-37.768788007066185],[145.98141100176443,-37.76865600707454],[145.97274699159757,-37.76516399707041],[145.96832498161095,-37.76469498735323],[145.96357699187223,-37.76595999699012],[145.9602480114991,-37.76392399683905],[145.95367198159823,-37.76245199735097],[145.94361401158764,-37.758231997447034],[145.93640402172616,-37.76519099741058],[145.9367709916046,-37.77157900678634],[145.92370300153712,-37.77160699676765],[145.91816500189654,-37.776137996783554],[145.91870999181316,-37.78199500733982],[145.91805901147282,-37.78600598689285],[145.92237999153275,-37.791914996982776],[145.92883300164704,-37.79783799731367],[145.92484502167298,-37.80509299730953],[145.92298001224364,-37.80700498696568],[145.92338600224303,-37.81149099725516],[145.92637301195384,-37.81327698716338],[145.9313100018384,-37.82135898704725],[145.9267530217769,-37.82263900684849],[145.92637999186363,-37.829645986856946],[145.9190590016741,-37.82799299676873],[145.91470301157258,-37.826068997142784],[145.9072720217782,-37.81694200678492],[145.90294399173987,-37.81720499738653],[145.89852001174782,-37.821386997202204],[145.89796200164955,-37.82395999678392],[145.89486749144694,-37.8258178970031],[145.89156253202452,-37.82494991676221],[145.8868985221885,-37.82126695715425],[145.87709659179677,-37.81625600704426],[145.8710800021122,-37.810832987281316],[145.8689669822059,-37.81089899684057],[145.86439901215527,-37.805912986996354],[145.86267800176765,-37.80610200706411],[145.85742400180922,-37.801096997127885],[145.85049900157335,-37.7998389968991],[145.84510299144318,-37.79771399716417],[145.83915802174133,-37.798622986755674],[145.83790899159385,-37.8013159971013],[145.83842302197246,-37.804336996784755],[145.8348970114131,-37.807188987091926],[145.83178399142415,-37.80822800679565],[145.82803398145708,-37.81226699671891],[145.8252669916173,-37.81059198695104],[145.81997099182607,-37.810147986824454],[145.81507101163288,-37.807236997386966],[145.80961200175355,-37.807548997183524],[145.8041579820157,-37.81401398691274],[145.79543602152984,-37.81479500700467],[145.7956480122588,-37.8219999970612],[145.79382801201848,-37.826351997319115],[145.80332699186886,-37.825874986771986],[145.80863701166672,-37.830251996772745],[145.8088949916466,-37.8354790066828],[145.8112090221741,-37.83613399671331],[145.8095340019358,-37.84277299671618],[145.80781901205722,-37.84599699702067],[145.8041380214501,-37.849524997352624],[145.80479998189807,-37.85199698696389],[145.8116439918246,-37.85563399719472],[145.81706099198965,-37.85576299688621],[145.8087630120634,-37.863262987264434],[145.80801899231082,-37.86170399677164],[145.8032500116389,-37.86068699676675],[145.80173099193448,-37.863527997085384],[145.8029590015043,-37.86803900704128],[145.80557101219466,-37.87201700682709],[145.80135701160359,-37.872194996784266],[145.79513701189762,-37.8749299973085],[145.79287499202852,-37.87770299698706],[145.78495398202645,-37.87862100685117],[145.7791600119372,-37.876835996783],[145.77408001205606,-37.879831996986084],[145.7694979815746,-37.880902996986684],[145.767233011638,-37.88462199681241],[145.76542499222856,-37.89097398700865],[145.76287302223685,-37.8949920073209],[145.7650169917996,-37.89857998667054],[145.7605470216582,-37.9014599971903],[145.7543569816653,-37.90408899693076],[145.75236200218401,-37.90390798726978],[145.74827550217617,-37.90753080695302],[145.7378955220688,-37.902005817250036],[145.73436754150399,-37.90154485711855],[145.73039061170633,-37.90343190730929],[145.72712659210464,-37.899515906968674],[145.7280715119857,-37.8969268669606],[145.72466252226343,-37.89423788713506],[145.7215414021655,-37.885238846986326],[145.71609644193728,-37.88375490718426],[145.7129705419038,-37.886072957232074],[145.70594462223397,-37.887188057276305],[145.6994819022298,-37.88512343704922],[145.69388783154585,-37.88600759700846],[145.68954733199314,-37.88380431685847],[145.68685344166124,-37.88081486731871],[145.6849195323479,-37.883717086842275],[145.68631237199256,-37.88881892681065],[145.6814365223445,-37.8912627966181],[145.6796664118401,-37.893549596995506],[145.67168233202028,-37.89345132662777],[145.66926311236622,-37.89707120671013],[145.66907305220832,-37.89954206710856],[145.67112720192077,-37.90342062725451],[145.67070062163677,-37.907141937203285],[145.66783213205125,-37.908373407255866],[145.66223233191246,-37.90880793672078],[145.657955522015,-37.907989917266114],[145.65056971208952,-37.91269280659064],[145.65260571223993,-37.91643526683659],[145.64466981176372,-37.91710089687916],[145.64208890164676,-37.918363947212946],[145.63212702172714,-37.91814103704383],[145.6251100816169,-37.91697610716315],[145.62792489237256,-37.90402799698273],[145.61333208217889,-37.902490126649056],[145.60373199155342,-37.90111313711721],[145.60432596211083,-37.89801751689472],[145.58993748181337,-37.89627649668625],[145.5785406123976,-37.89770110706053],[145.57523294185964,-37.89934235665791],[145.56754403227248,-37.8970108169578],[145.56877667175922,-37.8940883370624],[145.56453910207003,-37.88705113667263],[145.5626592021666,-37.88568027675263],[145.56230497219553,-37.88196820715525],[145.55404188193663,-37.87738892697199],[145.55341729230273,-37.873710806684485],[145.54426068196673,-37.8713122069632],[145.54137240159716,-37.87174755725351],[145.53953747225515,-37.868967097279146],[145.535761801912,-37.86658055712206],[145.53053172229298,-37.8663893970832],[145.53073440198403,-37.86436619699971],[145.5267756118668,-37.863836466820224],[145.52629666159842,-37.868471476958696],[145.52848071219248,-37.87181342722386],[145.5285596615295,-37.877029817084285],[145.52650978240794,-37.87915877698097],[145.52511983174526,-37.88704547695703],[145.52240039153006,-37.887081206961966],[145.5176109723888,-37.89234197720362],[145.5148019018678,-37.89374264668167],[145.5077074317586,-37.89983689666492],[145.51044701220252,-37.90104600681366],[145.50382011160548,-37.90715902724445],[145.50029786229223,-37.90806003720058],[145.49834091209019,-37.911321996808525],[145.49404500221317,-37.914353996565204],[145.4933650116791,-37.916809996696486],[145.4899860220941,-37.91916299666778],[145.49161925180707,-37.92612624680558],[145.48167099214373,-37.92739000661183],[145.47652073232928,-37.92744770716396],[145.4749565318576,-37.929148967020296],[145.46919796167887,-37.92845301710352],[145.47078651188457,-37.92174182663305],[145.46925216242985,-37.91909591684727],[145.47022489235547,-37.91499605701319],[145.46815913191796,-37.91097245669537],[145.46474324223604,-37.91081849681288],[145.46332325191025,-37.90795950680274],[145.45137249207008,-37.90705862673955],[145.44739852222125,-37.90587068698982],[145.4426516517834,-37.907017747230604],[145.43967420194392,-37.91003328718677],[145.43870976167173,-37.914577476671376],[145.42850090164276,-37.913491807092996],[145.42550812205292,-37.91993795666633],[145.4229181919522,-37.91918698698817],[145.41968319242574,-37.92637773651777],[145.42268203205052,-37.92898199692163],[145.43008237222574,-37.92955832682409],[145.43030845213158,-37.93489236653637],[145.42659403161952,-37.936941996777385],[145.42222202186153,-37.93651699698234],[145.4197690021967,-37.937869997090665],[145.41311001198102,-37.93796900659242],[145.4100329919771,-37.93495599709329],[145.4068439915831,-37.93809900697302],[145.40330914160134,-37.938174017170226],[145.39925881225838,-37.940117296935654],[145.3938329816541,-37.93961800681664],[145.39045501165694,-37.93759498676455],[145.38663036246956,-37.937003746645246],[145.38368412189962,-37.93809959713621],[145.38216780163268,-37.94117220718035],[145.3839390017935,-37.94934132652095],[145.38442211216005,-37.95440588713107],[145.38812022196154,-37.95730350651209],[145.38752326181086,-37.96002657676736],[145.38803258232247,-37.970981366758934],[145.38405601185087,-37.97082071717334],[145.38262536211585,-37.974957296923314],[145.37899043172663,-37.975006357137644],[145.36681265234284,-37.97346687670745],[145.36099188191542,-37.97205406661467],[145.35796267204756,-37.97129394672915],[145.31893301184124,-37.96637199664483],[145.31699902167955,-37.96784398714669],[145.2931809420144,-37.96486811660526]]]},"properties":{"name":"Casey","ced_code_2021":"206"}},{"type":"Feature","geometry":{"type":"Polygon","coordinates":[[[145.19570382167657,-37.86517618678135],[145.19321000232807,-37.87053800705996],[145.1932359923859,-37.87435099658061],[145.19088699224105,-37.87903499712914],[145.1962530022339,-37.88866600669919],[145.19837701212936,-37.88922899669516],[145.20074498199807,-37.894421006872065],[145.2069460119802,-37.89700598668284],[145.20753800175243,-37.90102600699701],[145.20338101184254,-37.90328999709141],[145.205861012407,-37.910553006509204],[145.20285698231652,-37.91807299674909],[145.20564701214673,-37.92440099713277],[145.1954857017424,-37.92312809715059],[145.14711911237313,-37.9171627165632],[145.12737575220913,-37.9145653570912],[145.12230973191046,-37.91134718674308],[145.12447685195636,-37.899152046493796],[145.09918333165785,-37.89616993673491],[145.0933862623809,-37.893571276829405],[145.0882261121152,-37.89297642671558],[145.09220158215055,-37.87210430672034],[145.0936536620949,-37.86137530681552],[145.09820725191454,-37.83597807689583],[145.11111409230483,-37.837664096567096],[145.11502981179743,-37.81689397654328],[145.13844949222735,-37.81984748661267],[145.14514632217768,-37.817589686736916],[145.15419204178005,-37.81756106697987],[145.15219476171333,-37.82428154703927],[145.15342595221756,-37.82900700652169],[145.15664977221027,-37.83318831703812],[145.1543950619326,-37.845413376531255],[145.16437507165134,-37.846805116627046],[145.16296128239588,-37.85414011685933],[145.1692659617921,-37.8548383470514],[145.1692270521639,-37.86201534715885],[145.19570382167657,-37.86517618678135]]]},"properties":{"name":"Chisholm","ced_code_2021":"207"}},{"type":"Feature","geometry":{"type":"Polygon","coordinates":[[[144.98686513193468,-37.77437798655119],[144.98445314192207,-37.771235996934806],[144.98557091203682,-37.76642495662049],[144.98316107169273,-37.76156297690112],[144.98026881178652,-37.75770997670434],[144.9792910917195,-37.754007016590315],[144.9818173321649,-37.752104497128855],[144.97906943242316,-37.743082106754926],[144.98023140234486,-37.73971872707831],[144.97853006236699,-37.73849427651706],[144.97695107203253,-37.73358296651274],[144.97456000198633,-37.73295377715952],[144.97100460214412,-37.73424398675177],[144.96779881223742,-37.73186477677627],[144.96721101220766,-37.72882999717673],[144.96931002198875,-37.72634199681098],[144.9687714217888,-37.72206342708682],[144.9752399916221,-37.71941399695063],[144.97850028231701,-37.71943606691409],[144.97811039192413,-37.716698956864576],[144.98051618176464,-37.71433565706933],[144.977189051921,-37.71037097702475],[144.97866756209766,-37.705276156953396],[144.9825190017417,-37.70295699654053],[144.979435882177,-37.6998766670954],[144.9789256121462,-37.69456354671104],[144.97635047190835,-37.69506378695171],[144.9720608421535,-37.69099901703187],[145.01140200216773,-37.694851547085705],[145.0408058520836,-37.698273547106815],[145.0582193120823,-37.699982546779765],[145.0574506919656,-37.70247319719518],[145.05132482222672,-37.708384286576184],[145.06458363242677,-37.70945729656592],[145.06957851244323,-37.70820932711553],[145.07494868163585,-37.70878913659194],[145.07452565239217,-37.71613433681909],[145.0692789916696,-37.715571997110395],[145.06467481232642,-37.720223526638954],[145.06749389187638,-37.72486154683221],[145.06152705179048,-37.72421136661921],[145.0606680620546,-37.72917465660148],[145.05544411164075,-37.72917578698848],[145.03860125162907,-37.727323806985034],[145.0401433418666,-37.73197407709887],[145.037154432219,-37.735142127037506],[145.0341724521755,-37.73506514681247],[145.03199048207958,-37.73776022687323],[145.03302854198424,-37.741391226768634],[145.03609564189253,-37.746858236614834],[145.03147372172083,-37.75083628653489],[145.0307329817173,-37.754988996842194],[145.02902942200242,-37.75803848712021],[145.0299579116969,-37.76003942659825],[145.0279242022505,-37.76251004654143],[145.030538182048,-37.7649125165606],[145.03243611203752,-37.770686456837325],[145.0365800323584,-37.77050097685705],[145.03470659224004,-37.77856639684561],[145.0374177823277,-37.77962929685305],[145.03792250166836,-37.783192396736936],[145.04019660208155,-37.78422183655755],[145.04516530249555,-37.78455560713014],[145.04042647197952,-37.789767686959976],[145.03211349198472,-37.7899617865391],[145.02853645172732,-37.78706474679213],[145.02093952243868,-37.786961736918805],[145.01536955175723,-37.785736666769246],[145.0193776216542,-37.79285986696788],[145.01741965186437,-37.79533992663904],[145.0193326816355,-37.80366201697621],[145.01572973216872,-37.802574016891],[145.01479778216367,-37.80010700713402],[145.01140474202933,-37.79901498679967],[145.00769579225732,-37.80081903695397],[145.00399283245156,-37.796139977153686],[145.00194525211882,-37.796658936925695],[145.0011510120503,-37.79474200714237],[145.0051090017685,-37.7923390071306],[145.00847802185052,-37.78889198708327],[145.0080940118295,-37.78690799705578],[145.00168417205288,-37.78313697647306],[144.99898813205252,-37.78541594683436],[144.99645901250662,-37.78524199648109],[144.99211390190152,-37.782631977105595],[144.98866692242592,-37.77534602658235],[144.98686513193468,-37.77437798655119]]]},"properties":{"name":"Cooper","ced_code_2021":"208"}},{"type":"Feature","geometry":{"type":"MultiPolygon","coordinates":[[[[143.82315403267563,-38.05579198643667],[143.85800018290823,-38.05977995598755],[143.85679487286737,-38.05299206609292],[143.8576351426111,-38.05004392646465],[143.85690686224058,-38.03033600667322],[143.88486659218378,-38.033522376320946],[143.91960889267799,-38.03767343661416],[143.91897299235632,-38.04187898646916],[143.97887102236422,-38.04839999601696],[143.97729400293352,-38.04573899608906],[143.98458531278604,-38.04676981647286],[143.9878676526297,-38.04910779633492],[143.9964507425557,-38.047760746456056],[144.0011213828568,-38.054905806623935],[144.00570823279983,-38.054705486444746],[144.01714116238773,-38.05267483671245],[144.01575051283575,-38.04821853614979],[144.04601576266745,-38.05156381637716],[144.0545810722391,-38.0617408463607],[144.0629800129218,-38.059319996429416],[144.07833699207987,-38.057646006454135],[144.08058597290264,-38.05951699660973],[144.0879290122409,-38.05876299615213],[144.0869940223369,-38.06376099626186],[144.09377901294926,-38.065482996624056],[144.0956310228581,-38.064296996696285],[144.1009890324551,-38.035958976594934],[144.0926210126828,-38.03361198641507],[144.09716475247535,-38.009767856465686],[144.09970705210304,-38.01147102611835],[144.1109879921347,-38.012749016496095],[144.11333410239934,-38.000157036609494],[144.13414301271226,-38.00260398678341],[144.13472701286835,-37.99903199619266],[144.13997501208067,-37.995635006261615],[144.14024500253595,-37.993281986226805],[144.14553400265447,-37.991189986621826],[144.14412400249302,-37.98940000651876],[144.1599600424123,-37.98506896671518],[144.1659863428851,-37.97811814677114],[144.17838396247683,-37.97963305632811],[144.17718946276204,-37.98670455628026],[144.19533967244774,-37.9888796566634],[144.1939929020041,-37.996224056326106],[144.1969682722438,-37.998819356619755],[144.19331396249888,-37.99977036643703],[144.1897295928871,-38.018893816482354],[144.19278701254984,-38.02043898674063],[144.1995540027205,-38.01916198675813],[144.203830012219,-38.022939006135104],[144.20893702264414,-38.02315798643447],[144.2149260124899,-38.02854600635976],[144.21134500257725,-38.03258100627152],[144.21504099235472,-38.03401299638126],[144.21638101285725,-38.0360249966433],[144.21638802241148,-38.04002099635972],[144.21784302277882,-38.04119498678812],[144.2268969925088,-38.03929300663174],[144.2330039922369,-38.04079799647361],[144.2374619923271,-38.051135006668154],[144.2403700221581,-38.05170398652218],[144.24026599275663,-38.05544700655152],[144.2428770224867,-38.05776399670816],[144.24520802218987,-38.055526996086186],[144.25062199233747,-38.05997198612748],[144.2554820028904,-38.05869199659438],[144.25831513209138,-38.05980326662423],[144.25971841285457,-38.061876606193835],[144.25963669221488,-38.065755326094646],[144.2655050122668,-38.06734299616784],[144.27045215221577,-38.06759167675477],[144.2728781927777,-38.06573849644496],[144.2768612526789,-38.068203866615065],[144.27667080265215,-38.06999279636839],[144.28129823219152,-38.07303829633007],[144.283984012533,-38.07748599656745],[144.28399573285253,-38.08318913614796],[144.28092816222704,-38.08350250624169],[144.27784978217375,-38.08919447651891],[144.27407412261041,-38.08800457644848],[144.2718610124152,-38.09179800617642],[144.268149002083,-38.092832006767175],[144.2611051223957,-38.13034140638878],[144.26511628249727,-38.13146653658717],[144.26326114285797,-38.1407837464966],[144.26851900287716,-38.14610998654959],[144.27318202276973,-38.14689200659647],[144.2806142926634,-38.1456830064679],[144.28539682262476,-38.1459079663853],[144.28848599234294,-38.14776399646343],[144.288777992421,-38.15601200619936],[144.2936757124529,-38.15644478656626],[144.29064898283352,-38.17174199621184],[144.29278201271268,-38.17180450664435],[144.29386449251152,-38.175718186154256],[144.2969615521328,-38.17900603614034],[144.30465896247753,-38.18455829650596],[144.30863801229927,-38.18892300643444],[144.31109001237633,-38.19339199612277],[144.31147201286606,-38.20072600636323],[144.32060001275863,-38.19550398636883],[144.32741952293236,-38.195564096522816],[144.33097294288766,-38.192665646639355],[144.34320701250383,-38.191248986538355],[144.34838461254395,-38.19293916611239],[144.3491251621046,-38.189115366532114],[144.35838097249916,-38.18447898624099],[144.36069000210546,-38.18610598668326],[144.36431577237374,-38.18604327669392],[144.3654778222455,-38.190041396172305],[144.36853980265496,-38.19294353634953],[144.37219272270613,-38.19366566607174],[144.37643369251867,-38.19263778644335],[144.38024761222823,-38.193154936196926],[144.38280261223744,-38.19504801651598],[144.3862131021462,-38.19948957616229],[144.397508322696,-38.20078436641772],[144.40534987221963,-38.157657766648775],[144.40666967254344,-38.15466126619388],[144.41690091230106,-38.155140986610874],[144.41862492216342,-38.15000297653499],[144.4194325920455,-38.144832046300394],[144.41857488240885,-38.140449026446525],[144.42174344253684,-38.13102582677468],[144.42475133268812,-38.12629876648374],[144.42632729210683,-38.126706776716894],[144.42924127237825,-38.13348088642605],[144.43269406215714,-38.13970401611744],[144.44282310238154,-38.14952216619957],[144.45246301262858,-38.15583120613403],[144.4603339424519,-38.159726226446004],[144.468161882499,-38.16289520676872],[144.47335681283758,-38.164122166603846],[144.48066174204814,-38.164490076144475],[144.4898095920135,-38.16344692640365],[144.49793646264104,-38.16101277648482],[144.5053793622995,-38.16194269629218],[144.51582015206338,-38.16067359626137],[144.52071907224453,-38.15949053675793],[144.52691396224162,-38.1602994863503],[144.5312288822667,-38.15863241637509],[144.5388327420577,-38.158152336788824],[144.54284468279525,-38.156587256181375],[144.54690961245655,-38.1567652267882],[144.54985899263838,-38.15537301647662],[144.55437346262403,-38.155902116290264],[144.56458521253316,-38.151596956659546],[144.56887611250582,-38.147698896750626],[144.57926678256513,-38.14029575644342],[144.5840031723585,-38.136032006842804],[144.58876595196003,-38.13358894683333],[144.59457886212866,-38.1289769861542],[144.6027199324259,-38.12541696662111],[144.62631901270623,-38.112084986327275],[144.63181693221378,-38.107339996254765],[144.63825086211136,-38.108516046381446],[144.649905862424,-38.11276296652833],[144.65425009268017,-38.11308791637802],[144.66181799201203,-38.11178081623143],[144.66896192246242,-38.11269872685758],[144.6751488920137,-38.11532966652836],[144.6776108526106,-38.11526965629478],[144.6929179321513,-38.12041295674985],[144.69985176192804,-38.12784845677145],[144.70633175204355,-38.13017138654694],[144.71133977261593,-38.13663937640512],[144.71461295233854,-38.14296803660007],[144.7196691423731,-38.146116966467446],[144.7174279023331,-38.148953406381125],[144.71634699278937,-38.153120456794966],[144.71620814199252,-38.16321351668424],[144.71921421215703,-38.17023855663062],[144.71963024262638,-38.173255576273675],[144.7159913327004,-38.17901565673771],[144.71450144266572,-38.184645726790215],[144.7124105024508,-38.18848876670631],[144.71061368233808,-38.19783992647881],[144.70791578282504,-38.20427605646225],[144.7063708826573,-38.2102201462436],[144.7012251126226,-38.219243336705524],[144.69545986257137,-38.2180809664661],[144.69450918269274,-38.216361356167496],[144.69964404268828,-38.21347825639988],[144.70348983282753,-38.20260708684534],[144.701291802651,-38.199498026409735],[144.69845184266066,-38.20006207644324],[144.6974338223733,-38.196354046632024],[144.69307484267856,-38.19443004635124],[144.68438507242263,-38.19859017620028],[144.67931712254273,-38.202392966275575],[144.67784905258628,-38.202191996478675],[144.6738501823361,-38.20694300653526],[144.66615408263337,-38.21006195632412],[144.66217391261242,-38.21726600636678],[144.65784205215778,-38.221120976661844],[144.65704788215783,-38.223069026221495],[144.65301084249117,-38.22597900629001],[144.64870705259253,-38.231138966797744],[144.64448714288352,-38.234396966554634],[144.64443710223057,-38.236371026535586],[144.6406081420282,-38.238741986398956],[144.63670895243524,-38.24244899611693],[144.63380194219206,-38.24728902645754],[144.62988192246422,-38.251117966634155],[144.62708689261115,-38.249205026174565],[144.6243080423146,-38.249812976443344],[144.62709193215986,-38.253008966455965],[144.62535311267175,-38.25682900651285],[144.63572509238324,-38.265307026461635],[144.63227464271566,-38.2690884767641],[144.63518862208878,-38.27008547611966],[144.64369450271445,-38.26929138675497],[144.64862135241611,-38.26656631630056],[144.65238734251375,-38.26673329620831],[144.65764024203594,-38.26372221677276],[144.66295216266897,-38.26361517667218],[144.66676509243507,-38.26224014675399],[144.66801814254347,-38.265685186416555],[144.6639792020417,-38.26773024678501],[144.661485262319,-38.27257931665387],[144.65917434265737,-38.273945336186955],[144.65092037209524,-38.2721623666384],[144.6442754728531,-38.27174443675106],[144.62991218221453,-38.27308399665077],[144.6235930821631,-38.274553976499824],[144.61840895226916,-38.27714167650095],[144.61608704261835,-38.28064374615887],[144.61464996274256,-38.28557096634897],[144.61618011257332,-38.28775081629441],[144.61424324241287,-38.292142866446945],[144.60771102245013,-38.29069100618162],[144.60446277277322,-38.28896045627405],[144.59761143259405,-38.286936926202365],[144.57679865233882,-38.27951300653033],[144.56548482228962,-38.27638806626047],[144.55664898237524,-38.27477911673455],[144.54925488279633,-38.272843976231265],[144.5387092623337,-38.27163117615891],[144.52556645248458,-38.27132629640832],[144.51212474259762,-38.27348045643891],[144.50843182236355,-38.274790516641104],[144.5029409824788,-38.27845060652403],[144.49899887227983,-38.28329603635513],[144.4948776227418,-38.28262675632902],[144.49989319275588,-38.29048974662639],[144.48549934232963,-38.288188836589335],[144.47555050235468,-38.287965936418864],[144.4648676121301,-38.28565498660758],[144.45668274267456,-38.284920056718626],[144.44795789230844,-38.283133106074104],[144.43568600272056,-38.28130415665303],[144.4274231029045,-38.28209619664808],[144.41680229255425,-38.287462286362484],[144.41339235241438,-38.29079132657844],[144.40981283280684,-38.29086197628065],[144.40502951232804,-38.29253138624586],[144.39805366295548,-38.29705446641304],[144.3901188224913,-38.29801949653404],[144.3824289624866,-38.30009053611138],[144.37827205252674,-38.3022775761368],[144.37786511300814,-38.30584858599644],[144.37026235275502,-38.311210686407904],[144.3529918228029,-38.31734985624922],[144.34054105259074,-38.32015593643157],[144.3292243425427,-38.325559006116514],[144.32715614228093,-38.32853697609879],[144.32792399254137,-38.33208898607433],[144.3257251224401,-38.33773298660684],[144.32730801236121,-38.34026495625064],[144.32231467295546,-38.3410611162076],[144.31736592232724,-38.34545497649402],[144.3102951830129,-38.3459190365076],[144.30348001260037,-38.34825804596664],[144.3011218226901,-38.35075663636723],[144.29773404219168,-38.35225700642365],[144.2968491728908,-38.355870966554065],[144.28931005288564,-38.360756956466396],[144.28569816248682,-38.36760101609975],[144.28336395220475,-38.368464025975044],[144.27890317272707,-38.37263101592708],[144.27175790288862,-38.37517902653066],[144.2685668525391,-38.37875695646284],[144.26538587230397,-38.380645976142624],[144.26170883248744,-38.38078898618094],[144.25663285256718,-38.382747026452314],[144.251570192866,-38.38841099645676],[144.25362506302724,-38.392623986035126],[144.25146612304036,-38.39642703647292],[144.2455401724696,-38.39621903641619],[144.22933891259007,-38.398384056370396],[144.23425400244628,-38.372946995953065],[144.2281279925702,-38.37265599638918],[144.20813500226689,-38.3797099859115],[144.2040710230232,-38.38081199631787],[144.20545003220573,-38.36992298620965],[144.19606099267142,-38.359567006585905],[144.19898898306806,-38.351432996177735],[144.20235771299423,-38.345384866099565],[144.2031020229026,-38.340929996343625],[144.16670940224716,-38.33651450591634],[144.16537000248042,-38.34272099635341],[144.1616354624009,-38.34043339629929],[144.16145610297465,-38.338283636364324],[144.15881485302012,-38.336132496398434],[144.14993396259425,-38.33277691593203],[144.14935803290265,-38.33097699624038],[144.15224602221795,-38.326791996501],[144.1505324229314,-38.32145894654587],[144.14090018250022,-38.32217883603528],[144.13610090255213,-38.326176725918835],[144.12805298305827,-38.33085500623954],[144.10874047287086,-38.32461654656376],[144.10771898239162,-38.331615016489735],[144.10355900288846,-38.329865996340004],[144.09653801227458,-38.33173199643016],[144.0889350229511,-38.33299900617423],[144.08464725270892,-38.33529625628816],[144.080998022937,-38.3350769965619],[144.08264800263674,-38.325416006057786],[144.05790743222656,-38.3225982261351],[144.05857198251752,-38.318899985898476],[144.04001695243898,-38.31698309650583],[144.01277700300705,-38.31374000631784],[144.01614712262693,-38.29539320620718],[144.0256059926999,-38.293708996358795],[144.0269609827283,-38.28584999604154],[144.0297838926946,-38.28503601623836],[144.02738401287039,-38.281065986245224],[144.03891199230011,-38.274545996186816],[144.04095000288018,-38.27247899647576],[144.04549600283391,-38.27213600591014],[144.04771298297138,-38.2735439966047],[144.05049599246772,-38.25945898595106],[144.04610099302502,-38.258943006392286],[144.05239001298915,-38.22547398639825],[144.05581225286184,-38.22427600598695],[144.0497670123096,-38.21473299614479],[144.0550410123595,-38.186260996219325],[144.05981842282202,-38.18671152640184],[144.06240715277352,-38.17239937638443],[144.00312702264557,-38.16554299648625],[144.0024599930044,-38.169183006251615],[143.978314402858,-38.16605816607368],[143.95328175241966,-38.16303537605737],[143.91894098268781,-38.15929099618317],[143.9186554028691,-38.16101465601592],[143.91221797223687,-38.15947296655201],[143.91376203247978,-38.153085026510006],[143.911283062283,-38.15057995662189],[143.90948018303368,-38.1535610261049],[143.90407515291972,-38.15281601616247],[143.90218587280805,-38.149102976228974],[143.90267201229378,-38.14595199649596],[143.89963956220265,-38.14446013636378],[143.90068641302065,-38.1385420063303],[143.82573903282204,-38.12972980612165],[143.80986536247545,-38.127698846178205],[143.81092328233441,-38.120597766160856],[143.82063144298357,-38.10513000637653],[143.82186043261532,-38.10434510649625],[143.82433546280132,-38.09188659614355],[143.8284104625769,-38.09219392660132],[143.82456311296227,-38.08096377607828],[143.81859156300942,-38.08015038607756],[143.82315403267563,-38.05579198643667]]],[[[144.66777589206416,-38.255074006143],[144.66915004225933,-38.259986086161845],[144.67299502211822,-38.26282210631498],[144.67164985247237,-38.26419496621995],[144.66733110203103,-38.262063126511045],[144.66854206247504,-38.25921708653607],[144.6671740028575,-38.25503304632861],[144.66365701228193,-38.254357056156216],[144.66382699239824,-38.25061602638884],[144.66645499220238,-38.24986398641217],[144.670415832275,-38.245031916363686],[144.67807765226652,-38.237889766789536],[144.6811570824504,-38.24030699620916],[144.67796881238664,-38.249111906202124],[144.68234176268075,-38.24775185649144],[144.686642702225,-38.248056826718],[144.68943966255765,-38.24665278661598],[144.68926161197675,-38.24298174612967],[144.699776462446,-38.24155766650285],[144.7018711225845,-38.244093016325294],[144.6976051122334,-38.248262996211416],[144.68885891250625,-38.2515620461969],[144.68144981285872,-38.25254892674861],[144.67236792259143,-38.25514301665895],[144.66777589206416,-38.255074006143]]]]},"properties":{"name":"Corangamite","ced_code_2021":"209"}},{"type":"Feature","geometry":{"type":"Polygon","coordinates":[[[144.25831513209138,-38.05980326662423],[144.26263151277703,-38.05539777662906],[144.2630984220274,-38.050387106735755],[144.2610295327578,-38.04759989646615],[144.26049097208372,-38.04090775609741],[144.25835258285557,-38.03531931629488],[144.25389684202824,-38.03383413650273],[144.25143587227313,-38.03166700662515],[144.24968700243357,-38.025284676735986],[144.25174801257987,-38.020955746243686],[144.247081672514,-38.01847571622097],[144.24495500270694,-38.011932006774586],[144.24074002205393,-38.00805999626113],[144.24274901255873,-38.00445298638677],[144.24358001258702,-37.999622996807446],[144.24682000225488,-37.997060996752204],[144.24544100205546,-37.99328098660572],[144.24736101263468,-37.98693598682187],[144.24354599248886,-37.98360498615238],[144.24014299273298,-37.98334598666635],[144.2418280121187,-37.978240986689016],[144.2398190126308,-37.97657498642328],[144.24151998250272,-37.97401399636129],[144.24031702245466,-37.97030398673661],[144.2363200126154,-37.966424006609635],[144.23512500265753,-37.95431299631052],[144.23733201239367,-37.949153996202156],[144.23480300244228,-37.947460006253266],[144.23501200267967,-37.944091006812954],[144.23683437267573,-37.94238251672188],[144.20251988225917,-37.938257806746684],[144.2067876119857,-37.916259566577956],[144.20810124268016,-37.912826686564415],[144.2121764724245,-37.910623486169136],[144.21343134251958,-37.90144739627865],[144.21767720276054,-37.898755326519556],[144.22379328265947,-37.89732842633534],[144.22815591220922,-37.89049115653394],[144.23213875202313,-37.887823106320425],[144.23331902242384,-37.885531996814635],[144.240758482433,-37.876545006209014],[144.24310543262243,-37.8748309866204],[144.24412608227854,-37.871818836373315],[144.2365207627252,-37.86994111648833],[144.2342113324703,-37.86665947684507],[144.2325534323246,-37.860951046343764],[144.23346337270684,-37.856598016821486],[144.23381023200096,-37.84839096655762],[144.23225223259973,-37.84516094688851],[144.23139109229703,-37.836109896320785],[144.22897307279226,-37.832836886293904],[144.22492015270805,-37.83236789667346],[144.2185859025693,-37.830029216449674],[144.21067628230676,-37.8249939064483],[144.21128824252602,-37.82218788671786],[144.21749806252322,-37.819039846582825],[144.22244578278386,-37.81020104691366],[144.2325013120718,-37.81129121631989],[144.23348955230918,-37.809063356236955],[144.23843628262634,-37.80949194641225],[144.2380865424351,-37.81147175663325],[144.2470575123244,-37.81259043671351],[144.2481033426563,-37.8096635167737],[144.26361044197643,-37.811658816485085],[144.26515764272958,-37.81596749671615],[144.27447405257493,-37.817521496759014],[144.29102519188461,-37.81940024666332],[144.29601587227702,-37.81956472689183],[144.29424869207708,-37.8289280663569],[144.29672441216917,-37.82880583689858],[144.29984311220568,-37.83098150630804],[144.30521033222922,-37.83657048630746],[144.31220486206809,-37.83639229680511],[144.3148430119366,-37.837055796408904],[144.316382802487,-37.839842086355674],[144.321286722691,-37.8414270368048],[144.32273376218834,-37.844655026617446],[144.32712668203118,-37.84391198668188],[144.33044796204572,-37.846288976489866],[144.33757747273916,-37.84313885672187],[144.3392564419715,-37.844918856253734],[144.34527339188054,-37.84408777661511],[144.3466983121606,-37.84199575658588],[144.3523539524758,-37.843505986848974],[144.3549382627161,-37.84309869652157],[144.35786403247738,-37.8279796269196],[144.35874397272235,-37.82603799655858],[144.36198776226385,-37.81082952676353],[144.39911855194447,-37.8152322366888],[144.40336522246577,-37.80489110668755],[144.40783399245794,-37.80919100658545],[144.4160920018456,-37.80976300674801],[144.41682602245078,-37.81475398687175],[144.41479702197302,-37.81642500694628],[144.41732519199962,-37.81953416637869],[144.42053201227395,-37.81980398633397],[144.42043499242664,-37.82581099653026],[144.4179720122419,-37.82704500651921],[144.41998900224428,-37.82938399631526],[144.41988599243064,-37.832133996370025],[144.4229999924816,-37.833903986757754],[144.42188601235898,-37.836895996409616],[144.4216459923965,-37.84621799685669],[144.42801400212196,-37.85194899656277],[144.4304109920659,-37.858092996332594],[144.43379698222196,-37.85459399649437],[144.44187900266226,-37.86051499679699],[144.44406100240255,-37.864033996357385],[144.44719022260938,-37.86492887631951],[144.4473371025482,-37.867680366423556],[144.45303230197356,-37.86707842686225],[144.45832177191102,-37.8739645163449],[144.46057105187285,-37.873695326333575],[144.47149740260735,-37.886701046675675],[144.47461537231356,-37.88668134640252],[144.47998441232394,-37.88879407655203],[144.48079694209164,-37.89032911655467],[144.47955167229196,-37.895034496319674],[144.48107160198978,-37.89938473681777],[144.4840775922042,-37.902447546262906],[144.4846705422755,-37.90915504686339],[144.48141612207093,-37.909062366759315],[144.4781116719932,-37.910792526371985],[144.4785087525016,-37.91486492650337],[144.4769417025739,-37.92207940627849],[144.48088910205325,-37.921428636826185],[144.4807004324874,-37.925121146686955],[144.47899475274843,-37.92759677633899],[144.4755758321507,-37.92782412685088],[144.47681931250636,-37.933098566384494],[144.4741459127461,-37.93415605646968],[144.4788475125852,-37.93883030690234],[144.47692513225016,-37.94196572664065],[144.4796107221489,-37.94437962634978],[144.47713716250502,-37.94597611687561],[144.4798861222588,-37.94994666656113],[144.48826440258824,-37.95714279654275],[144.48864564220497,-37.96045127627464],[144.49390128248703,-37.96237520688196],[144.49533697266915,-37.96549848661712],[144.49462058239973,-37.97052173623628],[144.49541690206814,-37.97376219662868],[144.50187025264384,-37.97572247660552],[144.50596595229854,-37.97389008645968],[144.50848091259886,-37.97460864640238],[144.50838911196334,-37.9773491364558],[144.51751908275963,-37.98103428670817],[144.52212133252155,-37.98045223644903],[144.52396093220477,-37.97340667644288],[144.52640964265126,-37.974008776713745],[144.53152705197408,-37.971311846864666],[144.5364622919405,-37.97248040673533],[144.54164269202934,-37.97130248641929],[144.54773498274292,-37.973537456802326],[144.55048825261346,-37.97586421658464],[144.54961667209048,-37.978813436546666],[144.55467217221894,-37.98480230656937],[144.56084220223886,-37.98471212630462],[144.56375929247778,-37.98654883630287],[144.5666515119598,-37.98626723676377],[144.57337309229285,-37.994328996890175],[144.57202777262842,-37.99786787645715],[144.5773082719894,-38.00159845632503],[144.5915779123613,-38.00444558663623],[144.58150266235785,-38.01102063655083],[144.5766878020294,-38.016420696251046],[144.57512181211374,-38.020699786513326],[144.5678699922011,-38.022450806427955],[144.56604408194445,-38.026174856542575],[144.5629331424537,-38.029122886632045],[144.56203320211722,-38.03293392664427],[144.5563293123898,-38.0364440064114],[144.5507313825434,-38.0360620367582],[144.53939659210366,-38.04001418671403],[144.53362875220947,-38.04286426630479],[144.52089912247524,-38.04401797646658],[144.51569200199822,-38.04560442665736],[144.51240616231826,-38.05202549622018],[144.51384411266156,-38.05475251625688],[144.5120132023821,-38.05900756671122],[144.51549318236798,-38.061230586731405],[144.5156441819807,-38.06376060655822],[144.5122603423915,-38.07110269677969],[144.5112844027853,-38.074952736703345],[144.51144957242334,-38.08339581627451],[144.50962570224073,-38.08742188660405],[144.50716279212457,-38.08984294628062],[144.5018208327268,-38.087673946425376],[144.49831387273966,-38.08736295642503],[144.48743089266705,-38.07827986629937],[144.48171696246968,-38.077920896525],[144.4781100622122,-38.07677389622147],[144.47521810234335,-38.078502906175146],[144.4713021924079,-38.083461956167376],[144.46671637283256,-38.0807529461671],[144.4659953526462,-38.07718388658728],[144.4587591526397,-38.07724103662409],[144.4573616821798,-38.0782318962814],[144.45653886221046,-38.0828849765669],[144.45316998226565,-38.082279936614654],[144.44790836279694,-38.08669202661047],[144.44484053255835,-38.091800186549264],[144.4418476820016,-38.09058112668839],[144.44376959251767,-38.08647797635732],[144.4248440424187,-38.08475297665179],[144.42155211216112,-38.0853569666639],[144.41268228269135,-38.08422284629089],[144.40684531204613,-38.08143391679167],[144.4036023220052,-38.0774309264033],[144.39794296266473,-38.07381640628777],[144.38945839277255,-38.07665717624192],[144.3831972924474,-38.0840827766211],[144.38215693285565,-38.0891549668009],[144.38323660272425,-38.09225352664797],[144.38157516231806,-38.09735197621689],[144.37557974233147,-38.10128176613379],[144.37109484219002,-38.101672966111565],[144.3657778523639,-38.10533902639101],[144.3620298824709,-38.10489006663781],[144.36096992253786,-38.10670310657328],[144.36578989248366,-38.10829498673976],[144.3665819020354,-38.10990504626231],[144.36049714279713,-38.1144590065569],[144.35829615267176,-38.12286523631908],[144.3585172720806,-38.126381276206196],[144.35579484227213,-38.13304203652494],[144.35611706257467,-38.138401986383194],[144.36041614260625,-38.142016016153605],[144.3685730528969,-38.14652303616722],[144.3739292128627,-38.14669741635818],[144.38026108246592,-38.14428137625659],[144.3850270025777,-38.143539336303725],[144.3887679925609,-38.1486853366144],[144.3945612026754,-38.149597536567086],[144.3962029322476,-38.15165428655909],[144.40093487268544,-38.15342727671992],[144.40196088258887,-38.155007286744706],[144.40666967254344,-38.15466126619388],[144.40534987221963,-38.157657766648775],[144.397508322696,-38.20078436641772],[144.3862131021462,-38.19948957616229],[144.38280261223744,-38.19504801651598],[144.38024761222823,-38.193154936196926],[144.37643369251867,-38.19263778644335],[144.37219272270613,-38.19366566607174],[144.36853980265496,-38.19294353634953],[144.3654778222455,-38.190041396172305],[144.36431577237374,-38.18604327669392],[144.36069000210546,-38.18610598668326],[144.35838097249916,-38.18447898624099],[144.3491251621046,-38.189115366532114],[144.34838461254395,-38.19293916611239],[144.34320701250383,-38.191248986538355],[144.33097294288766,-38.192665646639355],[144.32741952293236,-38.195564096522816],[144.32060001275863,-38.19550398636883],[144.31147201286606,-38.20072600636323],[144.31109001237633,-38.19339199612277],[144.30863801229927,-38.18892300643444],[144.30465896247753,-38.18455829650596],[144.2969615521328,-38.17900603614034],[144.29386449251152,-38.175718186154256],[144.29278201271268,-38.17180450664435],[144.29064898283352,-38.17174199621184],[144.2936757124529,-38.15644478656626],[144.288777992421,-38.15601200619936],[144.28848599234294,-38.14776399646343],[144.28539682262476,-38.1459079663853],[144.2806142926634,-38.1456830064679],[144.27318202276973,-38.14689200659647],[144.26851900287716,-38.14610998654959],[144.26326114285797,-38.1407837464966],[144.26511628249727,-38.13146653658717],[144.2611051223957,-38.13034140638878],[144.268149002083,-38.092832006767175],[144.2718610124152,-38.09179800617642],[144.27407412261041,-38.08800457644848],[144.27784978217375,-38.08919447651891],[144.28092816222704,-38.08350250624169],[144.28399573285253,-38.08318913614796],[144.283984012533,-38.07748599656745],[144.28129823219152,-38.07303829633007],[144.27667080265215,-38.06999279636839],[144.2768612526789,-38.068203866615065],[144.2728781927777,-38.06573849644496],[144.27045215221577,-38.06759167675477],[144.2655050122668,-38.06734299616784],[144.25963669221488,-38.065755326094646],[144.25971841285457,-38.061876606193835],[144.25831513209138,-38.05980326662423]]]},"properties":{"name":"Corio","ced_code_2021":"210"}},{"type":"Feature","geometry":{"type":"Polygon","coordinates":[[[145.31797346199747,-37.84391879678857],[145.30866581162448,-37.84267659668133],[145.30885740161338,-37.841748306632574],[145.2935210522658,-37.834060846764245],[145.28065356167815,-37.83321637662442],[145.2793391916702,-37.835561516968696],[145.2700180818393,-37.83589469656441],[145.26747326243728,-37.83697703654327],[145.25704153218297,-37.83587471665752],[145.25049959244885,-37.83769236657536],[145.239194521872,-37.83855653693519],[145.23183503168607,-37.84006015698274],[145.22279365184474,-37.837877306846295],[145.21670819192062,-37.83816377701513],[145.21455972179828,-37.83941369652179],[145.21012994228272,-37.84603193683906],[145.2095420317602,-37.85142870677063],[145.20670094168918,-37.85286789687759],[145.2048238624957,-37.857328026827574],[145.20071593227843,-37.85864956659723],[145.19889684203147,-37.86351839667932],[145.19570382167657,-37.86517618678135],[145.1692270521639,-37.86201534715885],[145.1692659617921,-37.8548383470514],[145.16296128239588,-37.85414011685933],[145.16437507165134,-37.846805116627046],[145.1543950619326,-37.845413376531255],[145.15664977221027,-37.83318831703812],[145.15342595221756,-37.82900700652169],[145.15219476171333,-37.82428154703927],[145.15419204178005,-37.81756106697987],[145.15940304208078,-37.81797804715618],[145.17833471240178,-37.818510656504245],[145.19812969245694,-37.81572002687885],[145.21335982231034,-37.81722203662169],[145.2138183718387,-37.81070476703908],[145.21720608226855,-37.79088290709098],[145.22211179191657,-37.79230851698528],[145.22271886170745,-37.78893982682342],[145.23596529222465,-37.79008640666786],[145.24056926226035,-37.764763106796025],[145.25381507204162,-37.766297846641194],[145.2571409918546,-37.76503573662074],[145.2653839320034,-37.76692049704413],[145.26753090193918,-37.76653851710691],[145.2719197721767,-37.76310657709687],[145.27820269168174,-37.76184463703249],[145.2895725523502,-37.7628189272645],[145.29643269152757,-37.76345324717982],[145.29590030227953,-37.76640011694958],[145.30055471182013,-37.77342757679723],[145.30347142207168,-37.77575659699172],[145.307063531568,-37.77663005685872],[145.30526569186733,-37.78435242717941],[145.30568763235294,-37.789230686779106],[145.30913228159872,-37.79542089669874],[145.30428756216858,-37.8215379770975],[145.3168076517779,-37.818158747106956],[145.31872320222175,-37.831721397179955],[145.3187267820082,-37.84028056663579],[145.31797346199747,-37.84391879678857]]]},"properties":{"name":"Deakin","ced_code_2021":"211"}},{"type":"Feature","geometry":{"type":"Polygon","coordinates":[[[145.0612379020669,-38.20143599662919],[145.06503587218862,-38.19768003650712],[145.06915796254972,-38.192106446882995],[145.07292578251557,-38.18516629640137],[145.07393292240815,-38.18033396667732],[145.07711890266614,-38.17726000661649],[145.07829216261433,-38.17388194695814],[145.08402802248438,-38.17102895653481],[145.08755024215327,-38.16423760689584],[145.09106212221326,-38.16265451676701],[145.09324610184038,-38.16422150692547],[145.09873895215478,-38.16194937662952],[145.1033107526218,-38.15640925688543],[145.1122545323041,-38.15212008643715],[145.1177502626173,-38.14388090644416],[145.12133989186503,-38.13339473659107],[145.12300674192588,-38.124833596358194],[145.12436271201634,-38.111410366346995],[145.12443173227462,-38.098912136760006],[145.12278690261635,-38.084999976756016],[145.12383635226047,-38.08216405695911],[145.12796030213417,-38.0818259668695],[145.13136130224035,-38.083711907007626],[145.13626617196354,-38.082456836878556],[145.1415420926116,-38.08247074666205],[145.1486648524656,-38.0834103664904],[145.14981599229824,-38.075053876492504],[145.1546327822079,-38.075662526840325],[145.15625367176386,-38.06739541686057],[145.2395833226084,-38.07767698671464],[145.23369550192822,-38.10699675658903],[145.22794931233076,-38.13646654639592],[145.21576682218154,-38.20065218686303],[145.2095983525352,-38.19990991654193],[145.18202859203663,-38.19909733676423],[145.16347334187077,-38.18520266643661],[145.15906202183598,-38.18157071645171],[145.1543096123862,-38.19168882696836],[145.15238748268115,-38.194478776659864],[145.1479946724328,-38.194072906972224],[145.13966187200947,-38.19727704667875],[145.13353385260214,-38.195668116348266],[145.12894397264162,-38.199996176293055],[145.11793247239797,-38.205104486555726],[145.11046107189057,-38.21038605636919],[145.1093650122596,-38.213957996920705],[145.09934047215387,-38.22489373691508],[145.09361581247876,-38.21676466664914],[145.07765698184326,-38.21924999626262],[145.06332402192191,-38.215132986390536],[145.06346801198052,-38.21020399643598],[145.06173298248459,-38.20624699641504],[145.0612379020669,-38.20143599662919]]]},"properties":{"name":"Dunkley","ced_code_2021":"212"}},{"type":"Feature","geometry":{"type":"MultiPolygon","coordinates":[[[[145.0612379020669,-38.20143599662919],[145.06173298248459,-38.20624699641504],[145.06346801198052,-38.21020399643598],[145.06332402192191,-38.215132986390536],[145.07765698184326,-38.21924999626262],[145.09361581247876,-38.21676466664914],[145.09934047215387,-38.22489373691508],[145.1093650122596,-38.213957996920705],[145.11046107189057,-38.21038605636919],[145.11793247239797,-38.205104486555726],[145.12894397264162,-38.199996176293055],[145.13353385260214,-38.195668116348266],[145.13966187200947,-38.19727704667875],[145.1479946724328,-38.194072906972224],[145.15238748268115,-38.194478776659864],[145.1543096123862,-38.19168882696836],[145.15906202183598,-38.18157071645171],[145.16347334187077,-38.18520266643661],[145.18202859203663,-38.19909733676423],[145.2095983525352,-38.19990991654193],[145.21576682218154,-38.20065218686303],[145.2149337820792,-38.205296816618144],[145.21544748187782,-38.2087293267337],[145.22001804266975,-38.21195762650003],[145.2265412525302,-38.21895072634435],[145.229937872451,-38.22059735694737],[145.25422000202897,-38.22361000646173],[145.25545283195862,-38.22788401639145],[145.25538300231833,-38.23261101677843],[145.25257502235206,-38.233564016650725],[145.25504603257713,-38.237433016781054],[145.25850890235182,-38.23855704671055],[145.26148788202227,-38.24107200639429],[145.26049789186683,-38.24339795632288],[145.25102811265302,-38.24668403649656],[145.24803289234055,-38.25219599694127],[145.23723108224036,-38.264238986912865],[145.22702619186666,-38.27139100636049],[145.2236090625096,-38.27644801650226],[145.2210209919216,-38.284481956761574],[145.22183892236077,-38.289972966569344],[145.22784696188052,-38.290232966383584],[145.2259609426533,-38.29343497658031],[145.2256300625914,-38.298749046544515],[145.22345835215444,-38.29981751682736],[145.22312208220083,-38.30630790674124],[145.21129721226455,-38.304084966662984],[145.20612330250367,-38.30374299673133],[145.20579425230997,-38.29955794684786],[145.20338824238226,-38.29735394637654],[145.19762631250427,-38.297079956577655],[145.19391437224073,-38.29981799691766],[145.1958693919632,-38.301700996514256],[145.19646744266862,-38.306385016680956],[145.19918096208787,-38.30743080628323],[145.20051106249474,-38.311710126420586],[145.198664272696,-38.31520612640927],[145.19501156195233,-38.31525609664103],[145.1980415821006,-38.321221106676695],[145.19582062242645,-38.32367115640156],[145.1929406326087,-38.32338414639961],[145.1944186621867,-38.327842166820524],[145.1979111619927,-38.32937496644579],[145.19715087195368,-38.33224002656337],[145.2014391820834,-38.33610200654806],[145.2047246525557,-38.337254136435504],[145.20645464250293,-38.340793126869464],[145.2090416225362,-38.34192410638681],[145.21476657236715,-38.3423810764425],[145.2182276122736,-38.34739905681133],[145.21823166187892,-38.3500240568714],[145.21428473221846,-38.35456212669646],[145.21317915224208,-38.3584120068167],[145.21346315192426,-38.36590902645378],[145.2147930025995,-38.368756966565755],[145.2216998227306,-38.37518425625731],[145.2219088220697,-38.3778843166112],[145.21459392245777,-38.37984035670532],[145.21075394262178,-38.37856133634095],[145.20853405194282,-38.37599198673493],[145.2008770424297,-38.37327037641474],[145.20020300233605,-38.369705356816745],[145.19640699233824,-38.36658638643695],[145.19267107244642,-38.36898745661727],[145.19269914210415,-38.37298049652716],[145.1847762025208,-38.37174260662994],[145.18401627270623,-38.374654636411876],[145.19578613250943,-38.37665848676417],[145.20408306230507,-38.37874537642211],[145.2078540227812,-38.38139936638589],[145.2152879321002,-38.38318741626821],[145.21861396240593,-38.38811947678626],[145.2192219826144,-38.391959536241814],[145.21772102264052,-38.39379157621759],[145.22636696229708,-38.39771257630385],[145.22951093194254,-38.40136860678278],[145.22949498235468,-38.404478616357146],[145.2324719920197,-38.4065396162811],[145.23164103241564,-38.40961264658579],[145.22255410259956,-38.40710069661421],[145.21595118252898,-38.40722775670755],[145.20358330256306,-38.40501480676785],[145.19791437257152,-38.40282273659261],[145.19120742220122,-38.401134706270675],[145.1867874927127,-38.39917476667296],[145.17276573256206,-38.3962959366213],[145.1680378120851,-38.39704700669047],[145.16049819261673,-38.39548599685984],[145.15293097241116,-38.39315904633638],[145.1407091324593,-38.3919972764411],[145.13444014223103,-38.39023833635175],[145.1299351719295,-38.39045238631496],[145.12363706281133,-38.393901006731866],[145.12148604237188,-38.39337898633838],[145.1163343227951,-38.39507862663251],[145.1145003824982,-38.39855765682209],[145.1110044825688,-38.40106871677517],[145.1069305724497,-38.40088477644086],[145.09639061227162,-38.402417906836284],[145.09134664201994,-38.405775006558265],[145.0893616221602,-38.40825004663589],[145.08422461249612,-38.41114612681182],[145.07777700215507,-38.41809497668022],[145.07612274198294,-38.425567326508244],[145.0677167926444,-38.4248184065275],[145.060122972425,-38.427321956498204],[145.05687615196777,-38.42963197639109],[145.05018515208366,-38.43002195667559],[145.04893309281704,-38.43395603641407],[145.04582482222096,-38.435760996315395],[145.04497992256026,-38.43950696631155],[145.04084210269858,-38.4426109664043],[145.03928293279256,-38.44509102661295],[145.04057101270539,-38.446939966120766],[145.03703113215806,-38.451921016277126],[145.03231584199403,-38.45650104660745],[145.03177188244513,-38.465330036560154],[145.02675817284205,-38.47036301609545],[145.02513491263204,-38.47533200622876],[145.02567887218098,-38.4796739567153],[145.0297609228332,-38.48180904666945],[145.0302080421979,-38.48533100633519],[145.024670192576,-38.48286996632611],[145.01891699252596,-38.483360016346985],[145.0144069027257,-38.48006997662396],[145.01099915267855,-38.479661996225914],[144.99306637212257,-38.48573949608467],[144.9892274127727,-38.48415155641552],[144.9874119723807,-38.48583301666901],[144.9843605723287,-38.485273656305836],[144.979924692354,-38.48721272633983],[144.97874476241486,-38.48959073659723],[144.97560488279888,-38.49046277620841],[144.96415001275852,-38.48652589663798],[144.95956010225532,-38.48679501669946],[144.95266427211337,-38.48923816643793],[144.95117627213403,-38.488141226324046],[144.94508241206367,-38.489707326079],[144.9427004626125,-38.491280356141026],[144.943322532472,-38.495192356353485],[144.9384856220966,-38.495069436102206],[144.93604972252447,-38.496998486200894],[144.93326798234767,-38.49498800638238],[144.92439786272203,-38.49739568625174],[144.91864094274845,-38.49701680648819],[144.91953683258126,-38.49470802620328],[144.91492294244986,-38.49276389656982],[144.9146409028917,-38.49030191649372],[144.9111520924666,-38.48925301662422],[144.90640800231458,-38.491127996105405],[144.89448589244375,-38.4914889866273],[144.88836514220367,-38.496869986036636],[144.8853699524339,-38.49352596660692],[144.88509707209835,-38.487159986280524],[144.88416399291108,-38.48383403671138],[144.88667103276558,-38.47724801619689],[144.88470506257974,-38.47628303631357],[144.88202414212387,-38.47234399666129],[144.87668495223213,-38.467711976715655],[144.87184586254384,-38.45974500658854],[144.86135112265896,-38.450068026207276],[144.85071710258242,-38.44132001675448],[144.84644317268385,-38.43890702668422],[144.8458869825723,-38.43721196633082],[144.8410208428142,-38.43238301669378],[144.83473200251308,-38.42743895630648],[144.83095487240763,-38.425335016692294],[144.8233819227472,-38.418829016525784],[144.81874401256349,-38.41618103657904],[144.81130718282142,-38.40916302607518],[144.7989271423615,-38.40066395674703],[144.79117994289214,-38.39333201651962],[144.7888140121991,-38.39245595607674],[144.78652189247973,-38.38929803647857],[144.78437306213303,-38.38951700670074],[144.78074496253316,-38.38597099673957],[144.76808701207042,-38.37655503655472],[144.7670638821658,-38.37400802656346],[144.7639560220998,-38.373505016390745],[144.7551151327552,-38.36772899642384],[144.7524658922862,-38.3640749863367],[144.74670984278006,-38.36054502618515],[144.73824910249743,-38.35322198660984],[144.73312199226785,-38.351562036439056],[144.72743521275163,-38.346010646508354],[144.72284687250354,-38.34472894633517],[144.69471851261181,-38.33042489639044],[144.68473864213192,-38.32481486642679],[144.67812769291945,-38.319734836490234],[144.674758742906,-38.31989680642771],[144.66603572240814,-38.31216073676218],[144.66222074268651,-38.310567716672644],[144.6597337020252,-38.30666767629466],[144.6679775925915,-38.30803771655974],[144.67389249208767,-38.30597268631132],[144.68022436258917,-38.30521868669044],[144.68783819278156,-38.309085736565144],[144.69771892249165,-38.312369766455575],[144.7051118524641,-38.31537475650881],[144.7070169725692,-38.317656956647724],[144.71581500239327,-38.31878996623152],[144.71912763252996,-38.31783064646891],[144.7230366020814,-38.320573606598224],[144.73309060243687,-38.322387436545384],[144.73908506212445,-38.324690006232466],[144.74065500283075,-38.33327996670756],[144.74409305215414,-38.335965706451404],[144.7444307827683,-38.33857830627391],[144.74929181290906,-38.34219126649376],[144.75648994231378,-38.34471599615207],[144.76368095256993,-38.34870398652045],[144.76241919239658,-38.35030103654391],[144.76322412241703,-38.35355498649429],[144.7668910624748,-38.35646099612462],[144.77454686285552,-38.3594699666218],[144.8070214625347,-38.36653190656086],[144.81218412269334,-38.36784897618741],[144.82498285263583,-38.369681006387914],[144.83694817237014,-38.370403966383776],[144.85092913283725,-38.36874697666077],[144.8594881227609,-38.36707496661266],[144.88025400287336,-38.360604006671814],[144.88346202239862,-38.36009199629118],[144.90034199271292,-38.355314996728865],[144.90616717207172,-38.35294803672834],[144.91739808223033,-38.350872986591924],[144.9237031227493,-38.34903500640155],[144.93715100226558,-38.3429749965913],[144.94530890249965,-38.34086903616869],[144.96169393253348,-38.33362998678717],[144.9750020521578,-38.32696998644978],[144.97982388251452,-38.3238790267304],[144.98662609203424,-38.3183659863038],[144.9914540623759,-38.31297201651614],[144.99315109223699,-38.31002496666726],[144.99432686207805,-38.304468986373635],[144.98982291226278,-38.30031986646831],[144.98362513238536,-38.29835699629873],[144.98296704277794,-38.29618294640397],[144.9938228326435,-38.28264596660251],[144.99999900264842,-38.27714002633606],[145.0010768426488,-38.27116402689076],[145.0063519323552,-38.271040026431734],[145.01539802206352,-38.264382006724006],[145.02560970190407,-38.25335222651858],[145.02769856251908,-38.24889617643193],[145.02845352195527,-38.24494716687483],[145.02741254252592,-38.2428571966391],[145.02854700244038,-38.239353006602805],[145.02550608213443,-38.229696006761685],[145.0317801720985,-38.22326801669581],[145.03179386242348,-38.21853796646106],[145.0341021922422,-38.21468301670733],[145.03794805245002,-38.21479299655102],[145.04115819199927,-38.21306202671619],[145.04495185200432,-38.21340497637061],[145.0490461323208,-38.21067099688603],[145.05185196261857,-38.207392016789086],[145.0612379020669,-38.20143599662919]]],[[[145.27657844242665,-38.3875686363734],[145.27464274187264,-38.38203817688626],[145.27758814251783,-38.37555603631765],[145.2756052121394,-38.36860584656779],[145.27387321266093,-38.365588826289724],[145.2735101423692,-38.35748789638353],[145.2753190825518,-38.35435201689034],[145.2783031421951,-38.34651401684232],[145.28118204235642,-38.336459036670014],[145.28315987210067,-38.32541098626891],[145.28232610256632,-38.322546026882456],[145.28639428233222,-38.313694236613635],[145.28722911187862,-38.30962214683243],[145.28595504209093,-38.3053251367667],[145.2872109721981,-38.296380956280984],[145.28932092256102,-38.2937799463865],[145.28832805240668,-38.289462026527445],[145.2902720426142,-38.28366999663792],[145.2970260018233,-38.28205403638963],[145.30405502247746,-38.2825189768907],[145.30944494202996,-38.28550894636444],[145.31426893193665,-38.285920986893],[145.31956595221402,-38.289999956798304],[145.33035984186836,-38.29236695660574],[145.33435188222748,-38.296888026472466],[145.3378449722266,-38.30387399636189],[145.34754193268074,-38.31021701638525],[145.35199295196293,-38.311261026628834],[145.35836892255838,-38.31138197680002],[145.36624500242317,-38.31311699637352],[145.3744670324871,-38.313996026720154],[145.38497293214283,-38.312837996815844],[145.39552884190874,-38.30809102660368],[145.40585184187762,-38.30523398640045],[145.41086015260586,-38.30449301683683],[145.42354117180508,-38.30787099659521],[145.4349420117744,-38.30729697653576],[145.44097309218287,-38.30771599664773],[145.44711290197833,-38.30622497693237],[145.45355902201433,-38.30729103700011],[145.45900511232327,-38.31095699634061],[145.46518201265846,-38.31933599697105],[145.46611513227,-38.325328016994526],[145.4731588619386,-38.33263403651815],[145.47770713193515,-38.33557703668884],[145.4819500726514,-38.336438966913526],[145.48526099239572,-38.339004956771745],[145.48986287205173,-38.33910196638479],[145.49221515194574,-38.34321696634259],[145.49518402197594,-38.34517202635568],[145.50261298247617,-38.35303298631788],[145.50001093230566,-38.35359296651936],[145.49296285209607,-38.35755296693284],[145.4798390218522,-38.36277602631786],[145.4759121722333,-38.36645603683804],[145.46985587252155,-38.366649986622065],[145.46057115254453,-38.36597697650303],[145.45643004215395,-38.36643002661734],[145.45011817264225,-38.36832397644949],[145.447754061936,-38.37027996652503],[145.44440318243284,-38.36899295654046],[145.4403848223342,-38.369827976532605],[145.43260594197977,-38.36975794678478],[145.4264611321614,-38.37166801641155],[145.41978889269367,-38.37012398655288],[145.41085118202943,-38.37078197649002],[145.4026039326623,-38.375078026391996],[145.39744115212935,-38.380349956351864],[145.39270392241116,-38.38272100659545],[145.38940308266262,-38.3884260265294],[145.39302651192128,-38.39377697673946],[145.3923777620978,-38.39647148664066],[145.38493585238282,-38.39910074682943],[145.38594350251847,-38.40672104676381],[145.3808437226331,-38.40688213654062],[145.37683726251706,-38.40985978691783],[145.37436446194965,-38.40509402629705],[145.37108844265242,-38.40376849654417],[145.36711837239017,-38.40569504651788],[145.36402919189223,-38.4055946162496],[145.35852660204358,-38.409138456636995],[145.3575250820114,-38.412629276598864],[145.35433585254697,-38.41414144661333],[145.35255170227302,-38.42004851654769],[145.34889480268515,-38.41990488668094],[145.34500105239118,-38.41752293645939],[145.34258220194482,-38.41445024677951],[145.33371003236368,-38.41186032637295],[145.32963298263263,-38.413373036865764],[145.32573131189278,-38.41123652661424],[145.31976287190744,-38.41285373679884],[145.31840354211784,-38.40841861639776],[145.31382107236018,-38.40342345680167],[145.31105631213887,-38.4019101867438],[145.30536001227725,-38.40148565636949],[145.30031067189677,-38.39851843668064],[145.29740436233948,-38.398331426665905],[145.28713359221783,-38.39565032635074],[145.28269905252955,-38.397285446639394],[145.27810294275267,-38.39667110653237],[145.2799728021862,-38.40308316653125],[145.27938960242898,-38.40571736660461],[145.27634722236076,-38.40606684643915],[145.27241784218765,-38.40968951635287],[145.26973371205133,-38.403335786378136],[145.2742797524293,-38.39821766679095],[145.2766561224442,-38.391737296607566],[145.27657844242665,-38.3875686363734]]],[[[145.21285798207015,-38.32892001646177],[145.20850306186216,-38.33294202627193],[145.20805707257813,-38.328037006485694],[145.2114309821902,-38.32677700648147],[145.21285798207015,-38.32892001646177]]],[[[145.36606958210945,-38.41638875677881],[145.36779147194778,-38.41373080646184],[145.37210325236083,-38.417612866569726],[145.36850683274784,-38.419094936276146],[145.36606958210945,-38.41638875677881]]]]},"properties":{"name":"Flinders","ced_code_2021":"213"}},{"type":"Feature","geometry":{"type":"Polygon","coordinates":[[[144.76913752172658,-37.81201674667528],[144.7751318421753,-37.76725052669495],[144.78200749256274,-37.727568706676806],[144.80184889216184,-37.72818710669575],[144.8152480820914,-37.72966725644932],[144.82478987205496,-37.726035577107616],[144.82678894246405,-37.724219286963496],[144.8304154421643,-37.724596886814496],[144.8297137618077,-37.73241985696854],[144.82755435200184,-37.73425634698132],[144.83244392251748,-37.736435057052375],[144.8373323324098,-37.735255916702734],[144.83498305199058,-37.74161714647236],[144.8381314323641,-37.74223726687427],[144.8394555023805,-37.74704633657705],[144.84520943186251,-37.746674306466005],[144.84676105232688,-37.74791898697233],[144.8496073220838,-37.75471508706118],[144.84829460228102,-37.75973752684895],[144.8538509922321,-37.76242899710435],[144.8540917524063,-37.76537963663373],[144.8512118218774,-37.76845773644797],[144.85265277169538,-37.77322885671213],[144.85837666241267,-37.77597787674897],[144.8607746423001,-37.776127856736416],[144.8651256620231,-37.772303766934975],[144.87124262227098,-37.77276774654653],[144.87437666193932,-37.77097368694202],[144.87424770249206,-37.76889667696697],[144.8706177020571,-37.76639461698418],[144.8729896218181,-37.76166947646653],[144.8778756224288,-37.75941044650514],[144.8820035123134,-37.75589936703808],[144.8852284417255,-37.756015376935764],[144.88429550177707,-37.76098847656106],[144.8894924021211,-37.76209847651367],[144.89409034176632,-37.765796476792865],[144.89816929233245,-37.76465345649824],[144.9016482518322,-37.76544945694188],[144.90194029233444,-37.76961648702488],[144.89596929215048,-37.772813586516975],[144.89792722241455,-37.78061867659007],[144.90398418238797,-37.784581696614794],[144.9028892222949,-37.790757766531165],[144.9041322220519,-37.79188678681724],[144.9118381017131,-37.794674756504214],[144.91649342214538,-37.79821426682353],[144.91242115234994,-37.79957779705168],[144.90960923237287,-37.80180685680085],[144.90643734219003,-37.80884997682403],[144.9054524320075,-37.81529102647862],[144.90649345186102,-37.819157026919186],[144.90556251246068,-37.82288803658178],[144.88213178185447,-37.820265216707796],[144.88346556176077,-37.81282436702564],[144.8692279319558,-37.811201656408016],[144.8274144420913,-37.82283157674592],[144.82531584194203,-37.81959497657874],[144.82658556208713,-37.81687175681559],[144.76913752172658,-37.81201674667528]]]},"properties":{"name":"Fraser","ced_code_2021":"214"}},{"type":"Feature","geometry":{"type":"Polygon","coordinates":[[[144.76913752172658,-37.81201674667528],[144.82658556208713,-37.81687175681559],[144.82531584194203,-37.81959497657874],[144.8274144420913,-37.82283157674592],[144.8692279319558,-37.811201656408016],[144.88346556176077,-37.81282436702564],[144.88213178185447,-37.820265216707796],[144.90556251246068,-37.82288803658178],[144.8988836721723,-37.82887609679545],[144.89714678226537,-37.83263009656338],[144.89721894213554,-37.838340086479725],[144.89836201240198,-37.84120405683034],[144.89714806236464,-37.84255205678677],[144.89985508247278,-37.84689004663034],[144.8962681517641,-37.84751105671091],[144.8963371720223,-37.84991804647003],[144.90158912202526,-37.85385103685003],[144.9039231921701,-37.861733006495015],[144.91155505244853,-37.862067977051325],[144.9155240618004,-37.865542986624696],[144.91313915240033,-37.86746598639478],[144.90425340208876,-37.87252497657381],[144.90095344179088,-37.87226799648917],[144.89564046204413,-37.869991996956976],[144.892578482533,-37.86773900663016],[144.88516255209603,-37.8683080368861],[144.88097352197494,-37.8657190866647],[144.87751759258413,-37.867306076423176],[144.87443659214514,-37.86359213687175],[144.87321253246768,-37.860447176990355],[144.8685815222436,-37.858712226891285],[144.86111960255568,-37.86070834655646],[144.85618473179687,-37.86343540704935],[144.85036882215354,-37.86394349695015],[144.8456439325924,-37.86820463686415],[144.84043107188074,-37.87144374694219],[144.82518634260725,-37.870943836758876],[144.81956651183424,-37.87252787683705],[144.8143896717688,-37.87514390676865],[144.8084718626295,-37.88033197660877],[144.8074769425197,-37.88475704664621],[144.80841893209632,-37.888658086957584],[144.80758702207464,-37.89138213645285],[144.80311117245975,-37.89584918695471],[144.79804632176754,-37.90512632640646],[144.79670940224932,-37.9129864169049],[144.79723544220496,-37.9189894664742],[144.79919053199606,-37.92284645633226],[144.79558958217905,-37.9242035069203],[144.79158568226157,-37.92759753664575],[144.78463776240952,-37.927475587020574],[144.77818186241507,-37.92804758657723],[144.77014503262342,-37.930850606972584],[144.76102846199623,-37.93734679658602],[144.75253875194394,-37.939247886995815],[144.7440379719524,-37.93926592671753],[144.7404900622631,-37.94127898674836],[144.74276499182122,-37.92881499668388],[144.72830176181063,-37.927083606433406],[144.7252538624933,-37.92379498677648],[144.71782057211348,-37.91944970645683],[144.71353802198138,-37.914867996605174],[144.7193030124195,-37.88153499683413],[144.71895203255315,-37.878041786964694],[144.75130019255946,-37.86982784686557],[144.75077404211103,-37.866846846403064],[144.75782752209378,-37.86506510688154],[144.75544582237424,-37.85827250650765],[144.7525384222622,-37.85444610650531],[144.7133120121441,-37.851173996697916],[144.7139690120951,-37.84740898663093],[144.71145201261905,-37.84476600674977],[144.70666401191767,-37.8449140069561],[144.70672402207362,-37.840373996622496],[144.70470101246048,-37.83991598644171],[144.7026850025201,-37.834554006702476],[144.70457201258904,-37.82881800678061],[144.703279991767,-37.82730999681078],[144.70491800231397,-37.823646996998654],[144.7040660221322,-37.8211770069981],[144.70667901198624,-37.81894999660837],[144.70603300202444,-37.81674299637428],[144.70920098184078,-37.812923986871226],[144.71226202261244,-37.81162499661108],[144.7085226720546,-37.80678781654503],[144.76913752172658,-37.81201674667528]]]},"properties":{"name":"Gellibrand","ced_code_2021":"215"}},{"type":"Feature","geometry":{"type":"MultiPolygon","coordinates":[[[[146.52145014200485,-38.68898858682682],[146.52585726241566,-38.664176036980805],[146.5204163221483,-38.663544106936946],[146.52835029214503,-38.623065886873114],[146.52496232210208,-38.622649916841276],[146.5256022423846,-38.619308906992366],[146.51186338237818,-38.61743306689952],[146.51217436206156,-38.61602804694431],[146.49332164197594,-38.61336524661732],[146.49274370185472,-38.615870276923104],[146.4780544916513,-38.61398643702328],[146.47860385187172,-38.61140642710674],[146.47623153236037,-38.609321906786754],[146.46155306241454,-38.607384626635024],[146.46312814238257,-38.59850045677013],[146.449723991956,-38.596812707087004],[146.44865078187257,-38.60206596714211],[146.44032243170324,-38.60105987653189],[146.43978450164647,-38.60396957703611],[146.42814782247405,-38.60256770665389],[146.42766650244988,-38.60498402702467],[146.4092325724581,-38.602628196756285],[146.40836256219026,-38.59912820674379],[146.40501551220518,-38.5969582269727],[146.39807098169672,-38.59873899679033],[146.3941120119165,-38.598457006566264],[146.3916660018058,-38.596704996948766],[146.38636401204826,-38.594912997107784],[146.38569701205148,-38.59207400673079],[146.37826302188404,-38.58977099690148],[146.3757420024471,-38.59264198707194],[146.36725995232928,-38.5893366367423],[146.36798531227683,-38.586595856511735],[146.3705931619708,-38.585067827112944],[146.369621901689,-38.582207266903666],[146.36580998252754,-38.58148498682712],[146.36421099210156,-38.579392996964536],[146.36545400173995,-38.57681400685401],[146.36158000180583,-38.57597900688353],[146.3603949918938,-38.574037006956665],[146.35253800212703,-38.57396899704792],[146.3419400017985,-38.5698940067152],[146.33685099181503,-38.570715997068625],[146.33048200202768,-38.56683698699899],[146.33046200193616,-38.56452700711653],[146.32500798219823,-38.56346599665152],[146.3225540121158,-38.56476199700391],[146.31729400242816,-38.56192999648591],[146.31356600208392,-38.56136999659364],[146.31609100195584,-38.55859000649201],[146.3159160218166,-38.55408599711126],[146.31122299190534,-38.551311996765264],[146.31434301246532,-38.54863400655951],[146.3126569321692,-38.546279176506346],[146.3176288916711,-38.5428316464429],[146.32113855199395,-38.5351761669623],[146.32406570246584,-38.53543364659832],[146.32675236225796,-38.53382120667783],[146.32738921209892,-38.53135816711191],[146.32293241215788,-38.52755756667689],[146.32147515162924,-38.52499328673486],[146.3164980124414,-38.52025298657488],[146.31358199209592,-38.51975700676105],[146.30716799222125,-38.521544996515786],[146.30441698251198,-38.52101700707299],[146.30027299212256,-38.524885996706374],[146.29553598249166,-38.52699000647057],[146.29348600186046,-38.525421996875124],[146.29038799182158,-38.527855986691655],[146.28556619200756,-38.520911516673536],[146.28433789228194,-38.51657396646312],[146.2860846016732,-38.50915940679005],[146.28529007234715,-38.50636886652066],[146.29099896209746,-38.504694596884626],[146.2927644319051,-38.50244873700834],[146.29169451235055,-38.50007542695093],[146.27624993218095,-38.49859104649365],[146.25475753239587,-38.4961098067648],[146.25752277231757,-38.48339096659992],[146.2598917321297,-38.48368895650773],[146.26256751242548,-38.47098987651585],[146.23842371172313,-38.46796893661888],[146.23991254174578,-38.46084895712767],[146.23550546175912,-38.460253656684046],[146.23718011189155,-38.45290699699195],[146.2692654419137,-38.456952746576086],[146.27044099166756,-38.454578987021826],[146.2721850016214,-38.44642230675379],[146.24797178180884,-38.44316339676161],[146.22328690245465,-38.44006153689449],[146.2264830219973,-38.424807807166566],[146.2306640220781,-38.42512029659005],[146.23284165241282,-38.41403425688159],[146.22874526195372,-38.41351873713715],[146.23454131164277,-38.38494618704147],[146.23438921159382,-38.38065914664916],[146.2408691019963,-38.37917206702328],[146.2387120520647,-38.37662405689902],[146.23271912220807,-38.37483908714855],[146.2256911921086,-38.375321136788486],[146.21803389243965,-38.373818867147435],[146.2134543116639,-38.37100262684987],[146.21422125193098,-38.36838813714831],[146.2205361119343,-38.36764406689508],[146.22375103231758,-38.365483986791496],[146.22682492169272,-38.36172090697637],[146.22628099178823,-38.36012300715519],[146.22961680205242,-38.355289916591005],[146.2314988920486,-38.35420640660908],[146.2435210023769,-38.35612198672069],[146.2474175617027,-38.33794042695649],[146.24959022165896,-38.33821213659353],[146.25095076237758,-38.33137394661059],[146.25051480188543,-38.32665106722094],[146.22856703170973,-38.32389017719719],[146.23229984163405,-38.31636206677055],[146.23566175155057,-38.31439405685904],[146.23916458198232,-38.30725695691366],[146.24102951235994,-38.30566392709254],[146.2522972516485,-38.298637716748466],[146.25474994163173,-38.28461846717763],[146.2560809816764,-38.27921798723971],[146.25996834225373,-38.27664669657112],[146.2622866721182,-38.27261333686205],[146.25859868183838,-38.26715232698183],[146.2582336415412,-38.26480030695061],[146.2685753722821,-38.25539126704014],[146.27469376174963,-38.25322744719107],[146.2782909817616,-38.24917983666129],[146.2789581218955,-38.2461662067104],[146.28247902193925,-38.244058186934105],[146.2844749922623,-38.240985166684055],[146.2871539418144,-38.239553156924806],[146.28889488222492,-38.23630114724792],[146.28588787152432,-38.23234214689589],[146.28689585223998,-38.23005314708192],[146.29003879151782,-38.22903912678025],[146.2939726920134,-38.22503111724464],[146.29368766196362,-38.22274810691306],[146.29629957204267,-38.21870008671715],[146.30302947167357,-38.216213036660726],[146.29888150174747,-38.21423505720972],[146.29651349145453,-38.21091102713866],[146.29731748183724,-38.20865600662962],[146.29592194185682,-38.20347700695182],[146.3040838818147,-38.20586894723105],[146.30734304153077,-38.201065197141446],[146.3107972219017,-38.20024087698093],[146.31303701206085,-38.195920997025155],[146.31105491172573,-38.185630027288965],[146.32328485178658,-38.18469612720663],[146.3222512816617,-38.18243088712177],[146.31858216229105,-38.17985615690486],[146.31664696209867,-38.17478914684977],[146.31806097144127,-38.17333499691834],[146.3164769819823,-38.16922031721563],[146.32487301212342,-38.16809999687897],[146.32804898155595,-38.16846100673485],[146.331657011894,-38.170957006690344],[146.3352851114938,-38.170377997090796],[146.33845090211582,-38.16335600697697],[146.336981041817,-38.16091403711253],[146.3339800821682,-38.163566957304745],[146.32834609214962,-38.16475001705568],[146.32380684213692,-38.16293507707425],[146.31476689151526,-38.15817596711203],[146.30700385205253,-38.155508006932074],[146.31153102152132,-38.148865986967756],[146.31178203147297,-38.14210699680558],[146.31273000203268,-38.13758500699901],[146.3191679815356,-38.13847499708012],[146.32087001141957,-38.130704997193],[146.3227310017863,-38.13096000692409],[146.32416702165008,-38.124538987010645],[146.32071803174483,-38.124076986838645],[146.32175196209417,-38.11930757675499],[146.31790034188867,-38.119021637203026],[146.31298098144163,-38.11688498710928],[146.32138620224646,-38.11498225699902],[146.32290288183958,-38.11252895712848],[146.32804690195607,-38.10907196729305],[146.32870609199975,-38.10617757729229],[146.31850011196963,-38.1049551868645],[146.3209077918655,-38.0941007370711],[146.3254880320046,-38.090267996917596],[146.328576991517,-38.086149987331176],[146.34083124178602,-38.08354940724029],[146.3440360219863,-38.08528600705636],[146.3591280017288,-38.08729299710313],[146.37656007212524,-38.093511436790166],[146.37438201149746,-38.10007299734302],[146.38173950203358,-38.10111186736954],[146.38304499219495,-38.100536997236865],[146.39788009149552,-38.102480646720075],[146.40648197148232,-38.108070997293886],[146.40847801187397,-38.10589899703994],[146.416196011605,-38.10944999700543],[146.4161820320225,-38.11553699716636],[146.4193830015694,-38.11450399706688],[146.41903698220008,-38.11050000738948],[146.42174426192125,-38.10904921732399],[146.42440909175372,-38.09654116722449],[146.47897725189088,-38.10379989700281],[146.4799563616517,-38.099668676867566],[146.47749385218415,-38.098533947186766],[146.47922475212474,-38.09013512701283],[146.47667238148438,-38.08721999744505],[146.47701913208238,-38.079021537124945],[146.47571783166347,-38.07530808697972],[146.47949263153913,-38.07472747683172],[146.48366896217703,-38.07547234677963],[146.48846389158427,-38.07776034688312],[146.496474471705,-38.07802264741113],[146.49932498151006,-38.07961617695266],[146.50481089144054,-38.080444327348026],[146.51046609158126,-38.080083067267914],[146.51657845155663,-38.08091182684586],[146.52091024194263,-38.08293087744222],[146.52791101147952,-38.084252997093834],[146.5337117719339,-38.062675026923564],[146.53478666186692,-38.05695791716065],[146.55042446156932,-38.05901759710408],[146.55250610152603,-38.05596400715566],[146.56950827146517,-38.058099387132394],[146.5723093514717,-38.04346571717545],[146.5670273716871,-38.039235857375026],[146.56972785205997,-38.03533981729372],[146.56698021193134,-38.03069263712059],[146.56752800189665,-38.02899272686914],[146.5752606315904,-38.03006300693711],[146.5800532316661,-38.0069787768809],[146.5872589913608,-37.97810099745823],[146.58097299153263,-37.97645699709828],[146.57749100201545,-37.98067999696572],[146.57381698143664,-37.98131098742042],[146.57028200209746,-37.9837180070032],[146.56808200191554,-37.98251498749352],[146.56314201165796,-37.982893996929235],[146.5625610118749,-37.97867200744883],[146.5572720117563,-37.975687987080846],[146.5557659816909,-37.97261698704748],[146.55173299162965,-37.976626996949136],[146.54630799196696,-37.97571599734033],[146.5453450114571,-37.97265098726997],[146.54698500189093,-37.967517996970166],[146.54400499185286,-37.96784999686703],[146.5414949920495,-37.965662006906435],[146.53720701160154,-37.9659359872595],[146.53673101140046,-37.969293997443074],[146.5331290114529,-37.96771198704953],[146.53257199129803,-37.964142987407776],[146.52813202129389,-37.9634719970175],[146.52320700146052,-37.96422699737477],[146.52300501167562,-37.96678798751454],[146.51940399179003,-37.975557987358336],[146.51691600160945,-37.976908986827915],[146.51467399171327,-37.98124000695617],[146.51478900212072,-37.98341699695548],[146.50920600137601,-37.98385100709769],[146.50055499162798,-37.98697198690539],[146.4967810020328,-37.988899007427996],[146.4938150120013,-37.98848199703751],[146.49111799193895,-37.98547298730398],[146.4830349914366,-37.98793398696057],[146.48226400156426,-37.99130400747234],[146.47331299134223,-37.99469200688965],[146.48549699155942,-37.87882548728008],[146.49504732180634,-37.78779129748032],[146.50474749194106,-37.69514312742656],[146.50276999187855,-37.69313798713332],[146.50335001159965,-37.68905899726133],[146.5091889917761,-37.68794799739108],[146.51197201115392,-37.68497399762262],[146.51208501113177,-37.68145100757202],[146.51596401198708,-37.678783007468596],[146.5156759914458,-37.67585698751129],[146.5128600119819,-37.67144999716356],[146.5075610216991,-37.67070899756642],[146.50540098127598,-37.664594007071464],[146.50296100155572,-37.66356999735008],[146.49753301140152,-37.655851997594034],[146.49633800144363,-37.65011499714098],[146.48862401179204,-37.64231900730465],[146.4829949813722,-37.64188998710951],[146.47749199177318,-37.63973300719923],[146.4744739919817,-37.64085199737821],[146.46679701112322,-37.63484099764688],[146.46429899125252,-37.6308539975974],[146.46082602171907,-37.62851498743811],[146.4598700112375,-37.62412399731543],[146.45723500187924,-37.62151899750629],[146.45414998147936,-37.616350997679696],[146.45228801194892,-37.614912997266416],[146.4484820117869,-37.615070007224666],[146.44365700139406,-37.61212199741318],[146.43583600173088,-37.61804398713575],[146.47303100119143,-37.53478300746696],[146.4965219916852,-37.48208232766972],[146.52615678139267,-37.41571109774593],[146.54710180174249,-37.36875347781549],[146.59577221122242,-37.26869918781167],[146.62342655169826,-37.21184877790157],[146.6472110011342,-37.1627909978361],[146.64488599139725,-37.15929599763091],[146.6442439915148,-37.15399700747724],[146.6454580215022,-37.15035999790842],[146.64479799153372,-37.14746700772492],[146.6402899813333,-37.14181299740751],[146.64133801163933,-37.13655999765404],[146.6383860011903,-37.1325079978261],[146.6386240116215,-37.12770500739712],[146.64083000087143,-37.12588898756124],[146.64914298086623,-37.12376999748141],[146.6515269811712,-37.12004700777077],[146.654997991479,-37.12226800747371],[146.66358198151696,-37.123438997938486],[146.665990000976,-37.12496498759395],[146.66765801166017,-37.12894899779267],[146.67222402158686,-37.13059200756858],[146.6745900214502,-37.133324987841625],[146.6813839808423,-37.136977997876855],[146.68222399097286,-37.14200900784845],[146.684891010898,-37.14517399791084],[146.68962700094116,-37.145700987753415],[146.69285601139956,-37.149495987968365],[146.70115300138232,-37.1528130079645],[146.7049399913964,-37.15315898760095],[146.71246099148388,-37.157217997894925],[146.7191390008307,-37.15893700766944],[146.72441799102202,-37.158150997714955],[146.72745501084304,-37.15615299763495],[146.73350598085014,-37.155465997838405],[146.73808399137073,-37.15601899737056],[146.74188200101838,-37.15523500758462],[146.7442650113799,-37.156167997510835],[146.74658101101446,-37.15033100756505],[146.75169798106114,-37.147535987416944],[146.7555889914935,-37.14989299777424],[146.75807001164574,-37.147113007503805],[146.76332801090382,-37.1478939975667],[146.77097498084538,-37.150649007875636],[146.7727289908449,-37.15506398766826],[146.77592000077024,-37.15787900768739],[146.77736800146494,-37.16394900796958],[146.7824129913045,-37.16772499802517],[146.78255800095093,-37.17165399801442],[146.78786999165254,-37.177634987621985],[146.79474101122466,-37.18031399740853],[146.797531001529,-37.17999099801683],[146.80726098135804,-37.18614900772029],[146.81398699128377,-37.18622699741242],[146.81529901129895,-37.18866600772246],[146.81844199100092,-37.18924000801576],[146.82338201090298,-37.19171398751626],[146.82576999164297,-37.19604098751711],[146.8254979907581,-37.20263499802265],[146.83834800102855,-37.20502699741058],[146.9189840211544,-37.21652098784243],[147.06113451148843,-37.23680041745298],[147.14368302149788,-37.248463647470224],[147.26697728113018,-37.26576957778934],[147.3369850115327,-37.27553830767926],[147.38478300146318,-37.21159199796102],[147.38234601133618,-37.20807599801633],[147.38451699144287,-37.20391699792207],[147.3831320012772,-37.20209799797094],[147.3764070208208,-37.200519988026095],[147.3744579910646,-37.198981987696214],[147.37104400131952,-37.19965599769406],[147.36825701138815,-37.19774700763493],[147.36818298122563,-37.195633988087536],[147.36542501136958,-37.19372499793493],[147.36136099080338,-37.18906299786296],[147.3586599912043,-37.18058599759553],[147.355701990789,-37.178769007859835],[147.3532079809977,-37.17496898790306],[147.3494849806763,-37.17333000781196],[147.34654801072014,-37.17026399769362],[147.34720399108326,-37.167686007596835],[147.34483700127657,-37.161349997651556],[147.34134899125036,-37.15834200799934],[147.33849399076715,-37.15782300801871],[147.33717499084224,-37.15468100784367],[147.33263100131805,-37.153768987603364],[147.3321780006832,-37.149674997565974],[147.32972899109774,-37.147627988166974],[147.32871802078884,-37.14389500799671],[147.3250610107082,-37.14146498802325],[147.32840401108803,-37.133646008097685],[147.32751300090376,-37.127960988193635],[147.32357301072886,-37.12525599764654],[147.32549901127445,-37.12195699759022],[147.31803198107085,-37.116269987892075],[147.3163970014397,-37.113863988236446],[147.35921300127973,-37.1143419982338],[147.36112600140652,-37.113268997905955],[147.3636209912598,-37.10884199775011],[147.36212898120104,-37.10793399770367],[147.3633880212757,-37.10333299826205],[147.36734900058718,-37.10113598800279],[147.3699030106529,-37.1032189980357],[147.3805149806825,-37.098712988039544],[147.37980455073497,-37.08905976806612],[147.38170904112104,-37.088101167950725],[147.38277565128206,-37.08260037793321],[147.38083133139295,-37.08155412794806],[147.38097006091724,-37.06029685797893],[147.38033905102395,-37.05870986803751],[147.3904579807098,-37.05245499825896],[147.38588300110496,-37.047638008072155],[147.39006798072245,-37.04620699790628],[147.3895719813282,-37.04211299787281],[147.39094500054446,-37.0390399977785],[147.38806800121833,-37.0353649983083],[147.38932802135497,-37.031873987664454],[147.38604700113655,-37.030110997758996],[147.37812201069934,-37.03079499780559],[147.370508000844,-37.03027199817962],[147.3616360208074,-37.034521007827955],[147.35955500068818,-37.033038988030064],[147.3552259905879,-37.032755998295876],[147.3514770109885,-37.03648699765274],[147.34915699139304,-37.03595599796249],[147.34874002128592,-37.03244498819063],[147.34257601087666,-37.03200298769779],[147.34241898087345,-37.029757997998665],[147.3390079906031,-37.02867999787395],[147.33664001085288,-37.029687988061085],[147.32154599103637,-37.02347099777633],[147.31829800097256,-37.02075498799007],[147.31377200111032,-37.02001700790844],[147.3108999910272,-37.01829298807351],[147.30719802116496,-37.01327399778736],[147.30243601052132,-37.01091400786056],[147.29982002119257,-37.01127399795443],[147.29379201122575,-37.00699098782384],[147.2897440112144,-37.00718399772972],[147.28874398058898,-37.00551500782046],[147.28490301080953,-37.00532700813683],[147.28065401095668,-37.00843099794413],[147.27494501071357,-37.0089999982654],[147.26922601132304,-37.00873300829078],[147.26738802142083,-37.00588200780922],[147.2632950113221,-37.006704997886445],[147.28113935094171,-36.92643392814032],[147.28829018135184,-36.92326365814691],[147.29277303063944,-36.91702150805404],[147.2893658707854,-36.910075498296266],[147.28976675116752,-36.90440443813942],[147.29451963133454,-36.901385327716696],[147.29720344077234,-36.8949712382634],[147.300330361292,-36.8935791783464],[147.30006424077894,-36.88993316772384],[147.30707421086095,-36.89055905840826],[147.30740395096066,-36.8827769977721],[147.31850491083028,-36.884515828147244],[147.32201271074223,-36.87991876787186],[147.3171966412814,-36.87556678821218],[147.3179455909883,-36.87336474813248],[147.32259748075452,-36.871386658085626],[147.32430436064274,-36.867518597739355],[147.3279983507703,-36.86542852828462],[147.33266436115446,-36.86497947816293],[147.3376385107491,-36.86595866839651],[147.3417079310884,-36.86181802843419],[147.33993819068988,-36.855988647798796],[147.34214531091877,-36.850921108197966],[147.33698078046768,-36.8464413677797],[147.33548318109126,-36.841660028212154],[147.33836281068454,-36.83796127791867],[147.33439811055115,-36.83099708804103],[147.33276963112934,-36.829652137942176],[147.32688155083605,-36.82976822822785],[147.32153854130772,-36.82882829839289],[147.316635570623,-36.83164939780714],[147.3104356410771,-36.830494458291916],[147.30652762104486,-36.82787248835576],[147.30186175079788,-36.83176960786982],[147.29415277105062,-36.828008688030245],[147.28738578088002,-36.826936778381594],[147.29061165082814,-36.82361867785697],[147.29352143057736,-36.81536252806915],[147.29264532074876,-36.80952146780803],[147.2863592212076,-36.80532555833036],[147.27983813047288,-36.79736060782346],[147.2760991006136,-36.794403638356414],[147.2736600704126,-36.78930163814905],[147.268851990568,-36.78379368777578],[147.26838990077906,-36.777561648191146],[147.27701967076055,-36.77311145817459],[147.2798475106811,-36.76763238807212],[147.28577040069166,-36.76844628776294],[147.29031027054194,-36.765552208075704],[147.29232814089326,-36.75795512785271],[147.2921610811999,-36.756157107917794],[147.28807005098807,-36.753619167797936],[147.28917388104628,-36.74329509809032],[147.28889586055064,-36.7402890684736],[147.29045485079365,-36.7377820383431],[147.29659396080152,-36.733921928241614],[147.3117284012126,-36.731329688164806],[147.31610701089295,-36.73335099839102],[147.31692899093744,-36.735584998128694],[147.3161380009736,-36.74104799808022],[147.31921002095467,-36.74680698806712],[147.32130100069546,-36.74847999840829],[147.3261569903891,-36.7495409980582],[147.3320223603737,-36.74793376801792],[147.34182400060962,-36.750505988304944],[147.34953101124978,-36.749537998003206],[147.36366498086096,-36.74980500819591],[147.37012402046736,-36.75137498788544],[147.37868498039637,-36.75048499825852],[147.38775698111073,-36.75749499816965],[147.39493201123628,-36.757528997898646],[147.3968410003853,-36.760124987907034],[147.40446501118475,-36.764284997952615],[147.40763003105224,-36.76531799824226],[147.40897699104042,-36.76780298800042],[147.40648499078046,-36.77480100780384],[147.40745698049426,-36.77894899809853],[147.41303900117697,-36.78193499784503],[147.41315401068618,-36.78336899788339],[147.41982899091383,-36.78299800825224],[147.42428202062558,-36.78621899840612],[147.42429600110634,-36.78871799826575],[147.4287470006256,-36.79195000779786],[147.4301630105164,-36.794659998325734],[147.43805201084996,-36.79917299807051],[147.4395030011379,-36.80083799812872],[147.44374200094498,-36.79998499835366],[147.4539790105817,-36.80131999829446],[147.4570110303798,-36.80320299786447],[147.46398899079324,-36.801670997800095],[147.4648090008323,-36.796210998414686],[147.46380401060821,-36.79405598800064],[147.46856098080482,-36.79379298840615],[147.47129599062052,-36.788721998214044],[147.47034499094156,-36.784212988017295],[147.47139998049613,-36.783069008286006],[147.47865501098758,-36.78224799784866],[147.48526600062428,-36.78051099781876],[147.49583801089506,-36.78157599791964],[147.49741999082278,-36.77845399806609],[147.50125600100353,-36.77623399798085],[147.51429201104685,-36.772481998141586],[147.52140203099358,-36.7734789978879],[147.5264620209018,-36.77110399799166],[147.529527000786,-36.76857499844755],[147.52917901051293,-36.76522299847058],[147.53106401105055,-36.76242899788831],[147.52761298107137,-36.759090988545545],[147.5267190208197,-36.75628300785138],[147.5298799910819,-36.754314997881465],[147.533081001053,-36.75429798830984],[147.53569002035346,-36.752565008228316],[147.5387580311534,-36.74613599836628],[147.54135902041355,-36.743865988535475],[147.54284399037547,-36.740251998058035],[147.54188802031808,-36.737567997974985],[147.65230333045298,-36.70472524857204],[147.7762949603252,-36.66768082846599],[147.84155400030315,-36.648079998560405],[147.96021532013012,-36.61242764851684],[148.00124815065647,-36.643393468704545],[148.1344648802186,-36.743739118040565],[148.13265404099752,-36.750847788687224],[148.12957633018914,-36.750211948627935],[148.12793616099054,-36.75305580868037],[148.1209152404452,-36.75590497851731],[148.11946883066693,-36.75853280825851],[148.12287193103418,-36.76138578828375],[148.121644270909,-36.76468771860339],[148.1160665504616,-36.76565249817187],[148.11286469068423,-36.76812752850392],[148.1108038808623,-36.773972528338966],[148.10471575024684,-36.78050820834738],[148.1055482010543,-36.7847600982172],[148.10164077031686,-36.79003596847772],[148.10511493101635,-36.7908491885958],[148.10882054085218,-36.79700146868351],[148.1088885505057,-36.80086597822716],[148.11327138047128,-36.80047604842631],[148.1201520102203,-36.80608008845145],[148.1223402002512,-36.801281748237294],[148.12624099064206,-36.80149309831995],[148.12650886017497,-36.79667887827447],[148.13446004099416,-36.79497089834386],[148.1443277505226,-36.79578991870016],[148.15221778032546,-36.79274984804446],[148.15611736068556,-36.79007546871701],[148.15827815030372,-36.7930295385566],[148.16136415076554,-36.79221088866391],[148.16431829022181,-36.794762728530934],[148.1669553701968,-36.79299045851664],[148.16996835020245,-36.79291600819779],[148.17351681055908,-36.79581114811805],[148.1808346808996,-36.79855639849825],[148.18247335081,-36.804895698330796],[148.18602748043438,-36.80442109819927],[148.18967238032667,-36.80163543807736],[148.1917811107774,-36.798346598368944],[148.19494570035192,-36.796253038352724],[148.25124604052897,-36.8192663786104],[148.35408686039278,-36.8612400386647],[148.42493569058237,-36.89005850864379],[148.5235687208069,-36.929898418079965],[148.67995457090325,-36.99306589855939],[148.7983826009459,-37.04090141868548],[148.87505535015794,-37.07153262834686],[148.9925558508051,-37.11847441847897],[149.05307408038016,-37.14265162851794],[149.13453922036035,-37.175197188621716],[149.20615061063165,-37.203616618440485],[149.2746895308659,-37.230621118705486],[149.3562712901363,-37.26276452850612],[149.44222758073568,-37.29663151825658],[149.49102436071817,-37.315857568214746],[149.59209394089524,-37.355679218564184],[149.67757822071172,-37.388999268615784],[149.79419395087263,-37.43445370859785],[149.8762117901112,-37.46642260868726],[149.9758239202151,-37.50501409871219],[149.96762225046712,-37.510832238610725],[149.96480532058564,-37.51153924877058],[149.9623524500411,-37.51489731858637],[149.95763752010154,-37.51517033817707],[149.94077390092198,-37.51985444818564],[149.93312712052503,-37.52255054857631],[149.92477037011793,-37.52634764854648],[149.9159336803973,-37.532284778664646],[149.90750098012794,-37.54114992823009],[149.9066090608486,-37.542864968131816],[149.89884219007124,-37.54267498853654],[149.88992429085226,-37.54082103826558],[149.87997746040855,-37.54017909833743],[149.86777168053732,-37.54058916845861],[149.85528696029562,-37.54254127821915],[149.8452232204059,-37.545620378183514],[149.8316674505291,-37.54418745837721],[149.82236666058998,-37.544542508194674],[149.8044980107621,-37.54738366848383],[149.7887763703959,-37.55203278873578],[149.7815945202607,-37.55480384857251],[149.77079589019667,-37.56049191824831],[149.76141115089754,-37.566474038207474],[149.76306719063226,-37.57073105810208],[149.76550021020566,-37.57357805854007],[149.75793934019083,-37.57557111835693],[149.74902360052187,-37.57908219852533],[149.739280870904,-37.584513388163806],[149.73547301033096,-37.589621458541544],[149.73483207046058,-37.592137498737564],[149.73141519083518,-37.59614757845731],[149.72973430100478,-37.599514618374755],[149.72402847091635,-37.604731728476565],[149.72013969100087,-37.6097747883519],[149.72016071068015,-37.61199380860356],[149.71675585051327,-37.6166048980343],[149.71818486082284,-37.61945888805712],[149.71297916058234,-37.629537028218465],[149.71099925033988,-37.63179705837535],[149.71046135082588,-37.63641508833736],[149.70800545026387,-37.639563158297406],[149.70641755043843,-37.64357720803433],[149.6994557605984,-37.647683308234775],[149.69743384064174,-37.651414368594374],[149.6887900901795,-37.657749548281345],[149.68707923075462,-37.66197656825764],[149.68239234082827,-37.66415766807836],[149.68290841038262,-37.66763066848243],[149.68065654057784,-37.671872738062795],[149.67792160083076,-37.674208768303814],[149.67869467030297,-37.67839480815521],[149.67697983044303,-37.68373186856762],[149.67471588099264,-37.68584489838754],[149.66651805064419,-37.68840603826864],[149.6591811809354,-37.6888531480359],[149.65155429103547,-37.6900682481849],[149.64092454065153,-37.69268542832324],[149.63626064040992,-37.69509548860621],[149.63361169099508,-37.695288537948066],[149.61659601039412,-37.700612807993174],[149.60596232089765,-37.70697298859897],[149.60556433039585,-37.708719998385675],[149.60082845084557,-37.71206208852731],[149.60022255066116,-37.7169001283107],[149.59748166047356,-37.72143419812364],[149.5977396808777,-37.724675217984945],[149.59446975036144,-37.7263602684267],[149.58957780110688,-37.722734308141135],[149.5771089603845,-37.72301445835592],[149.56154817055642,-37.72540770843721],[149.5609192402631,-37.72630770803292],[149.5469764608905,-37.72898691833547],[149.54167462025327,-37.73268303828151],[149.53180078062138,-37.734671188564214],[149.52550088026254,-37.737284317971444],[149.52092404114504,-37.73998337851664],[149.51747515095278,-37.74402645793561],[149.51641924062514,-37.74908248801548],[149.51218123076146,-37.74740555857811],[149.5045654009193,-37.74914867846375],[149.499162480948,-37.75144177829745],[149.49659259046464,-37.75375382834457],[149.49720663028384,-37.75993184803308],[149.49622168057542,-37.76073885816389],[149.49476380110758,-37.76846591835015],[149.49355378030128,-37.768470928184804],[149.48868895118525,-37.77437805826669],[149.4834390107136,-37.775174147878126],[149.4798850104466,-37.772913168015656],[149.47369607088987,-37.770477278252834],[149.4658381307056,-37.76930938793564],[149.4532193108566,-37.76983358847917],[149.450987340532,-37.77128561834304],[149.44480738053497,-37.771191708232294],[149.43908451030384,-37.772054808044594],[149.43102166081,-37.77737697852054],[149.42176077044252,-37.776360108270815],[149.4207927503839,-37.77403210826993],[149.4098938503678,-37.77323627831641],[149.40572289075692,-37.77375034828128],[149.40283993110887,-37.77551837848601],[149.3965330310773,-37.77532249852181],[149.3888901403855,-37.77622559832625],[149.38578020071964,-37.77802266807028],[149.37995429103054,-37.777648748154554],[149.37590337059615,-37.77612580827773],[149.36634953063137,-37.77502394797112],[149.3459397912065,-37.77618321835219],[149.33219896119462,-37.778193408383494],[149.32288511064954,-37.78037756844487],[149.31871922113015,-37.782247638137044],[149.3096683910121,-37.7826707978288],[149.29630968096586,-37.7860779778953],[149.28880393067863,-37.789141998154676],[149.28378219103521,-37.795074967814394],[149.2778684611456,-37.79927990806922],[149.2753895610174,-37.80373392831594],[149.2694887210538,-37.80169589793575],[149.2697736711535,-37.79961288803808],[149.26514872096436,-37.798031918110205],[149.26877149085956,-37.792636968114515],[149.2622704011147,-37.786823098116166],[149.25161251100448,-37.78179416826443],[149.24671056080592,-37.78047419824225],[149.23670274104268,-37.77905124836038],[149.2134580012261,-37.77748649776818],[149.20131420061787,-37.77772364844866],[149.19472934117616,-37.779492738101446],[149.18609844111404,-37.77889882831583],[149.18437948068194,-37.77966483822634],[149.17598856105636,-37.77822094783972],[149.16862367109724,-37.778445028331646],[149.16035178094185,-37.77778812838891],[149.14285802053993,-37.77802836810631],[149.12422616114836,-37.77728664829024],[149.06446504067796,-37.77922927807915],[149.05657713089917,-37.779204338338346],[149.0459953110255,-37.77992744824486],[149.02398862124866,-37.78025567821609],[149.01789768070296,-37.78097472804873],[149.00777583059417,-37.78042583827459],[148.97397245103156,-37.780754117862266],[148.97202350122546,-37.78049013835886],[148.9518087007088,-37.780628407774444],[148.92579599099048,-37.78145075780445],[148.91204312085878,-37.78280491833981],[148.89890830062578,-37.78493406775503],[148.8944433709315,-37.78656809827884],[148.8898094411828,-37.78688213770115],[148.88415051123695,-37.78995818803167],[148.8807455405773,-37.78984821801547],[148.87672057067485,-37.78758825776189],[148.8703355908754,-37.78604134771433],[148.8607967213348,-37.785001438011534],[148.8418878610355,-37.78453166809591],[148.8242279509336,-37.78520490796766],[148.8087331208036,-37.78641709799378],[148.79054831070817,-37.788753297948276],[148.78726539055285,-37.789618338069836],[148.76740161122507,-37.792529557653566],[148.7491868710609,-37.797036747818176],[148.74262899072215,-37.800522828113024],[148.74168306113472,-37.80256885818369],[148.74234013115432,-37.806827887919404],[148.7379211808295,-37.80648793812393],[148.73406226091407,-37.808055998033744],[148.73064239079707,-37.81118204808567],[148.72888448121088,-37.815078097957766],[148.72570248138783,-37.81339311780575],[148.7261883711419,-37.808764057674715],[148.71668136125118,-37.80432713812541],[148.70455548113458,-37.80197122787936],[148.68484570089427,-37.80146340803043],[148.67352887137028,-37.80188052809736],[148.65577509091446,-37.80314969811295],[148.645683201417,-37.80420179818097],[148.63350636077266,-37.80635693806408],[148.62603452098904,-37.80813700809408],[148.61108062128886,-37.803733117755804],[148.60439349134694,-37.80300915766539],[148.58212521126111,-37.80201633781994],[148.5589246011829,-37.802725567597996],[148.55081872059029,-37.80338964813201],[148.53398295098114,-37.801902748077886],[148.52016018114062,-37.8014748179723],[148.49656158145893,-37.80193195806161],[148.46034018059495,-37.801436137729866],[148.43676965146923,-37.80203327764104],[148.43253371132397,-37.80234629809075],[148.40791717130503,-37.802779237754436],[148.36620296144918,-37.80394838787717],[148.34454941108865,-37.805583658017376],[148.32614866127025,-37.80728285785339],[148.31018287138627,-37.8091799981178],[148.28961523149064,-37.81098818807414],[148.2597338111185,-37.81518548769471],[148.2426461206661,-37.81827566769724],[148.21777458127735,-37.82308594759622],[148.17917827105904,-37.831635387581464],[148.1550966715036,-37.83799367759401],[148.12626422107527,-37.846725077556975],[148.12018033140626,-37.84832316751694],[148.10101170078465,-37.85459753794621],[148.07380609125104,-37.86413072802971],[148.06251409116155,-37.86717976763906],[148.05920106127462,-37.86641276777289],[148.05188905154301,-37.86719975750248],[148.0355170111482,-37.87132177798898],[148.00232807115506,-37.88074180801632],[147.9826260307992,-37.8876118178628],[147.9792770108087,-37.88951082789223],[147.97022212120388,-37.89112084734033],[147.95931019112456,-37.89242189797019],[147.95000634152356,-37.89469091793409],[147.93501561089673,-37.89973510745886],[147.91412399089893,-37.907327457354626],[147.90897406166445,-37.908736567951415],[147.88666431085352,-37.9167250679132],[147.86782444116804,-37.923209427949075],[147.85059877128458,-37.92954863795322],[147.82332148158125,-37.9403859372958],[147.80652893171705,-37.94736605752438],[147.79336426136544,-37.95345818728385],[147.78838737101094,-37.95524720733427],[147.75127027165522,-37.97334057732826],[147.73381465102537,-37.98296170745088],[147.72612980092495,-37.98685471734895],[147.7060902015331,-37.99805276766296],[147.69399060163013,-38.00562699753424],[147.6771150411455,-38.01518630766665],[147.66425635135275,-38.023470547208916],[147.65279765179432,-38.03022676755884],[147.62856128149855,-38.04572027721434],[147.60006084121272,-38.06499890745582],[147.58597505184352,-38.07420218716961],[147.58268706159683,-38.07600120760907],[147.57526723157318,-38.08186329775794],[147.56490046119205,-38.08875241711512],[147.54985677128593,-38.09936859763461],[147.54256987126317,-38.10382068772486],[147.5266372211283,-38.11554691732514],[147.50800258145088,-38.128414207589344],[147.48888494189978,-38.14250441719122],[147.4671593412636,-38.15914769765918],[147.44394972198143,-38.1775220473187],[147.43537189169135,-38.18455716745694],[147.41516031163502,-38.201712567371786],[147.40375851136665,-38.21077079748175],[147.3786580515991,-38.22979421752552],[147.37735412181135,-38.23135924703256],[147.3604005318645,-38.24463151693118],[147.32826323160825,-38.270393097504446],[147.31788741159895,-38.27825430716919],[147.29837586169407,-38.29401271751906],[147.27402736188793,-38.31306316702559],[147.2719193815304,-38.31440021713166],[147.25468875204825,-38.328593566947575],[147.2391011717635,-38.34109991727609],[147.1949480314196,-38.374668736915474],[147.19039112142679,-38.378477837106914],[147.17295354166268,-38.39142516692733],[147.16383963184538,-38.39869128703207],[147.15236473206906,-38.408703337429436],[147.14563172157236,-38.413758367193054],[147.14234872146707,-38.41693139678204],[147.12609783146468,-38.4301934868145],[147.11196412146666,-38.44017468700218],[147.0886856615893,-38.458205936793505],[147.07830287155167,-38.4667709168443],[147.0672480814944,-38.47511899681467],[147.03427365200463,-38.503146447078635],[147.01947991203815,-38.51533657732014],[147.0028513415443,-38.53015156665272],[146.98998188184953,-38.541103677095414],[146.97578484152234,-38.5541440067831],[146.95339790207225,-38.57536295695672],[146.93949216203544,-38.58911899681694],[146.9319660119064,-38.59601598664461],[146.9185160123661,-38.607230966657696],[146.90703819216682,-38.61627498721073],[146.89171009204844,-38.627540006645255],[146.88353412220243,-38.63444695660707],[146.88196813228677,-38.63007701713483],[146.88490393173817,-38.62711601658487],[146.88473183159772,-38.62458198718879],[146.8871460215844,-38.62015298688378],[146.89048285233486,-38.6182539867004],[146.8970380619823,-38.61850796678793],[146.90304396171504,-38.61432702711051],[146.90174616203083,-38.60822600666456],[146.90766602202393,-38.608180016999114],[146.9189498519359,-38.60129799665114],[146.92278706226588,-38.59640899701599],[146.9206501022573,-38.59560702674307],[146.91755486172445,-38.59930800697287],[146.91207599189084,-38.602602006966684],[146.9021068922112,-38.605905996782816],[146.899706032325,-38.60789202688882],[146.89959011192414,-38.61192204665803],[146.8949799821405,-38.612356016754546],[146.88904500170455,-38.611382026959305],[146.88696706190848,-38.6057429872702],[146.88072289213153,-38.6044839871194],[146.87879617203535,-38.606529957235445],[146.87307614227723,-38.60889497659348],[146.8691449519989,-38.60748997684008],[146.8606251519778,-38.60746100688287],[146.85299786232758,-38.6061139671214],[146.84777390203226,-38.60652401701351],[146.84401116203938,-38.60914498722851],[146.84295204203116,-38.61598203701176],[146.83346098172834,-38.61447803692007],[146.82864889180422,-38.613115977179135],[146.8278460719264,-38.61070100672999],[146.82365890221624,-38.61057402719488],[146.81557116220247,-38.61179000691857],[146.8144990821997,-38.613827966912574],[146.80863612239503,-38.615049986823884],[146.80732395236117,-38.61735802663229],[146.80124998188953,-38.61925398690325],[146.7976280123932,-38.626604997015114],[146.79570096171705,-38.62297899653728],[146.7911959518897,-38.62438702655993],[146.7905590616246,-38.62946401671583],[146.78750989208942,-38.63123199679868],[146.78626498161583,-38.63380400691505],[146.7900720022641,-38.64069899713081],[146.78596115162378,-38.64358899704102],[146.7857491321488,-38.64631698673421],[146.7778708918357,-38.64574096713537],[146.76834888187636,-38.64827898710659],[146.77012800158477,-38.6508130165343],[146.76699313187316,-38.65421402702325],[146.75798303226838,-38.65095504679957],[146.75295888244506,-38.65302602684059],[146.75117903240633,-38.65495796672341],[146.74939308190852,-38.66108299650438],[146.7461441117828,-38.66264802687202],[146.74269311234627,-38.66066199666465],[146.7392011120036,-38.66209100672424],[146.73259907228197,-38.66123601710651],[146.72854585216047,-38.658582006634134],[146.72233008172293,-38.651119006584416],[146.72238805180484,-38.648259986933645],[146.71773291193392,-38.647522976706114],[146.71277497243864,-38.647856966976036],[146.7125758617542,-38.653742956811634],[146.71408787190447,-38.65524902705072],[146.7163508421912,-38.66096097709145],[146.71206683229678,-38.66322698701883],[146.71137490225428,-38.66687198711576],[146.70679105178596,-38.66457896653278],[146.70380484157576,-38.66492502651613],[146.69623693236247,-38.66990903709281],[146.6928579418791,-38.67570502716804],[146.68229484199767,-38.67107795669311],[146.67821604234842,-38.67044695654914],[146.67326605204508,-38.6712309566383],[146.66553108224008,-38.67004295676891],[146.666336022142,-38.6669469671382],[146.6706369616862,-38.664711976618996],[146.6704490619766,-38.66170400708386],[146.66818788203216,-38.65569901690819],[146.6592170621615,-38.64657500683733],[146.65619595240256,-38.64694796657123],[146.65280799224115,-38.643426986684396],[146.6472841123202,-38.64668200716011],[146.6462260918499,-38.6526149968872],[146.6477611321091,-38.65478398685853],[146.65198393169834,-38.654827017110534],[146.6526279716548,-38.658920037052056],[146.64897395206575,-38.66416101669417],[146.6441229920393,-38.6660649570575],[146.6379000018418,-38.67024096688322],[146.63044298246373,-38.671108996598605],[146.62708706161524,-38.67241400705482],[146.61693790182346,-38.67422301686418],[146.60715817239563,-38.67540595681958],[146.6067599923493,-38.67782795703297],[146.59903009173743,-38.679496016541584],[146.5982780419445,-38.677415037073],[146.5950661219343,-38.67660000688771],[146.58750613226854,-38.67657003674508],[146.58631597231488,-38.68326899651789],[146.59093512208227,-38.68430003681776],[146.58676200202316,-38.687216046492146],[146.58457609191643,-38.69251298657124],[146.58725198180667,-38.693193026900765],[146.5828070522038,-38.69838097710234],[146.57996483205218,-38.69563202663528],[146.58143402220782,-38.69393400669264],[146.58210610217753,-38.687181026558584],[146.58046415161976,-38.68145197699703],[146.57630618164794,-38.68332597687318],[146.57498495210442,-38.6788449568575],[146.57251211201114,-38.680965006787616],[146.56310387188591,-38.67902000662472],[146.56004784191686,-38.681430016512415],[146.55354193181216,-38.683891987079114],[146.54651006170192,-38.684520007007166],[146.54777004231266,-38.68654203650284],[146.55154717241817,-38.6856309669528],[146.55438398201682,-38.686646966766546],[146.56011083178458,-38.68449003667488],[146.5651641517018,-38.68801000702768],[146.56669887216077,-38.69099396648679],[146.56611819217795,-38.69397899691819],[146.55583694231015,-38.69432000687541],[146.55529294233708,-38.68861797691687],[146.5511731220187,-38.69139400707615],[146.55087217202544,-38.698971017004226],[146.55296811226324,-38.70219699709078],[146.55120910224076,-38.703788996844764],[146.54431907252055,-38.70164500701228],[146.5399360817566,-38.69937799642787],[146.53899902213425,-38.697711016661366],[146.53899106216255,-38.688892016678146],[146.53058401238778,-38.68888400708207],[146.52629891193857,-38.68961399642547],[146.52145014200485,-38.68898858682682]]],[[[146.6512070219283,-38.672889036950906],[146.65369282201615,-38.66957198715995],[146.6556199517441,-38.67286796664273],[146.6512070219283,-38.672889036950906]]],[[[146.6087421923974,-38.68439795671237],[146.60698107223232,-38.68636300685698],[146.60030482178684,-38.68663895691916],[146.60134992178843,-38.68413102702111],[146.60597305199073,-38.68349003645424],[146.6087421923974,-38.68439795671237]]],[[[146.46288706240804,-38.71368502665918],[146.47194395256105,-38.712935967026745],[146.47607787193775,-38.7119789965591],[146.48174712172957,-38.712149016525764],[146.48732783177027,-38.71391102706324],[146.49000302187292,-38.7136119565984],[146.49336610229426,-38.716263986912416],[146.4995700023937,-38.71919196688284],[146.49254386173828,-38.72440196645969],[146.48695199192676,-38.72119301705929],[146.48368392182144,-38.71782801673078],[146.47833291189716,-38.717790036472714],[146.4765451117682,-38.7195479970415],[146.468132991902,-38.71737799689639],[146.46327195187976,-38.72217203642442],[146.45902105209004,-38.72476701697261],[146.4554768317816,-38.725396016576944],[146.44830312217948,-38.72862098654974],[146.44150200231627,-38.72878704670779],[146.43892189169995,-38.72796101692799],[146.4388459418376,-38.725307007026224],[146.4437581121692,-38.71528200652037],[146.44617192216853,-38.7122229965167],[146.45110212168785,-38.71053098666126],[146.45567087237455,-38.71087199690611],[146.45861499202206,-38.7130409868453],[146.46288706240804,-38.71368502665918]]],[[[146.54439393182815,-38.743837016495924],[146.55335005166748,-38.741024956461786],[146.55286690177513,-38.743361986921194],[146.54800513232087,-38.74551596700448],[146.54439393182815,-38.743837016495924]]],[[[146.56777992184166,-38.74231997667027],[146.57158114206814,-38.73620600661407],[146.58049295250606,-38.73502897650674],[146.5844241823103,-38.73900797658224],[146.5830590422174,-38.74187601696945],[146.58638113251234,-38.7423680368549],[146.58784704202057,-38.740220006562055],[146.5915010517281,-38.74187799703987],[146.58408506200237,-38.74694497643009],[146.58882517171935,-38.746967026792255],[146.5935260421264,-38.742993987099275],[146.60198316219848,-38.744296016515825],[146.59981707252018,-38.74722299699816],[146.60153100238674,-38.752116026906556],[146.6056209716882,-38.749880966412036],[146.60817195173647,-38.75097499664657],[146.62171188251827,-38.75364197690727],[146.61447806214895,-38.75648202661701],[146.60655803220888,-38.75671898642525],[146.59763400198804,-38.75948396701225],[146.5913941117851,-38.762496006445666],[146.58100201250622,-38.76875395662587],[146.57193793223772,-38.77611596652239],[146.56474586196956,-38.78271296701792],[146.55672217183556,-38.787575026420264],[146.5511731220187,-38.78989298659952],[146.5453400123326,-38.79088900691252],[146.54032309215063,-38.79034001691378],[146.53481794210342,-38.78800000698481],[146.52939816255085,-38.78393696653293],[146.51714592181315,-38.77991602699375],[146.49672993191052,-38.77550100639691],[146.49397488247746,-38.77426196646816],[146.48501088171815,-38.76400295700817],[146.47139101255422,-38.749914986729884],[146.46747818204364,-38.744983976781974],[146.46479904204864,-38.73993101689319],[146.47110985244666,-38.735555046901034],[146.47022783170348,-38.732457956767085],[146.4709618819531,-38.728820976862636],[146.47531608171224,-38.729698016402715],[146.48196098185264,-38.729681996539455],[146.48448889226609,-38.72886498645763],[146.4903421125365,-38.72948795688658],[146.49746508169807,-38.728151016431454],[146.5044350524953,-38.72147499682442],[146.50606587202844,-38.72507003687464],[146.51272799197451,-38.72577302640867],[146.51557310200636,-38.7307670468377],[146.51412587206624,-38.73230801691968],[146.50602802241227,-38.73418704699699],[146.5081768824034,-38.73723003693562],[146.51345088245333,-38.73756096698536],[146.5178450419712,-38.73458699659984],[146.51898986215585,-38.73265100659887],[146.52448417223252,-38.72984004641929],[146.52505908233627,-38.72814803664458],[146.53083097183577,-38.72937400661133],[146.53609705233814,-38.7291369567438],[146.5410711624069,-38.72762298673029],[146.53358318169424,-38.73865597708172],[146.5286789021641,-38.737708016618654],[146.52418896247397,-38.74016996691609],[146.52287390255987,-38.74277304700598],[146.51348004176745,-38.74592699656173],[146.5085401323582,-38.75189102655145],[146.50946387176148,-38.75402096660446],[146.51339689190812,-38.75419799702523],[146.5194128222293,-38.75187698655513],[146.5192159420617,-38.75525297658098],[146.50869887185542,-38.75938100695302],[146.50140493173572,-38.76056702697373],[146.5023521018966,-38.76226802682632],[146.50979113251108,-38.76171100696834],[146.51255305225942,-38.76255601688749],[146.51894194242527,-38.76011000675866],[146.52331489182103,-38.76048701688065],[146.52780804209004,-38.75878196703734],[146.53499905234614,-38.75714702646445],[146.54203811167363,-38.7583280063845],[146.54193986203268,-38.755746986947166],[146.55175489255626,-38.750653966945585],[146.5517278820123,-38.7491030064323],[146.56034195213755,-38.745587966814846],[146.56063789222642,-38.74469003679365],[146.56777992184166,-38.74231997667027]]],[[[146.62698011179074,-38.723760987064935],[146.62628891207854,-38.724625986768615],[146.61711215163237,-38.72375702662038],[146.61274789164034,-38.722786016548206],[146.60786700244367,-38.72390598712192],[146.60191118199137,-38.722418997031376],[146.59818409164052,-38.71819098692993],[146.59577498252506,-38.72051001687968],[146.5993040222035,-38.72268098651829],[146.6049690023028,-38.72418596651005],[146.6029861123486,-38.72686400675323],[146.59698817168925,-38.72391201643233],[146.59112915189542,-38.71962898658658],[146.58635196241846,-38.71695301691564],[146.58589801226435,-38.713022986583],[146.5880731219264,-38.71041596661642],[146.59902611220073,-38.7030740366908],[146.60591509179034,-38.69919503709797],[146.61493993185059,-38.699089007013654],[146.62003898230395,-38.702039036800294],[146.63114713228907,-38.701442966468065],[146.63451313223516,-38.698671966770355],[146.63575296183745,-38.70171800657968],[146.6276529517352,-38.70342799704377],[146.63018302169863,-38.705750986495595],[146.6339681117758,-38.705267977002755],[146.6363768220393,-38.706549026576155],[146.6382610922467,-38.70193599671976],[146.64072313189533,-38.69963701648069],[146.65082797240424,-38.70081099666832],[146.65138306207956,-38.70441800651978],[146.656914132116,-38.70215198679657],[146.67211908219207,-38.70258597699867],[146.66660714177956,-38.70592803702666],[146.67189803195345,-38.707253006548974],[146.67571188249275,-38.70679796682925],[146.67644017184645,-38.71130903663912],[146.67438890213276,-38.713852976907646],[146.6651048424175,-38.71532797652283],[146.65858415233146,-38.71533095684432],[146.65178989200373,-38.71846898696335],[146.6369009917025,-38.72165902682791],[146.6332801217441,-38.72083698668539],[146.62698011179074,-38.723760987064935]]],[[[146.62604593216724,-38.692107976879555],[146.6309879921433,-38.69795401647709],[146.62522297206073,-38.69547002673217],[146.62604593216724,-38.692107976879555]]],[[[146.62189694175498,-38.75021999679088],[146.6234931617766,-38.74791600703013],[146.63030796208332,-38.74787099680177],[146.63818298193607,-38.74559597706512],[146.63740608204745,-38.74869799645551],[146.63252990181942,-38.74936499684279],[146.6277941022192,-38.74831099657665],[146.62189694175498,-38.75021999679088]]],[[[146.6297229818652,-38.72414402710528],[146.6350891319953,-38.723756046846596],[146.6385908422279,-38.721867027112026],[146.64217214229637,-38.723156996760565],[146.65137518205788,-38.72277098683683],[146.66067615166006,-38.719410027102334],[146.6637390124185,-38.72098096660661],[146.65352689240342,-38.726940966768396],[146.6451219617544,-38.72600395668564],[146.6304670716864,-38.72540096649343],[146.6297229818652,-38.72414402710528]]],[[[146.71987418205924,-38.70288395649542],[146.71225010208948,-38.707515986761926],[146.70740808209675,-38.71164096646246],[146.69637194196315,-38.71847601690453],[146.68820317211413,-38.726171997124915],[146.6871390116589,-38.72524203706951],[146.69144386246788,-38.72169197706136],[146.69793899189085,-38.71420497666027],[146.7007941720371,-38.71190997698002],[146.70799993173182,-38.709918006693734],[146.7162151319046,-38.70356399707013],[146.72160111234456,-38.70036295678882],[146.72097790162462,-38.69869499672689],[146.72737515241087,-38.69614295703465],[146.72640494225965,-38.699353966952714],[146.71987418205924,-38.70288395649542]]],[[[146.69663113197376,-38.68725500713853],[146.69677800203115,-38.68448004702879],[146.70221617189415,-38.68147997667527],[146.70773315185536,-38.676729946789635],[146.71017504229224,-38.677168977163426],[146.7111430919952,-38.680860956688406],[146.70951913199758,-38.68525197693593],[146.71308890218938,-38.68905697713481],[146.70204911220077,-38.69104300706143],[146.69792100222898,-38.69283896681121],[146.69623802201886,-38.690715946558534],[146.69663113197376,-38.68725500713853]]],[[[146.66875418178392,-38.682605977097445],[146.66946987226572,-38.68077994707093],[146.67594410238362,-38.67729802679031],[146.67810698238137,-38.679152046665216],[146.6794191524152,-38.68511399690907],[146.68301484169788,-38.68696403693786],[146.68195393224565,-38.68982001658299],[146.67453290207283,-38.687522036666],[146.6689291223973,-38.68415000715954],[146.66875418178392,-38.682605977097445]]],[[[146.7316281722246,-38.66703200649897],[146.73058489220986,-38.663002986877316],[146.73723084158246,-38.66699302712767],[146.73645106169502,-38.66871598710074],[146.7316281722246,-38.66703200649897]]],[[[146.72408796166476,-38.6772849869089],[146.7197009922624,-38.68128396677616],[146.71680515167142,-38.682178017006194],[146.71342189239385,-38.680826036729854],[146.71218706191613,-38.67611696674812],[146.7162280918992,-38.677759006881914],[146.7206200918672,-38.676459956762784],[146.72211010227616,-38.67334398661511],[146.7206910219437,-38.666919957056734],[146.72766095231682,-38.6671409969842],[146.7309931019463,-38.66996196717025],[146.73592907224304,-38.672337956896534],[146.735157932352,-38.675874956643504],[146.73152414192484,-38.676778006904925],[146.72908116183157,-38.6748230471348],[146.72408796166476,-38.6772849869089]]],[[[146.74563289223266,-38.67799399703304],[146.74322090222012,-38.67943103650801],[146.73978398207902,-38.678771957089474],[146.74306895218982,-38.675354026633215],[146.74563289223266,-38.67799399703304]]],[[[146.7407239315816,-38.66711903701852],[146.74702609210178,-38.6679179766218],[146.7455101024148,-38.66997095658957],[146.7385358322806,-38.66921900673255],[146.7407239315816,-38.66711903701852]]],[[[146.76331502216314,-38.659070957153325],[146.7618530517675,-38.659710966888326],[146.75647715222163,-38.658031017084554],[146.75697395201476,-38.653718036506746],[146.7611369920781,-38.65325696685981],[146.76777503178465,-38.65514695712188],[146.7726361418755,-38.660029017085506],[146.76834706188964,-38.66101900704513],[146.76331502216314,-38.659070957153325]]],[[[146.81359585223262,-38.67667801686254],[146.81405988238257,-38.68094996688162],[146.82029400180818,-38.682591026594224],[146.82634490174672,-38.683049026690256],[146.8257170620081,-38.68485696692257],[146.81037600189515,-38.68133696698353],[146.79388691191713,-38.68047701713321],[146.7874731716555,-38.68073197659926],[146.7815771017461,-38.68188399675968],[146.76867793207,-38.68673398676207],[146.76008400217341,-38.69098199696911],[146.75897484241068,-38.68897102716157],[146.76700718242253,-38.686580996815074],[146.77233804223664,-38.683845996865884],[146.78398402166724,-38.679782046503135],[146.78934303198739,-38.67884396665028],[146.79453387229654,-38.676716996571216],[146.7998798516552,-38.67585299655154],[146.8046070022759,-38.67748802700431],[146.81359585223262,-38.67667801686254]]],[[[146.86829782182133,-38.64615791663665],[146.8608001321171,-38.653935026598084],[146.8501340323035,-38.66263496678605],[146.83544099168373,-38.67623999686364],[146.83674382193354,-38.666892966604216],[146.83949100212473,-38.664189007003515],[146.8431449723064,-38.663227986560734],[146.84951988199154,-38.657102036774695],[146.8480521417168,-38.65600800676334],[146.8366430516199,-38.65578694720299],[146.83790916233414,-38.65289795700111],[146.8420970623747,-38.65346495703602],[146.84349202204336,-38.65193900683544],[146.8547888415944,-38.64685895690067],[146.86191612177097,-38.64107996660945],[146.86393391217229,-38.63850101696919],[146.86905997227134,-38.64036301657677],[146.8768838222889,-38.6405309670563],[146.86829782182133,-38.64615791663665]]],[[[146.81536417239477,-38.659067996934624],[146.8062770521358,-38.65933600706262],[146.8054609120389,-38.66126004675742],[146.8002358719686,-38.66132601690041],[146.79310716167413,-38.66429502708372],[146.79068907210075,-38.66860295695876],[146.78625600205623,-38.66941798701939],[146.78987797155264,-38.662305036617745],[146.79384300226602,-38.656954986877906],[146.7970779622666,-38.655934026856364],[146.80008684236134,-38.65822496656847],[146.8109271515596,-38.65816700660356],[146.81536417239477,-38.659067996934624]]],[[[146.85210685214338,-38.63434302696882],[146.84521285186966,-38.63657799673015],[146.8404709122844,-38.63898099686647],[146.8366441421747,-38.639652027022514],[146.8185120021009,-38.64710600708441],[146.8197028923849,-38.65061403716707],[146.8129251619567,-38.649673976955604],[146.8133488918863,-38.647859036647084],[146.80141091237775,-38.647458987059764],[146.79575388236876,-38.646267037112835],[146.79368714186927,-38.644809026604115],[146.7946821715735,-38.64063095705604],[146.7912808822099,-38.63395404663884],[146.79201201203654,-38.63185298685119],[146.7955429220074,-38.63040901713251],[146.79889595207734,-38.63364002715889],[146.8019721716824,-38.63121804678494],[146.80156392152176,-38.623499986764045],[146.80317601207946,-38.62036799691526],[146.8089550620501,-38.61834803694537],[146.81041199199873,-38.61629298724324],[146.81512115205925,-38.61629603696558],[146.8184140722602,-38.613573007221255],[146.8238540315673,-38.613416027076504],[146.8239008221155,-38.616972027010824],[146.82782304181748,-38.61605599709882],[146.83823602153683,-38.61772099695322],[146.84354782179562,-38.61749194698992],[146.8452430720941,-38.613944967173815],[146.85030000234042,-38.61256499672401],[146.8587560219763,-38.61360197681638],[146.8659960218564,-38.61639099662153],[146.8739091518368,-38.61626399697613],[146.87910507211888,-38.61499896676787],[146.8806001418395,-38.61664002656581],[146.87849307237371,-38.623154036880024],[146.87862516155138,-38.62605598695389],[146.8719759620741,-38.62882600700455],[146.86549812162704,-38.63014594723104],[146.8598140918539,-38.63049694688478],[146.85484895236164,-38.633825966568914],[146.85210685214338,-38.63434302696882]]],[[[149.90578650049247,-37.56435123858751],[149.9045833904257,-37.55894216871901],[149.90846936041092,-37.5581201387619],[149.90871026072236,-37.555365108172495],[149.90607919047662,-37.54953005841575],[149.91468520091712,-37.55666411814931],[149.91545623031539,-37.55928012870166],[149.91808324017606,-37.56121113877043],[149.916848260578,-37.56313517881476],[149.91780234058,-37.56653421821642],[149.91647144067247,-37.569653268618765],[149.9137614606155,-37.569795268702094],[149.90658454043464,-37.567773278170066],[149.90578650049247,-37.56435123858751]]]]},"properties":{"name":"Gippsland","ced_code_2021":"216"}},{"type":"Feature","geometry":{"type":"Polygon","coordinates":[[[145.04481866239038,-37.88973678677504],[145.04609883173885,-37.89339138689914],[145.0439179225533,-37.904440106431466],[145.05344573203612,-37.90564604707665],[145.04831653232515,-37.934691116798064],[145.0343734618984,-37.933006197026415],[145.0365267424991,-37.93559363657928],[145.03644502185935,-37.93847599699958],[145.03844952258433,-37.94351156679782],[145.05526730253158,-37.967672156811],[145.05169114172486,-37.98681984648274],[145.04409739247237,-37.99083859691183],[145.0383914923153,-37.99632075652053],[145.03068156215045,-37.993510866533285],[145.02775356187237,-37.989211876412135],[145.02134351188997,-37.98301988690381],[145.01794459228208,-37.98180392681621],[145.0174165418968,-37.979761906704006],[145.0105554217591,-37.9704099570177],[145.01135732176206,-37.96363790644008],[145.00883028181613,-37.95928688650095],[145.002636272168,-37.95208888687634],[144.99304414241251,-37.94398244681465],[144.99227666225795,-37.94000489687713],[144.99912074225304,-37.94167196706617],[144.9977505617131,-37.93786016691046],[144.9898630220402,-37.92909777669043],[144.98552605196818,-37.92623780643688],[144.9873278819853,-37.92119068651355],[144.98606677219226,-37.915054646788455],[144.98479182205554,-37.91336666681742],[144.98558770244787,-37.90826662667318],[144.98377672219124,-37.90618267643856],[144.98339464175146,-37.90113365648652],[144.98587054240497,-37.896384596882065],[144.98498994189822,-37.89100253645263],[144.9906717923585,-37.891736637106376],[144.992264282575,-37.88327351686764],[145.04481866239038,-37.88973678677504]]]},"properties":{"name":"Goldstein","ced_code_2021":"217"}},{"type":"Feature","geometry":{"type":"Polygon","coordinates":[[[144.8304154421643,-37.724596886814496],[144.82678894246405,-37.724219286963496],[144.82478987205496,-37.726035577107616],[144.8152480820914,-37.72966725644932],[144.80184889216184,-37.72818710669575],[144.78200749256274,-37.727568706676806],[144.7751318421753,-37.76725052669495],[144.76913752172658,-37.81201674667528],[144.7085226720546,-37.80678781654503],[144.70493972178093,-37.806046856654135],[144.60472765181456,-37.794696126821215],[144.5887628824167,-37.793130156374616],[144.59072399181852,-37.788510006362635],[144.58781001244537,-37.78655499638336],[144.59033698232273,-37.784856996628854],[144.5890660126211,-37.78152599645935],[144.5843640121334,-37.779321996529255],[144.58300942185522,-37.77563925690536],[144.58010869263256,-37.77371310701901],[144.57813601203154,-37.77000136671983],[144.57998901188387,-37.764376996843076],[144.57955900183208,-37.760544996460354],[144.5823089919535,-37.758113006720194],[144.57928401225226,-37.756558006890934],[144.57608603229863,-37.75324999694702],[144.57688100179922,-37.75022099638933],[144.57544899201494,-37.74808700670658],[144.61225902205368,-37.75167999694216],[144.62018602202207,-37.70775198707717],[144.623120002385,-37.68887699646837],[144.6244790123744,-37.68227199707206],[144.63490001225264,-37.683344996859816],[144.63943630231648,-37.68010011682272],[144.64166901195458,-37.68010299691738],[144.66119457198465,-37.68310197644056],[144.67694301179074,-37.68517699691189],[144.674645882167,-37.69082530673982],[144.6736323525578,-37.699340466425625],[144.69488137178294,-37.701768776416],[144.69428639241744,-37.705509827029196],[144.72719256252202,-37.69307926653667],[144.72476265201777,-37.68999424655652],[144.7342668124524,-37.69072758670226],[144.75640526172526,-37.69341789667708],[144.7583514123809,-37.680937146819915],[144.74441279220812,-37.66307709682184],[144.7573237118481,-37.66412915676019],[144.760619591998,-37.66363213689014],[144.76450286164757,-37.66567003651203],[144.76775114186717,-37.663983986663425],[144.77204639238073,-37.6640020965854],[144.76826988211283,-37.66746302657518],[144.76895389170951,-37.669223966955826],[144.7736264418289,-37.670313076640035],[144.7763944521549,-37.67671805707795],[144.78335438248226,-37.67562399683939],[144.789995152169,-37.67573897712422],[144.79627392235574,-37.67313500711376],[144.80231182187552,-37.673680036879546],[144.80165088191364,-37.67151402716446],[144.80475010198322,-37.669517006885286],[144.80334218231988,-37.675267026840736],[144.80699795182713,-37.68320295689429],[144.8100068624645,-37.681509957058125],[144.819833061742,-37.68282801685781],[144.8188560019367,-37.68755903704913],[144.82068300184974,-37.690207017122376],[144.82022905169563,-37.69254998648809],[144.81230399208823,-37.69515196711834],[144.8105760116723,-37.69876096685451],[144.81784907224986,-37.69946296689079],[144.8248781018872,-37.69837703658273],[144.82523988219822,-37.70345699677833],[144.83084906164692,-37.70558802699922],[144.8353580519093,-37.703427026496826],[144.8383438623692,-37.7060769771396],[144.83805708240126,-37.70958844700922],[144.84155834167962,-37.71317394652098],[144.83798258241978,-37.715624756989186],[144.83746950245873,-37.71749795670046],[144.8429750522563,-37.72316744688554],[144.8495711819616,-37.72633527675455],[144.85096800204127,-37.73127087670982],[144.84995458202658,-37.73448665693934],[144.8410626719671,-37.73368747660985],[144.84151720243287,-37.72878312673596],[144.8364485222226,-37.72767615679683],[144.8304154421643,-37.724596886814496]]]},"properties":{"name":"Gorton","ced_code_2021":"218"}},{"type":"Feature","geometry":{"type":"Polygon","coordinates":[[[144.22244578278386,-37.81020104691366],[144.21690289271487,-37.80958179654268],[144.21827288191363,-37.80700530634912],[144.17638982202203,-37.80287948653215],[144.17323600234948,-37.79265999658808],[144.17650399250473,-37.78747300660909],[144.1829180319053,-37.78357899629457],[144.18651500218562,-37.77879899643501],[144.1903412521708,-37.777852006885034],[144.18025035261678,-37.770798006909],[144.17376354249168,-37.76565312629359],[144.1711999626732,-37.76243463655781],[144.1645310119377,-37.75990398643897],[144.17016143205132,-37.743158976352696],[144.18297614212443,-37.744496006427454],[144.17949889211863,-37.73794498690358],[144.18051516248775,-37.72952532654656],[144.15419304244284,-37.726713986295195],[144.15192402200267,-37.72344500624224],[144.15564100271334,-37.721679996253044],[144.1591049926872,-37.717283006876144],[144.16529002187747,-37.71451599645074],[144.16620501258816,-37.71051100635142],[144.1619869920362,-37.71015598662528],[144.16664651209243,-37.701971556308635],[144.16859342272292,-37.70143479650192],[144.17312187229098,-37.6912726165987],[144.17136757213555,-37.69020782679427],[144.17397505262193,-37.6872963366543],[144.17315599210204,-37.685588986764344],[144.16747700187764,-37.68276200671764],[144.1696119918808,-37.67919599690644],[144.17225101221686,-37.67945000671416],[144.1729080121679,-37.673885996471206],[144.17498399183998,-37.67172999637864],[144.1748580318675,-37.66434998656762],[144.17865797199468,-37.66117699632404],[144.17394301241072,-37.65791398696374],[144.17094701236053,-37.65481699657476],[144.15259803245198,-37.65276898630151],[144.15604600187103,-37.63159200646478],[144.15084898205106,-37.62723399668495],[144.1448300226107,-37.62797199667774],[144.1380620119539,-37.62725099643462],[144.1382790027058,-37.62578699666742],[144.13341698262153,-37.62444498690636],[144.13534203185122,-37.61485000647072],[144.13900101193724,-37.593221006590504],[144.13012498229537,-37.59225800656685],[144.13247003254796,-37.57783699687379],[144.1323880118709,-37.575815996432176],[144.141408001927,-37.57944475661278],[144.1436569926313,-37.56665098653446],[144.16180898187952,-37.568694997011484],[144.16264702200473,-37.563926996535976],[144.17435403207733,-37.565196007041],[144.17529698195304,-37.560369996743056],[144.1870247520919,-37.561626746496636],[144.18768898258264,-37.55187700675756],[144.19807502182664,-37.55167300649643],[144.19876202191486,-37.548658996782315],[144.19640737226518,-37.5434231266828],[144.1981987225362,-37.540463946382495],[144.19110961177603,-37.53563165643107],[144.19150524240357,-37.529379446993495],[144.19246789233335,-37.52710757653125],[144.18635403217152,-37.525170676601654],[144.1844150419869,-37.52110502697894],[144.18096802208711,-37.51932042647998],[144.18170200226808,-37.516460156532354],[144.17636602205687,-37.51497199693448],[144.17252287206625,-37.512880126996265],[144.1726648121693,-37.510508946958865],[144.16797299228878,-37.50716999650079],[144.16889338187437,-37.50513871684081],[144.16554600220758,-37.495239996703944],[144.16155699186592,-37.48844399655822],[144.16297600212974,-37.485889996669464],[144.16174000204546,-37.47861198673296],[144.1597210025118,-37.47653898669351],[144.16373502195097,-37.47428198641305],[144.16437599236403,-37.467578996667115],[144.1657105421266,-37.46269079681007],[144.1646571524716,-37.454915056488716],[144.16770315185212,-37.45316122655856],[144.16864401224646,-37.44960398697031],[144.1793359925234,-37.45128199663639],[144.17988649180754,-37.448287366782516],[144.174133982562,-37.44743498692122],[144.17537253206504,-37.4404086364228],[144.1739333420466,-37.43605223651966],[144.2635329919276,-37.44629098654514],[144.2658351116927,-37.43340649660758],[144.2686992318726,-37.427590506667165],[144.27303368217025,-37.430178576881126],[144.28688554215464,-37.434628457090966],[144.29125404219477,-37.43695043682612],[144.2953569723892,-37.43583835652002],[144.3003129823032,-37.436412987023594],[144.30339300178187,-37.434403996819746],[144.30632300170984,-37.428177986870956],[144.30683297170333,-37.42416299689128],[144.34204733238778,-37.42064915692138],[144.34110830186177,-37.42603267653741],[144.3423703620724,-37.42806567652448],[144.34730731243107,-37.42865462680505],[144.34727643194483,-37.4321376569174],[144.37927803179596,-37.43878859674926],[144.41693362175718,-37.446627506969534],[144.4185396217373,-37.4488407669171],[144.41854750175895,-37.45360727696252],[144.421520032424,-37.4565050971544],[144.42679548235478,-37.45882692711479],[144.4297566520264,-37.45691466649452],[144.4326144624398,-37.451116586479955],[144.44455645202783,-37.45009223687361],[144.44682945200472,-37.448363966699596],[144.4502030418166,-37.45065023703795],[144.45644651180598,-37.44056077673332],[144.46174354196484,-37.43606933696424],[144.46437194241759,-37.43638884650407],[144.4652239917696,-37.4290679867457],[144.47046744191334,-37.428795726789495],[144.47155284213517,-37.431108796684185],[144.4709621621066,-37.43641220668664],[144.46966685165398,-37.43911998689977],[144.45931486215258,-37.49710099671665],[144.46978117215542,-37.50746268674844],[144.4692933824645,-37.514734546662034],[144.46824543210863,-37.516833596707734],[144.46911249230908,-37.52124364694842],[144.46825656223498,-37.52400068664425],[144.46473168175623,-37.528192787058465],[144.46310510227127,-37.52842895704773],[144.46314685237243,-37.53324899659564],[144.46469595216413,-37.53708902676446],[144.46182997247155,-37.53830798686894],[144.45803306236186,-37.54226996711606],[144.45928336182885,-37.54639694711021],[144.48395893194171,-37.54946015655042],[144.4836978922999,-37.55082074695926],[144.55622521202142,-37.558900346701],[144.555927771746,-37.556851396557434],[144.559281762115,-37.55529935651213],[144.56117629198118,-37.552416737099136],[144.5733461922417,-37.55373813705371],[144.6089889522986,-37.5580810665159],[144.62675208241987,-37.5600144269967],[144.6262073521164,-37.56290684696397],[144.67164555223715,-37.56772169698006],[144.6644814716766,-37.55913123664785],[144.6560927924494,-37.55288042663199],[144.64895689203937,-37.54379510707778],[144.6414451221414,-37.53846792648996],[144.6324093217363,-37.53012151715092],[144.63805193198834,-37.49950194678858],[144.64502851169115,-37.495043986581855],[144.6513940717108,-37.49850296716814],[144.65652239197115,-37.50005485666138],[144.66001632189503,-37.49840178711372],[144.6674112218729,-37.49850766668358],[144.67885809241565,-37.499529546981336],[144.68075299238777,-37.4968234765427],[144.6783439919685,-37.49439947675097],[144.6841199023272,-37.492878396644116],[144.6888428524256,-37.493502346977515],[144.68822078166778,-37.4898923268086],[144.69167569236902,-37.48669424704446],[144.6940817319412,-37.48938422706175],[144.69776768214697,-37.489179186984195],[144.6960506117702,-37.485848167184386],[144.70318852171155,-37.48483407692376],[144.7046644321638,-37.482365046539854],[144.71111139212456,-37.48236996662842],[144.7120874718679,-37.485973987028444],[144.7189934224299,-37.487079916741],[144.7195293519385,-37.483691886881566],[144.72262130194244,-37.4837528572357],[144.72654833212275,-37.4866618370647],[144.73151128242068,-37.48703980720817],[144.73853129207424,-37.493391826759165],[144.74051524204052,-37.48930576674755],[144.7454502322752,-37.49214878715927],[144.74586023235403,-37.493891786841544],[144.75193920195028,-37.49701780712605],[144.75753037197418,-37.49483833697603],[144.75927018230408,-37.498964766909374],[144.76249332227212,-37.499485597052995],[144.76627413187703,-37.50284872664015],[144.7700860815812,-37.50187767689875],[144.77311807173487,-37.50291865723009],[144.79912680191654,-37.50613142710231],[144.82134829235252,-37.50906886719985],[144.83969089242592,-37.51170693726907],[144.87050521232229,-37.51553580657397],[144.8679589017168,-37.517346986792376],[144.8682141822593,-37.520032947139775],[144.86539788209694,-37.52434898665895],[144.8622849717024,-37.52737802662966],[144.85914506154376,-37.52499698681637],[144.8559928821949,-37.52709399704241],[144.85683888229187,-37.529540986578034],[144.852748912092,-37.532420016890505],[144.85053599233964,-37.53588796704203],[144.85180608169233,-37.53792404703749],[144.85807514198925,-37.54117600724408],[144.85423391169837,-37.542313976610984],[144.85376412155085,-37.54751795699171],[144.8499081517028,-37.549331996550556],[144.84927889172775,-37.5525009866207],[144.84562991168744,-37.55336201656913],[144.84796091228893,-37.55647295667197],[144.84592692166984,-37.55781403703637],[144.84264516213793,-37.556182966868164],[144.8378200816765,-37.55590704654724],[144.8383730621075,-37.55340702723819],[144.83187288235604,-37.55602997663293],[144.82845217231423,-37.56122998654601],[144.83185598235056,-37.563172006788704],[144.83024389179286,-37.56522796707713],[144.8190298816397,-37.57277898716753],[144.81946690214394,-37.576272946948244],[144.82204201183913,-37.57880896653886],[144.81884592194086,-37.58171903656921],[144.8126841716929,-37.581683037163934],[144.81006515234668,-37.58691302696961],[144.80722801216797,-37.59041599711169],[144.81135612213976,-37.590562976617214],[144.81143785176263,-37.593056967115714],[144.81357010190416,-37.5976819871734],[144.80649684191718,-37.59860600694428],[144.81769391164073,-37.60118495718012],[144.80711387222797,-37.607278947115624],[144.80658795174827,-37.60889300656125],[144.80172684165746,-37.6097088570061],[144.8042889617136,-37.61366975707453],[144.81171970177633,-37.61348858687407],[144.8197293719037,-37.61997596714518],[144.81837613179334,-37.6276217371419],[144.83636318227065,-37.62960497670879],[144.8348400024681,-37.63612699700555],[144.83391805161057,-37.643988056739865],[144.8230649917251,-37.64264299689407],[144.81586500190937,-37.64126999651684],[144.81336899246824,-37.65509499677247],[144.80567785236423,-37.652916957063105],[144.8037061221808,-37.65562002655382],[144.801321102288,-37.65383603670803],[144.79764409211592,-37.65474998716931],[144.79971010228502,-37.657744006820415],[144.80393294229847,-37.65750694683081],[144.80620491190768,-37.65890196688456],[144.80398298205304,-37.66159097693801],[144.80883682207826,-37.6649700369337],[144.8024270523703,-37.66629302687973],[144.80475010198322,-37.669517006885286],[144.80165088191364,-37.67151402716446],[144.80231182187552,-37.673680036879546],[144.79627392235574,-37.67313500711376],[144.789995152169,-37.67573897712422],[144.78335438248226,-37.67562399683939],[144.7763944521549,-37.67671805707795],[144.7736264418289,-37.670313076640035],[144.76895389170951,-37.669223966955826],[144.76826988211283,-37.66746302657518],[144.77204639238073,-37.6640020965854],[144.76775114186717,-37.663983986663425],[144.76450286164757,-37.66567003651203],[144.760619591998,-37.66363213689014],[144.7573237118481,-37.66412915676019],[144.74441279220812,-37.66307709682184],[144.7583514123809,-37.680937146819915],[144.75640526172526,-37.69341789667708],[144.7342668124524,-37.69072758670226],[144.72476265201777,-37.68999424655652],[144.72719256252202,-37.69307926653667],[144.69428639241744,-37.705509827029196],[144.69488137178294,-37.701768776416],[144.6736323525578,-37.699340466425625],[144.674645882167,-37.69082530673982],[144.67694301179074,-37.68517699691189],[144.66119457198465,-37.68310197644056],[144.64166901195458,-37.68010299691738],[144.63943630231648,-37.68010011682272],[144.63490001225264,-37.683344996859816],[144.6244790123744,-37.68227199707206],[144.623120002385,-37.68887699646837],[144.62018602202207,-37.70775198707717],[144.61225902205368,-37.75167999694216],[144.57544899201494,-37.74808700670658],[144.57688100179922,-37.75022099638933],[144.57608603229863,-37.75324999694702],[144.57928401225226,-37.756558006890934],[144.5823089919535,-37.758113006720194],[144.57955900183208,-37.760544996460354],[144.57998901188387,-37.764376996843076],[144.57813601203154,-37.77000136671983],[144.58010869263256,-37.77371310701901],[144.58300942185522,-37.77563925690536],[144.5843640121334,-37.779321996529255],[144.5890660126211,-37.78152599645935],[144.59033698232273,-37.784856996628854],[144.58781001244537,-37.78655499638336],[144.59072399181852,-37.788510006362635],[144.5887628824167,-37.793130156374616],[144.58476500210995,-37.79471517660262],[144.57818617216037,-37.79939928682996],[144.58235713177123,-37.80129625697103],[144.57999919249096,-37.80436329647338],[144.577560262003,-37.80413667694329],[144.56757635179935,-37.79889362702301],[144.548796911783,-37.79714149694063],[144.53268300228507,-37.78727227684033],[144.47767790249196,-37.78101269694352],[144.46684405218053,-37.83909477680681],[144.44898489215535,-37.83706114638688],[144.44406100240255,-37.864033996357385],[144.44187900266226,-37.86051499679699],[144.43379698222196,-37.85459399649437],[144.4304109920659,-37.858092996332594],[144.42801400212196,-37.85194899656277],[144.4216459923965,-37.84621799685669],[144.42188601235898,-37.836895996409616],[144.4229999924816,-37.833903986757754],[144.41988599243064,-37.832133996370025],[144.41998900224428,-37.82938399631526],[144.4179720122419,-37.82704500651921],[144.42043499242664,-37.82581099653026],[144.42053201227395,-37.81980398633397],[144.41732519199962,-37.81953416637869],[144.41479702197302,-37.81642500694628],[144.41682602245078,-37.81475398687175],[144.4160920018456,-37.80976300674801],[144.40783399245794,-37.80919100658545],[144.40336522246577,-37.80489110668755],[144.39911855194447,-37.8152322366888],[144.36198776226385,-37.81082952676353],[144.35874397272235,-37.82603799655858],[144.35786403247738,-37.8279796269196],[144.3549382627161,-37.84309869652157],[144.3523539524758,-37.843505986848974],[144.3466983121606,-37.84199575658588],[144.34527339188054,-37.84408777661511],[144.3392564419715,-37.844918856253734],[144.33757747273916,-37.84313885672187],[144.33044796204572,-37.846288976489866],[144.32712668203118,-37.84391198668188],[144.32273376218834,-37.844655026617446],[144.321286722691,-37.8414270368048],[144.316382802487,-37.839842086355674],[144.3148430119366,-37.837055796408904],[144.31220486206809,-37.83639229680511],[144.30521033222922,-37.83657048630746],[144.29984311220568,-37.83098150630804],[144.29672441216917,-37.82880583689858],[144.29424869207708,-37.8289280663569],[144.29601587227702,-37.81956472689183],[144.29102519188461,-37.81940024666332],[144.27447405257493,-37.817521496759014],[144.26515764272958,-37.81596749671615],[144.26361044197643,-37.811658816485085],[144.2481033426563,-37.8096635167737],[144.2470575123244,-37.81259043671351],[144.2380865424351,-37.81147175663325],[144.23843628262634,-37.80949194641225],[144.23348955230918,-37.809063356236955],[144.2325013120718,-37.81129121631989],[144.22244578278386,-37.81020104691366]]]},"properties":{"name":"Hawke","ced_code_2021":"219"}},{"type":"Feature","geometry":{"type":"Polygon","coordinates":[[[145.24898857224204,-38.01701090702398],[145.26090074225428,-38.01875200677367],[145.28675486249404,-38.02163443702223],[145.2885447925286,-38.02485025649829],[145.28634442224075,-38.035575907019854],[145.301450051884,-38.05375967695855],[145.29820320178237,-38.0699005568516],[145.33534443168318,-38.074511156919534],[145.3302038018086,-38.10386758699713],[145.32716303241958,-38.11874291653035],[145.3649449821036,-38.123233997057184],[145.3835084419728,-38.12574518644464],[145.3993160421285,-38.14297721685888],[145.38885985254566,-38.19251645703992],[145.39566926206237,-38.19338845688793],[145.39523075215138,-38.19549383704368],[145.41831575174746,-38.19849120676466],[145.41666373197367,-38.20383566662216],[145.42232221186347,-38.20998752655387],[145.427039982276,-38.21123141704575],[145.42996520226828,-38.21517133675685],[145.42342645245176,-38.216470296672775],[145.41886658251002,-38.22078037680639],[145.4160976523092,-38.22592242644167],[145.41212915230207,-38.22791596660801],[145.40187291243015,-38.22621546675821],[145.3982011124867,-38.226135956989516],[145.384365942302,-38.22096995680047],[145.37035526197198,-38.222792656599445],[145.36485731192172,-38.22188273693424],[145.3533783823031,-38.21472482645855],[145.348016431797,-38.21356886695562],[145.3441684524634,-38.2144489163824],[145.34083352254808,-38.217995996418395],[145.33958259246384,-38.2230860468596],[145.34288062228217,-38.22607601674678],[145.34133667253195,-38.229565076511776],[145.33550579246437,-38.23263815675118],[145.3323878919285,-38.236185196704525],[145.32647894197453,-38.23630324639345],[145.3239910721682,-38.24053594674387],[145.32159619236685,-38.242291356740516],[145.31261537245047,-38.245936466812985],[145.31060743207624,-38.24763351638864],[145.30375404194157,-38.24738999660919],[145.29830905206887,-38.24849303634342],[145.28914996238268,-38.24714671658592],[145.27987315207173,-38.24680683686233],[145.2741322122287,-38.24410087651799],[145.27366990235257,-38.24217700673814],[145.27565310222553,-38.23784980697591],[145.27862898180996,-38.23439973679369],[145.27451017209623,-38.23051201664804],[145.27140588193527,-38.22443297659217],[145.26791999193313,-38.224662026505875],[145.2647710617907,-38.22248995658926],[145.26097024221286,-38.22287172682684],[145.2590593225843,-38.22574978692149],[145.25422000202897,-38.22361000646173],[145.229937872451,-38.22059735694737],[145.2265412525302,-38.21895072634435],[145.22001804266975,-38.21195762650003],[145.21544748187782,-38.2087293267337],[145.2149337820792,-38.205296816618144],[145.21576682218154,-38.20065218686303],[145.22794931233076,-38.13646654639592],[145.23369550192822,-38.10699675658903],[145.2395833226084,-38.07767698671464],[145.2456090023454,-38.04685299680112],[145.24722500237127,-38.036410006748326],[145.24656519249,-38.02810505652259],[145.24898857224204,-38.01701090702398]]]},"properties":{"name":"Holt","ced_code_2021":"221"}},{"type":"Feature","geometry":{"type":"Polygon","coordinates":[[[145.1954857017424,-37.92312809715059],[145.1923607521265,-37.93834016652131],[145.19162195248396,-37.94613532679486],[145.19199024198753,-37.94913989675209],[145.19078063171142,-37.9546398865928],[145.19109997201514,-37.95981443680301],[145.18836203189497,-37.961524316959476],[145.19507796182484,-37.96754354653579],[145.19305429195,-37.979033586701625],[145.19407800216635,-37.983204996794335],[145.19236827192373,-37.99251107680002],[145.18172973242307,-37.99507487676932],[145.14469766220228,-37.99085358677027],[145.14591096185927,-37.983612246397584],[145.1395688316989,-37.975497756943376],[145.13064517248236,-37.959784116473685],[145.103140332331,-37.9563383064609],[145.09939602217443,-37.947018996675354],[145.09387901256878,-37.94196699687705],[145.0871190220708,-37.939654006725945],[145.04831653232515,-37.934691116798064],[145.05344573203612,-37.90564604707665],[145.07416667212988,-37.90813989695721],[145.07818207227965,-37.88715153682164],[145.0803280217293,-37.88793651700605],[145.0852961023058,-37.89246246657333],[145.0882261121152,-37.89297642671558],[145.0933862623809,-37.893571276829405],[145.09918333165785,-37.89616993673491],[145.12447685195636,-37.899152046493796],[145.12230973191046,-37.91134718674308],[145.12737575220913,-37.9145653570912],[145.14711911237313,-37.9171627165632],[145.1954857017424,-37.92312809715059]]]},"properties":{"name":"Hotham","ced_code_2021":"222"}},{"type":"Feature","geometry":{"type":"Polygon","coordinates":[[[146.19192300135236,-37.58752999712473],[146.18956718119784,-37.58532263716574],[146.19250211197834,-37.581130557159234],[146.19041909131104,-37.57744453724728],[146.19070299128015,-37.571798487405566],[146.18944195155566,-37.56832344706379],[146.18444984194355,-37.5607473971073],[146.18637978160163,-37.554582327215115],[146.18340174156899,-37.54705229753787],[146.18634572197763,-37.54474826729613],[146.1873656413035,-37.53633718716806],[146.186004961346,-37.53482364698423],[146.12640082147152,-37.53436599701294],[145.9477872017153,-37.532819157076865],[145.88969150208615,-37.53225782744539],[145.88363089135942,-37.526866017138566],[145.87966546179396,-37.525204697082295],[145.87084980163414,-37.53030239728902],[145.8662486514101,-37.531895927328065],[145.85756894138706,-37.532149767441005],[145.8561977915649,-37.53099242706871],[145.84720462161002,-37.527997407028174],[145.84128732181549,-37.53087335743315],[145.84064437151545,-37.53205830705205],[145.8343965914094,-37.531808906878275],[145.82996210202674,-37.5306581671976],[145.82632031210198,-37.52813635686212],[145.82367793206677,-37.53068112748228],[145.8242355415165,-37.533194097534015],[145.82041235209147,-37.534020307540956],[145.81968191127268,-37.53581256737097],[145.82204098153187,-37.53869345690656],[145.81916963171057,-37.5435529072743],[145.81846222189907,-37.54889657695442],[145.81688002188406,-37.55191805714722],[145.81608228197916,-37.556685097086024],[145.8090381813063,-37.56005116749979],[145.80982114212813,-37.56360616734528],[145.80692676129956,-37.5646299175063],[145.8026017316343,-37.56330979732489],[145.7954600317008,-37.56390984701999],[145.7908441320381,-37.56201975732185],[145.78852142198835,-37.56497903745271],[145.78089913146266,-37.56649446753055],[145.77404110152952,-37.56987639704159],[145.76980933136386,-37.57026032751079],[145.7660843915797,-37.57362578743268],[145.7569486616842,-37.57373476699611],[145.75284252180927,-37.57292504743687],[145.74846063148152,-37.5733058273374],[145.74470616137904,-37.57170968726252],[145.74055140198604,-37.56666473683032],[145.73656728207283,-37.5681637772798],[145.73675018175962,-37.570562817350584],[145.73411061165461,-37.5725495670553],[145.73119178137898,-37.57887773738261],[145.73121262139526,-37.5858646074658],[145.7330814217151,-37.585959756894745],[145.736182432127,-37.58989013717791],[145.73734163164434,-37.5939917168009],[145.67585253165635,-37.62419544703785],[145.6740730813679,-37.622541226980005],[145.6673374819266,-37.622149827030725],[145.66247389158727,-37.61833886702513],[145.65910863185303,-37.61753066729261],[145.65754511140605,-37.61103653743702],[145.65468384158058,-37.609081206853126],[145.65381010150764,-37.60175853712068],[145.6497540013874,-37.59843591744364],[145.64689091157504,-37.594000517289906],[145.64462579161983,-37.59308665739059],[145.64067481145577,-37.58923817742866],[145.63262018154674,-37.58756435717127],[145.62993275189837,-37.585580307397535],[145.62732636196674,-37.58081678732664],[145.62080604198655,-37.577083586959276],[145.61801211167136,-37.57229594709572],[145.61491968196702,-37.5710447572269],[145.61235756191093,-37.57406588686436],[145.60926156140334,-37.57520942708978],[145.60251589184762,-37.575948057252695],[145.60190207211565,-37.567359167259916],[145.59986770150917,-37.56607730692013],[145.59360912185673,-37.56589387684513],[145.59230052172785,-37.56765392692354],[145.58614162183426,-37.567325867369945],[145.58165460166882,-37.571249797374094],[145.57802398139626,-37.57205411687992],[145.5765040516985,-37.575699206884515],[145.57352978189505,-37.57921126702903],[145.57320938157932,-37.58631399690083],[145.566526302141,-37.58894746738908],[145.56287952207487,-37.59321536707226],[145.5586401521618,-37.59077870714084],[145.55366027221402,-37.58384869703571],[145.55261301176424,-37.58117866706402],[145.54958220199683,-37.578255657161904],[145.54714210190238,-37.57432401683137],[145.54127630162475,-37.572521227063206],[145.53761870135097,-37.566648806965325],[145.53751501151265,-37.56263920743405],[145.53494136157985,-37.56139082692265],[145.53352622215658,-37.55826719697811],[145.53008967212142,-37.556847637178386],[145.52810772180501,-37.55815466691146],[145.52506387209294,-37.56354570726188],[145.52313288140599,-37.56133371687556],[145.51873594160227,-37.56122873681643],[145.51121800207488,-37.55697275695893],[145.50797702156527,-37.55590576681819],[145.5037130917124,-37.55669978710956],[145.50870012135155,-37.56364980678164],[145.49681138209692,-37.563590867011776],[145.4968212716499,-37.56020483737371],[145.48199048156783,-37.560130947039376],[145.4820034415624,-37.55467891743324],[145.4741885315785,-37.55465497677275],[145.47344258224467,-37.5581419867947],[145.4699146717485,-37.5576720369019],[145.467752522081,-37.54982201700476],[145.43781212192067,-37.54587737738588],[145.44053057219242,-37.53343425730041],[145.43268759165255,-37.530814326914225],[145.4259978718677,-37.53500054723243],[145.41851990198057,-37.53149875692016],[145.41873784225166,-37.526555736913146],[145.41333296215646,-37.525996867196525],[145.40503910190415,-37.52655096720826],[145.40277617204157,-37.52800598734341],[145.40239927218602,-37.5363400372182],[145.39724142160742,-37.538388117349356],[145.3939005017258,-37.54089318696257],[145.38952853149368,-37.539738206797644],[145.38646757157042,-37.54339528701846],[145.383450631791,-37.541963276762864],[145.3798971714115,-37.542871736853336],[145.3758224222659,-37.54054116696068],[145.3684305819499,-37.54533861678102],[145.36641177196074,-37.54512594691816],[145.3609298316855,-37.543325447065605],[145.3478628315615,-37.54126158720276],[145.3473728922022,-37.54413463719605],[145.34133890215057,-37.54347169685059],[145.33871885153835,-37.54029668720922],[145.33259393221707,-37.53959973730135],[145.33380577211173,-37.532611616898755],[145.3280078215875,-37.531959697142895],[145.32850374193,-37.52913263670937],[145.3205728819008,-37.52816571681258],[145.32104584220295,-37.525213697346345],[145.31763587152042,-37.5251907368036],[145.31463090179213,-37.5229947470948],[145.3047730521723,-37.5219478268591],[145.30908498170578,-37.519753787263866],[145.31383089184453,-37.51555970706871],[145.29706297198882,-37.51369483697473],[145.29800394197758,-37.50832879670939],[145.29284094225576,-37.50687982705277],[145.29438891196685,-37.49858175706379],[145.276304952135,-37.49648885691437],[145.2754830116164,-37.50098592712681],[145.26736219204057,-37.50004395691875],[145.26421326189813,-37.50177000690545],[145.26244254143765,-37.511901167121884],[145.25169482159566,-37.510644236774496],[145.25385756145624,-37.50727213738885],[145.25671032154108,-37.49198086727401],[145.24782254193528,-37.49096293719117],[145.24813950170355,-37.489188887270515],[145.23931873192635,-37.48773899732136],[145.24103573223454,-37.477722787215],[145.23351600146648,-37.475232996942964],[145.22546202193777,-37.474310996825764],[145.22227236218035,-37.47259933682853],[145.2247639914361,-37.45815799703751],[145.22935284192727,-37.458660516798055],[145.22771451158007,-37.454477847248604],[145.23413803180017,-37.44684598686567],[145.23368401157748,-37.44380899691441],[145.23484106142632,-37.43799812705258],[145.23975469152023,-37.433387426800486],[145.24152946158605,-37.4334319769838],[145.25042579225504,-37.42824634731286],[145.25234785189147,-37.42592507703966],[145.25584958188696,-37.42562754734743],[145.26149471191337,-37.421252997089645],[145.2656195717805,-37.419353897400654],[145.26583580165928,-37.399597727080014],[145.2658121813572,-37.3732495170105],[145.25831304177208,-37.3716098970403],[145.25650979151857,-37.36796724724591],[145.27137201185576,-37.368061007463496],[145.27138022155918,-37.35977740690971],[145.2742151420008,-37.35980235682434],[145.27423511154953,-37.35552732713848],[145.2701431614629,-37.355507387063874],[145.2702121116525,-37.34736623716021],[145.2728559918742,-37.34660399696605],[145.2742079914111,-37.342101007027125],[145.27045002147236,-37.34069831732308],[145.270484991988,-37.338910297088546],[145.27696184159325,-37.337595207265046],[145.27935003164072,-37.33796799726385],[145.2793497414849,-37.33238114723624],[145.2769278214952,-37.332648166816384],[145.27029803191618,-37.32725799704164],[145.26541981161412,-37.327683047504905],[145.2619684815976,-37.329681677068315],[145.26193592216012,-37.317378306945464],[145.25669602215842,-37.31740838691455],[145.25669091164275,-37.31107334719435],[145.25187502184505,-37.31108140725139],[145.2518609021254,-37.30495237711619],[145.22744306136244,-37.305095657040575],[145.22731417198383,-37.29426181697061],[145.19538226163576,-37.29411999714414],[145.1955495719591,-37.27829591692585],[145.19263698138144,-37.27933799731871],[145.18691893151018,-37.27824570704957],[145.18701938202355,-37.27173634744282],[145.18058078178478,-37.27177064686556],[145.1806408916537,-37.26441584717132],[145.17182523149384,-37.26630287740627],[145.17193035145013,-37.27850283681615],[145.16813942142528,-37.281286176886766],[145.16300300195437,-37.27762798716364],[145.1651943917843,-37.273189577435105],[145.16553500149902,-37.26927000707046],[145.17312949186157,-37.261160916902085],[145.1728809918029,-37.25821599683758],[145.16736898132183,-37.255282007119064],[145.16588664162708,-37.25167265708503],[145.1706789515469,-37.24976754747716],[145.17161101204468,-37.247022537341536],[145.16822414153964,-37.24284212682407],[145.16777377207032,-37.24024625723299],[145.17282099152843,-37.23847898682127],[145.1772039813941,-37.23593642703385],[145.16952734189542,-37.22663438707462],[145.16945926127494,-37.22491763744224],[145.16632297132685,-37.21987746701962],[145.16359802174406,-37.21732499730056],[145.1653178715083,-37.21505634730944],[145.16961516209585,-37.21726159754216],[145.17202284199172,-37.216803686957476],[145.1745270018474,-37.2139840868896],[145.17596601130444,-37.208205997418034],[145.17487838146408,-37.20491081720159],[145.18637201201233,-37.20483335695172],[145.19113494163247,-37.203811287331064],[145.19638090166913,-37.206096277086445],[145.1963688220235,-37.19988919697724],[145.20216472169398,-37.19984214688963],[145.20201865203546,-37.18717005692242],[145.20745858169815,-37.18710698751122],[145.2075335820412,-37.19111700746249],[145.2194374013145,-37.19108387714895],[145.21951639197408,-37.18611485754922],[145.22536832136538,-37.18608077749811],[145.22948819198942,-37.18006168724221],[145.2345181413362,-37.177877617574694],[145.24113202175155,-37.17697955740439],[145.2410859516522,-37.168623487458504],[145.2323350815839,-37.168555597175136],[145.23172107140908,-37.16753358695604],[145.2317319518038,-37.15726850746912],[145.23502991155354,-37.157291486987404],[145.23214389134532,-37.1528474674569],[145.23116883208814,-37.14698444742279],[145.23228281131244,-37.1446794275577],[145.23003280191864,-37.14150241729573],[145.22856174147057,-37.13463138752005],[145.23118701129462,-37.13435399758124],[145.23174100143203,-37.13741298735768],[145.23770200157017,-37.14150099729097],[145.24320200157592,-37.14392798714775],[145.25204500196142,-37.14141098697915],[145.25495500179784,-37.1386629975288],[145.2571000017282,-37.134988997547985],[145.2677221918907,-37.136171997080005],[145.27255100125888,-37.14022399761568],[145.27337301184613,-37.142007007108774],[145.27890200138432,-37.14305898715742],[145.27903201186047,-37.13953799744399],[145.2846080012544,-37.13854600699672],[145.28460487152392,-37.12907777760378],[145.2882387320197,-37.12221668734244],[145.28720268164636,-37.12045668711892],[145.28993963182305,-37.11681163732071],[145.2908285516276,-37.11082756748563],[145.28856055167358,-37.10648156715507],[145.28930147134014,-37.102313537059956],[145.28829648201435,-37.09959852718159],[145.30314128132332,-37.09962137733789],[145.30434527173904,-37.10372140718969],[145.32103701176374,-37.103798247485436],[145.3229149713062,-37.10187720739329],[145.33151682164862,-37.09968312760813],[145.341521621276,-37.09973002725764],[145.3415656719625,-37.10135804714458],[145.35281647171985,-37.10139293702692],[145.35587141203243,-37.09765188737886],[145.36620624191536,-37.09763377702056],[145.36764718185188,-37.092361717552706],[145.37220914127496,-37.093918677524435],[145.3722940015266,-37.084981627377346],[145.3747209916078,-37.084983607408994],[145.37474293116196,-37.07617552734253],[145.39273064190093,-37.07628636744641],[145.392791011383,-37.043749987386484],[145.3971064416511,-37.04224109713423],[145.4009293112759,-37.03939503743801],[145.40499227183005,-37.03869597769026],[145.4086351514113,-37.035907937337136],[145.41108306145875,-37.03055885752391],[145.41507401126313,-37.02988780769636],[145.4191959911314,-37.027140007116145],[145.42523101155072,-37.02505299702992],[145.42949399188433,-37.021685007330554],[145.4289349918426,-37.01469499766624],[145.42745364119295,-37.00584045767065],[145.42324993170178,-37.004827947232656],[145.4257087212457,-36.99901926771986],[145.42152082120523,-36.99729008731056],[145.42017627139703,-36.99540502754972],[145.4156661815967,-36.99427976751038],[145.4130630013456,-36.99242299726353],[145.41864801162157,-36.986307987635115],[145.41872401178955,-36.984412997131024],[145.42420601135368,-36.977341997496154],[145.42368702137637,-36.97570398759268],[145.42614201194496,-36.97018199744184],[145.42543800135843,-36.965826987380325],[145.4264140119315,-36.963857997522226],[145.43019902116032,-36.96156799736905],[145.43169202116252,-36.956979997649505],[145.4373290115541,-36.95209299714566],[145.44153099178837,-36.943636997235814],[145.44661501163046,-36.93870199720627],[145.4473989911418,-36.93592599709424],[145.45278701165583,-36.93158800729964],[145.4552220012346,-36.92422600740322],[145.45477801160038,-36.92007798710903],[145.45820799135757,-36.91526698737025],[145.45750701168683,-36.91178099735906],[145.46384399180573,-36.909814007291736],[145.46383801172087,-36.901673007165634],[145.4678300116558,-36.90169399744332],[145.4644450015617,-36.8967289872695],[145.4604150010937,-36.8924309974117],[145.45499661123486,-36.891261497130586],[145.46019501176545,-36.88330899774628],[145.45997003139743,-36.87887498777736],[145.46123800162437,-36.87552798745505],[145.46614302136626,-36.87556199731317],[145.46792601101694,-36.87022899716166],[145.4765960012686,-36.872038007431875],[145.4818249912312,-36.87035699780339],[145.48176900103618,-36.86585298722085],[145.48450401175023,-36.856981997362425],[145.48431509155438,-36.84028722730169],[145.46983003158414,-36.84007899737373],[145.46977101137162,-36.83371998736829],[145.46669599101753,-36.834501997625054],[145.46263362155486,-36.82870787734418],[145.46363780149858,-36.825787687802844],[145.47132200121868,-36.82000993777966],[145.475240421047,-36.79974368766261],[145.4863050018425,-36.7922270078631],[145.48213750164385,-36.79217451740172],[145.4814150216951,-36.790464987451905],[145.47753901133137,-36.7887140076697],[145.47224615115206,-36.78759911748936],[145.46175999107643,-36.78637698768738],[145.45663999101225,-36.78105400746954],[145.45512002178864,-36.77822500742207],[145.45516699110155,-36.774059007839654],[145.45309701127718,-36.7740610074768],[145.45324399092902,-36.73037499776881],[145.49603199118002,-36.73022277736455],[145.49601600116796,-36.71558300787698],[145.49413403154605,-36.71558300787698],[145.49419502176391,-36.6999729974751],[145.4981870216988,-36.69996999764391],[145.49817169105023,-36.68704884760522],[145.5134730016101,-36.687043997362935],[145.51360900115426,-36.69969499725632],[145.51593913128823,-36.701648287307655],[145.57218099114033,-36.70156499748826],[145.58477076126962,-36.708923147732285],[145.59702446087138,-36.69521444748462],[145.59755149166884,-36.69089904744657],[145.59585442138348,-36.68638778766844],[145.58937589103033,-36.68193943731774],[145.63465501119236,-36.6317338078791],[145.63470564114007,-36.622292037758825],[145.64454702104752,-36.62309099767],[145.64450498168884,-36.59078499758124],[145.64253201093203,-36.58974700756563],[145.63449299104772,-36.59036199791958],[145.62626600138515,-36.590055987741515],[145.62626801091645,-36.58607099784796],[145.62377002158846,-36.57814700753001],[145.61472780092404,-36.56329288764671],[145.6317226810346,-36.56329847803149],[145.6315603213268,-36.49904631780178],[145.7318700210966,-36.49903641745645],[145.732190751094,-36.48632587792293],[145.73130840156745,-36.48525028747234],[145.7313156312089,-36.442633037563596],[145.72440289117998,-36.43447302783621],[145.7244273514069,-36.42460811768785],[145.728404641429,-36.42576929810119],[145.7351697711887,-36.426133258107434],[145.73883996135115,-36.429225837747914],[145.73983283150542,-36.432416788006556],[145.74440916127816,-36.43388459747029],[145.75649293106915,-36.43497296793863],[145.76531939077537,-36.43731071792218],[145.76612579133794,-36.44172916793089],[145.76837762071852,-36.441421197827545],[145.77100018122357,-36.44443466788399],[145.77543394117419,-36.443753737719334],[145.77708801090344,-36.43501303785282],[145.7854546212191,-36.394521868096994],[145.79014202138848,-36.370694997526016],[145.79850402065176,-36.33083052775713],[145.798448031355,-36.29896973777546],[145.8603752513852,-36.29897432785455],[145.93109305061245,-36.299047287631886],[145.9907067512565,-36.2992157178499],[146.03093781113725,-36.29900862818922],[146.0311977710041,-36.265443018312595],[146.03290020063835,-36.264079627820784],[146.0369030405438,-36.25506324820894],[146.08482481113384,-36.255186897917866],[146.13142465059627,-36.25512164815298],[146.13125616078494,-36.24219160828075],[146.13130584121345,-36.19911365826733],[146.13105195126298,-36.186790737953025],[146.22098291060047,-36.186711037860825],[146.22092279085007,-36.18296796839754],[146.23405476072867,-36.182996758447516],[146.23309080105517,-36.1878477883992],[146.23575683103684,-36.188204748400096],[146.23843677053242,-36.1845586878124],[146.23922973050168,-36.181051667946704],[146.24528961089814,-36.17880455779529],[146.2464856107994,-36.176511538076426],[146.24220470099104,-36.168403618442305],[146.23343273129336,-36.16984075838819],[146.2293287410869,-36.169452828250215],[146.2288467311566,-36.167114818477785],[146.2338507308698,-36.166632747975626],[146.23624571128246,-36.16489070817481],[146.23548078054665,-36.15712572814713],[146.23921879081814,-36.152328697820224],[146.23979180098505,-36.143302668221075],[146.23714876068811,-36.14235970802392],[146.23837775121825,-36.139488698445405],[146.24131775119187,-36.1401336382684],[146.2435847306598,-36.13856659837075],[146.23873374098892,-36.13576667807313],[146.24131571111786,-36.13326264829255],[146.2380536705048,-36.12952668850096],[146.23579169105977,-36.12850170802472],[146.22999732122025,-36.128675607930376],[146.2290926611353,-36.13158982787061],[146.21868564083957,-36.127605997870575],[146.21479966097274,-36.12780904819757],[146.2085016605507,-36.12590717798271],[146.2045287507139,-36.12577025825489],[146.2059667010572,-36.123055237906165],[146.20676266050125,-36.11594420819777],[146.2056416708245,-36.11352425831321],[146.2088695808467,-36.111915188305076],[146.2105535806446,-36.11366013841953],[146.2158436012493,-36.11451803785837],[146.21564256098367,-36.111065048214215],[146.2111425511792,-36.10584712834463],[146.2063746305193,-36.10505023788688],[146.20622965051726,-36.10336022817197],[146.2106725705888,-36.102888148460444],[146.21265956045397,-36.0983341079321],[146.21617152046403,-36.095761038007886],[146.2121495105104,-36.093710128420526],[146.2152344509602,-36.089042058206616],[146.20632659041456,-36.08692824829136],[146.20448765099303,-36.08526128807139],[146.19839576092807,-36.08642941787898],[146.2005207212411,-36.08085834850933],[146.2009747109211,-36.07461331831708],[146.20224472122197,-36.072878297841974],[146.19960380094912,-36.0668243181013],[146.2004548010689,-36.0645112983801],[146.19635088093108,-36.06118137815809],[146.19772584050833,-36.049290297910765],[146.199423820787,-36.047716258251214],[146.19809778076524,-36.044443277900186],[146.1934878611874,-36.044777388222556],[146.19214689116555,-36.04754341823928],[146.18551699109375,-36.04558953831914],[146.18164208116625,-36.04933863810003],[146.1784761809498,-36.050794717957984],[146.17523815050757,-36.04175572831724],[146.17727462047688,-36.03404073806656],[146.17808809078076,-36.0368306585107],[146.1859762907154,-36.04207032827618],[146.18827903121638,-36.04151401832066],[146.1916581510571,-36.036267778135525],[146.19368626040608,-36.03544825819126],[146.19528127039698,-36.03202314843873],[146.1980800309535,-36.02992880796693],[146.198823341037,-36.03712057802794],[146.20474743119678,-36.039158498070385],[146.2053815007519,-36.03489433790173],[146.20918365073464,-36.03190456802986],[146.21104611074517,-36.028918258256354],[146.2135625604523,-36.02948158854017],[146.21584756102308,-36.03283547802789],[146.2105659711073,-36.03544312817411],[146.21939951043626,-36.03692200849479],[146.22122406064355,-36.03566382829972],[146.22106311039238,-36.03032719791013],[146.2275768807558,-36.028895088443264],[146.22805171045206,-36.032620538002654],[146.23224709076388,-36.031731178249245],[146.2327898609434,-36.029065157894685],[146.23514558048666,-36.02794679844262],[146.24398177074397,-36.027784318462466],[146.2415980004077,-36.02348085810769],[146.2485795909132,-36.024555038442216],[146.24987334099217,-36.02159362804608],[146.24590740118364,-36.02127130800803],[146.24481080076683,-36.01809020833351],[146.24761059079268,-36.01719573789663],[146.24947763041453,-36.019330828191826],[146.2523428806751,-36.01852852858616],[146.2533378807349,-36.01504950817416],[146.25631277037593,-36.013277878565034],[146.26169127054453,-36.01646772820685],[146.26055270083762,-36.02010390800805],[146.2639601706104,-36.02172221842667],[146.26695551039882,-36.02091726797568],[146.2678111907413,-36.025170018483685],[146.27276167062647,-36.02664252842522],[146.2771209611383,-36.024036838454315],[146.27505948117314,-36.02091654795518],[146.2763905706252,-36.015839388438735],[146.27574339105684,-36.01177918859736],[146.27929264103258,-36.01292454814802],[146.27856498049965,-36.015513108095746],[146.28183240112304,-36.01624499794217],[146.28491015055897,-36.01403475811663],[146.28823430069085,-36.01535575850593],[146.2882990207138,-36.01758180822243],[146.2908040609185,-36.01972905811458],[146.28254780055062,-36.022957448297205],[146.28273098051181,-36.02692582848676],[146.28551898104783,-36.02766871830297],[146.29209325114897,-36.02491268820454],[146.29310436069684,-36.02950358854741],[146.28734693048014,-36.0298114281785],[146.28608786076109,-36.03285557815967],[146.29105635096937,-36.035451657862595],[146.28584619059347,-36.036604978449255],[146.2835526910618,-36.03821498858093],[146.28271932037944,-36.041167898105066],[146.2854219010134,-36.041690118434175],[146.29024032046698,-36.03884521795831],[146.291916730399,-36.04495273799378],[146.29854133041067,-36.04782794830531],[146.29710978056374,-36.0397014380958],[146.30079979115467,-36.03664181856951],[146.30168149119928,-36.04217125800189],[146.30486021037484,-36.0432950381865],[146.30700850083412,-36.039543058124124],[146.30894660078823,-36.03937167837161],[146.3129861305848,-36.04556805850101],[146.3149243509132,-36.045080648162475],[146.3150126903399,-36.039242608325864],[146.31764067038108,-36.03903712816155],[146.32032673099698,-36.04260283804069],[146.32389070076704,-36.041408717907466],[146.32959232045172,-36.04288747820979],[146.32946696055382,-36.03990624825306],[146.3310022810874,-36.03565347821663],[146.3270273805839,-36.03535755810219],[146.32818977091716,-36.02961822851473],[146.33092383031527,-36.02667285789564],[146.33408511049626,-36.02765816810903],[146.33990723109153,-36.026638977986785],[146.34582459107315,-36.0293829781889],[146.34721466031348,-36.03834996811223],[146.3519563510654,-36.04261094857065],[146.3549719011511,-36.04023524812292],[146.3610067607719,-36.042814518531536],[146.3668961705718,-36.0500986980972],[146.36983100074102,-36.05064367835223],[146.3731814706124,-36.046492738557994],[146.3782968605225,-36.04565838802233],[146.379273861039,-36.042324328065234],[146.37625553066752,-36.0399722482378],[146.377824731162,-36.03826077791766],[146.38256001063772,-36.03961118818033],[146.38684108034622,-36.03684198836979],[146.38734655067844,-36.03408174841477],[146.38133357042472,-36.03030353814222],[146.37959329117422,-36.02812686793904],[146.378630811026,-36.02307400858945],[146.37986401106147,-36.01482098858741],[146.38085784061653,-36.012572358419675],[146.38753440098083,-36.007424207941575],[146.3911342611414,-36.00676363860317],[146.39831626039688,-36.00802107840893],[146.3997892809688,-36.00359274807189],[146.39793836071638,-35.99946660817549],[146.398499160982,-35.99606031860608],[146.40296209102647,-35.988780268546634],[146.41571003112114,-35.98409118808459],[146.41273305110045,-35.98101020832936],[146.41913607086744,-35.975448188390175],[146.4251930703668,-35.97275116830484],[146.42141413105435,-35.96711619822328],[146.4259990702807,-35.963885168355404],[146.42911904053506,-35.96552214838184],[146.43636597091756,-35.96670310833887],[146.43899195041064,-35.968941108365044],[146.43939296104838,-35.97431510862099],[146.44235094080244,-35.97622910849322],[146.44516493049798,-35.974756087987785],[146.44688489075503,-35.97006806808457],[146.447668840622,-35.96502403846924],[146.45499675053418,-35.96274697837362],[146.456639761104,-35.96666499807495],[146.46043372024798,-35.96490695829938],[146.4633597011133,-35.96665994864717],[146.4621907108577,-35.97058696812614],[146.47008269090304,-35.97645094857233],[146.4659277608301,-35.98006698835923],[146.4679747707327,-35.98455398800027],[146.47612265025973,-35.982494918645045],[146.4794316206599,-35.98508990815983],[146.48558655089826,-35.98486085833701],[146.48783153062482,-35.986163838241744],[146.48843354110406,-35.98995683856205],[146.49419746075034,-35.99137879816488],[146.5001194111231,-35.99082510813347],[146.5036343409635,-35.98911669808457],[146.50382032097338,-35.98535568839353],[146.50213431074582,-35.98318768826972],[146.498543390619,-35.98592772842443],[146.4935144509786,-35.986213788680196],[146.49306045051887,-35.98438778845192],[146.4994093503832,-35.98083670803979],[146.50043132056283,-35.978238698470655],[146.49632135027156,-35.973272718068245],[146.4974893110579,-35.96783469858641],[146.5010342509169,-35.96477365832774],[146.50117669048328,-35.95835310827298],[146.5066971603994,-35.960040588072815],[146.51196311064606,-35.9641785582443],[146.51589105081976,-35.96338751854347],[146.51783201100972,-35.960679498190316],[146.520142980977,-35.96098046849576],[146.52180497025387,-35.96447845804069],[146.5196330109835,-35.966810478166714],[146.51960403043415,-35.9695664883693],[146.5265639203373,-35.970420427997304],[146.52799592024016,-35.97271542808439],[146.53243186040194,-35.97583639832959],[146.53159990097288,-35.98215542817489],[146.53451187081475,-35.98437441864933],[146.54070478092498,-35.98561437842406],[146.5495805904796,-35.99245726813803],[146.55577345028416,-35.98948318867803],[146.55378552078125,-35.985384208537056],[146.55494053055614,-35.982751198166994],[146.55216659045098,-35.98045722843782],[146.55549456021942,-35.978500198233796],[146.557851520336,-35.97913816806565],[146.56062562034134,-35.975576988524274],[146.55895561090563,-35.971190638705686],[146.56341245037254,-35.968881358141374],[146.56238048104547,-35.976917128610665],[146.56640048056946,-35.975110098306416],[146.5682494406979,-35.97574808827124],[146.56959135035754,-35.97928304870599],[146.57596818064079,-35.97845196869381],[146.5801299702492,-35.982700898072736],[146.58396685089747,-35.98386384866831],[146.58701579046397,-35.98152980843315],[146.58419491069023,-35.97810883841935],[146.58368495057817,-35.97532584871434],[146.5892757504962,-35.974080758292786],[146.5945445403174,-35.97437766817722],[146.59944034064958,-35.970800548378676],[146.60027534087587,-35.97520057838929],[146.60420223091896,-35.97339251861616],[146.60799316094383,-35.974705498546406],[146.61252007079946,-35.972858458661385],[146.6187159902659,-35.975937418703886],[146.61303411105956,-35.97804948841704],[146.6109561703652,-35.9806845180602],[146.6150701004302,-35.981131488058985],[146.61530312071994,-35.98305049822096],[146.6078202909472,-35.98637158821614],[146.60809729095658,-35.98839760861313],[146.61244424041308,-35.99027458833464],[146.61286428096182,-35.99471361864184],[146.61591726025213,-35.99666660844354],[146.6174862002352,-35.99422056835407],[146.6222491406352,-35.99530654870083],[146.62047614025047,-35.99846845819442],[146.62188908059792,-35.99964948843024],[146.6265501008407,-35.99673150868957],[146.62729225030085,-35.99926806802039],[146.62983115070355,-36.00022981805282],[146.63175131040313,-36.00422906812082],[146.63564843027774,-36.00509121869128],[146.64012624091487,-36.0093784184162],[146.6453120506584,-36.00780485858648],[146.65086761056617,-36.00773590821347],[146.6493146210693,-36.011045378164425],[146.64980780065184,-36.01345304850513],[146.65271768101235,-36.01491602841332],[146.65795643027215,-36.01390082831023],[146.65880261093045,-36.01648054834577],[146.6559977804576,-36.01794105833697],[146.652135050787,-36.01720853829904],[146.6508112008579,-36.02061844801095],[146.65377436029792,-36.02185214835725],[146.65685190042637,-36.0264282486078],[146.66243491105257,-36.026426868241266],[146.66419873065504,-36.028949558161685],[146.67022174059898,-36.02791334844016],[146.6668073106794,-36.02410389866731],[146.665544040438,-36.01998101854676],[146.66834701049993,-36.01778406816963],[146.6688522805079,-36.022386378694335],[146.67247012044888,-36.02599412867604],[146.6748132905275,-36.02184298800301],[146.67898166029545,-36.02191782853098],[146.68148669061864,-36.02335134862153],[146.68127532062553,-36.026202948492845],[146.67633595020547,-36.027147598640504],[146.67820612045617,-36.03008566859921],[146.68291649054734,-36.030444908201126],[146.67995305083298,-36.034385008140546],[146.68265297065705,-36.03898542861751],[146.68815818089146,-36.04103552818105],[146.69500218093646,-36.03431565823568],[146.69651851108492,-36.03123488841087],[146.69925383081937,-36.03372844807591],[146.7034328402335,-36.034052248483725],[146.70585136099822,-36.0358698083268],[146.7100477806608,-36.03409390826151],[146.70823780022917,-36.03230493846606],[146.70953096101326,-36.029241278580535],[146.71250100065,-36.029200198149205],[146.71662758079088,-36.026505878203785],[146.72188596093466,-36.02874074853093],[146.72722996040648,-36.02681975808843],[146.73080887095625,-36.02382412812605],[146.7328456409629,-36.02658574827165],[146.7296648107464,-36.02734950856288],[146.7283871207481,-36.02955065864761],[146.73235780096635,-36.03098062837545],[146.7344886102102,-36.037307738091435],[146.7319267309026,-36.03823844839165],[146.73051933046543,-36.04462921846546],[146.73596168018952,-36.04818374852964],[146.73911674043546,-36.04552209836731],[146.74462542086178,-36.047837448456725],[146.74725103024892,-36.0459325681796],[146.75054304045653,-36.04157932836009],[146.75320976034436,-36.04308776868909],[146.75143367065343,-36.045534168561325],[146.7506276303153,-36.05057240866643],[146.74794759020844,-36.05288045868991],[146.74697561037607,-36.05848751843702],[146.7504022007897,-36.0614239681782],[146.75370716021214,-36.06068692820391],[146.75838147102954,-36.05508559836513],[146.75584548027004,-36.05286163826436],[146.76136369092322,-36.05175706807389],[146.76274392091622,-36.053485568487645],[146.75998557107278,-36.05587551803106],[146.76020976092335,-36.05816846847474],[146.76384168105804,-36.05974869840181],[146.76554332107318,-36.056397458516294],[146.76868991020598,-36.05912182803721],[146.77164090106717,-36.0580891286217],[146.7769221505214,-36.05999363846192],[146.78047090103388,-36.06453556800759],[146.78208097038225,-36.05992016814314],[146.78782648085343,-36.05934240805111],[146.78872334086674,-36.061005428396086],[146.78700820096952,-36.064361048291396],[146.79172586088924,-36.063585058158324],[146.7943578707728,-36.06513165870112],[146.79842455035225,-36.06409434861228],[146.79810441054792,-36.06207713841615],[146.79350739077753,-36.060321688033916],[146.79564814077835,-36.05743606834514],[146.8001463907832,-36.0585358384535],[146.80414751041485,-36.05830463819507],[146.8068323304573,-36.061298448305706],[146.81446805079653,-36.063948338516745],[146.81278571018694,-36.06724249871744],[146.81670420098212,-36.06734586864389],[146.81467604042916,-36.07036559862348],[146.8166548107095,-36.07457781813062],[146.8234784207942,-36.069642698453706],[146.82582177053592,-36.07252426836347],[146.8235768509965,-36.074772548370866],[146.82726116087858,-36.078127918631125],[146.8222918603899,-36.082413368519745],[146.82157306083894,-36.08686241835589],[146.82576290034206,-36.088773888720716],[146.82860842090403,-36.08659736811554],[146.8341174103508,-36.08596968810586],[146.8363468204769,-36.082187788660306],[146.84111295079438,-36.08441907830494],[146.84383475088384,-36.084316468407906],[146.84871321103603,-36.08660507846678],[146.8519639508429,-36.08385029846216],[146.85666286022774,-36.08504722805498],[146.86000104024765,-36.08350776856699],[146.86001413049803,-36.0793235682428],[146.85677681062322,-36.07746696857732],[146.8581741202847,-36.07480210855343],[146.86231709018793,-36.07826486841147],[146.86595674032566,-36.076724268373184],[146.8651130902216,-36.072883788459706],[146.8729521406321,-36.07368144872283],[146.8765572209027,-36.08004751854794],[146.87680933039226,-36.082906628503366],[146.88055621062884,-36.087524098133365],[146.8852988805444,-36.08698907855537],[146.89040169044722,-36.08803060858063],[146.89517530103615,-36.08567700837837],[146.89738107019883,-36.0859063082081],[146.9019306903632,-36.08304761806],[146.90690974026768,-36.08494700814084],[146.90295742071552,-36.08693768854975],[146.9060113504234,-36.09236559857131],[146.90334746022876,-36.097707578487594],[146.90867015076367,-36.09951066854635],[146.9120201705791,-36.106240728554276],[146.90649942038863,-36.10661173869953],[146.9060324608326,-36.10962316842513],[146.90776265020577,-36.11128444837369],[146.9135070710205,-36.11277673826674],[146.91663544052275,-36.11118659803064],[146.91766263081246,-36.108155508052796],[146.92343006017657,-36.10868696815734],[146.9251535804571,-36.107211018045206],[146.9244675406679,-36.103312478592045],[146.9218733408746,-36.100130198241146],[146.92641512054323,-36.097164138618396],[146.92982246095863,-36.099586798353506],[146.92747992059893,-36.10253181830779],[146.92818312090503,-36.10585434836042],[146.9328093305322,-36.10914732852578],[146.93323256099853,-36.11076850816824],[146.93910598078637,-36.11313177808368],[146.94190386099388,-36.11544636821162],[146.9456816010554,-36.115516758362446],[146.94801003067863,-36.113210688665546],[146.95242764071702,-36.110924458718735],[146.9519248707205,-36.1081102180674],[146.94926717081646,-36.10677537829651],[146.94895156031777,-36.10135771845266],[146.9516893908435,-36.10040528819733],[146.9505740309086,-36.094490558417476],[146.95221266039485,-36.092485238444375],[146.9585653906756,-36.09205293822372],[146.9550506404983,-36.0885170080731],[146.95891230027536,-36.08516410805269],[146.95919313070115,-36.08347401838334],[146.95603094052677,-36.07916461821006],[146.95963605044193,-36.07955004859656],[146.96019712020205,-36.08145422838517],[146.96663711103287,-36.08365522843715],[146.9725887704887,-36.08211324862533],[146.97538758045252,-36.08502922840813],[146.97836913020305,-36.092685068769086],[146.98072592053802,-36.09469783841738],[146.98422694086454,-36.093900578635996],[146.98898322025664,-36.087065948619866],[146.99211215030758,-36.085869398223586],[146.99877724098232,-36.08728785861311],[147.00357702039366,-36.08391405825216],[147.0077793904968,-36.08391853826371],[147.00612603043658,-36.08795443854055],[147.00905265090242,-36.0894436385115],[147.01221720095097,-36.08794653812514],[147.0161773304563,-36.0894968787178],[147.0137885807584,-36.09336044863456],[147.01318332017442,-36.09718282867868],[147.01515787016953,-36.09991957850817],[147.01324467061679,-36.10321694813575],[147.01530981031837,-36.10632607857023],[147.01739639100924,-36.1059396487177],[147.01826547062242,-36.10027879841278],[147.02277640034748,-36.0998951985869],[147.02632500084124,-36.10542495875939],[147.03206556069694,-36.11093662846287],[147.03248461040394,-36.11432363830057],[147.0352835506235,-36.114913628732154],[147.04057943093875,-36.11108256872394],[147.04283538089157,-36.10822554839337],[147.0416273705149,-36.10563250820999],[147.04347636028783,-36.10402950817991],[147.04867925059818,-36.10379545864101],[147.05037726052126,-36.107451468779345],[147.05296325061113,-36.10788144822983],[147.05560315039781,-36.10132936875667],[147.05541912063035,-36.0999333583972],[147.05042420018978,-36.098674398597865],[147.05227709044766,-36.090543338609564],[147.05782702061347,-36.09008026825124],[147.0596499403785,-36.08832422834567],[147.0578080104654,-36.08573422867857],[147.06301992075956,-36.082492158223694],[147.06298988019816,-36.08033113828385],[147.05951491011658,-36.07403996881435],[147.0615038906484,-36.06667204868512],[147.0645338308466,-36.0683460186928],[147.06756979065554,-36.06723697866065],[147.06654377087062,-36.06417596836345],[147.0682767207667,-36.06057990839331],[147.0716226703156,-36.06349690810325],[147.07452369059246,-36.06409086812152],[147.0759456203809,-36.06090183881727],[147.07890362079627,-36.058909798517064],[147.08038654080264,-36.056181768697535],[147.0846624802326,-36.05644668833207],[147.08508840025488,-36.052464658707144],[147.0954442507154,-36.05271048860098],[147.0957232207303,-36.05018445841651],[147.09171019033627,-36.04663249835357],[147.09717216016443,-36.046621408136936],[147.09875608045314,-36.04429135812699],[147.098512080954,-36.0413253283469],[147.10029499065456,-36.03576725859266],[147.1031839007431,-36.03428919852779],[147.10303089070075,-36.03226319855848],[147.0983589604189,-36.03154426863924],[147.09278698020606,-36.02884931836197],[147.09785289091033,-36.028054238217194],[147.0993708506027,-36.02542618839975],[147.09721381055257,-36.022613208199694],[147.09833177021187,-36.01832614848355],[147.10102875074833,-36.01997610839906],[147.10472967048003,-36.01873502860225],[147.10636367094753,-36.016454978546115],[147.10629161079044,-36.013374968618955],[147.1043706201492,-36.01163698864451],[147.09838871082442,-36.012290098164634],[147.09818569067193,-36.010127078384585],[147.1051755905938,-36.01073795861283],[147.1081165805109,-36.01283491861789],[147.1103545003776,-36.00907584869085],[147.1065155401295,-36.00801390827281],[147.1074294708282,-36.004679858754095],[147.1118114707504,-36.007911808428155],[147.11628042040564,-36.007634758508814],[147.11562240086678,-36.00372771861025],[147.1135833706989,-36.00057372858534],[147.11697433033507,-35.998493668264814],[147.1199333108124,-36.00060464875898],[147.12312925069193,-35.99731657874798],[147.12513529023101,-36.0012315881666],[147.12294434057557,-36.003294638563524],[147.12648929031604,-36.00511758864607],[147.12520332054578,-36.008558648552935],[147.12818431064585,-36.01111863830991],[147.12786340008702,-36.018577688351314],[147.13066533079817,-36.01981465824172],[147.1307673901942,-36.02358067826199],[147.1371733205027,-36.02862461871185],[147.1406902706541,-36.0285315583928],[147.14469126092837,-36.03127053818904],[147.14283037027462,-36.03566258829473],[147.14533537095343,-36.03779959855413],[147.1494232301123,-36.0319364784262],[147.1549142802028,-36.03570247838034],[147.15707223024634,-36.03509644880257],[147.16158813034986,-36.031054328389615],[147.16680508019272,-36.03145927840715],[147.16873910089717,-36.03310928876053],[147.18389102072697,-36.038357188515434],[147.18760198092863,-36.038228148768525],[147.18759805079927,-36.04233522858033],[147.19157602084604,-36.044511208330604],[147.1955339809199,-36.04389412833948],[147.20432794047744,-36.0498891281867],[147.20722192065736,-36.05011809876297],[147.21513377053853,-36.04669095856459],[147.22036671039342,-36.04842991863087],[147.226104620219,-36.04780281865616],[147.23171145057321,-36.04256667840286],[147.23902536024173,-36.043200598421876],[147.24222623007557,-36.03853049833369],[147.25034419031377,-36.04145942872362],[147.25316415021265,-36.0415293984683],[147.26360395003314,-36.03926423877967],[147.26782693018382,-36.03957119838029],[147.28026193047114,-36.04316211835641],[147.2826888100595,-36.04011403822499],[147.285645790887,-36.03964200877961],[147.287399830531,-36.043500038743375],[147.29068677064717,-36.04275698881224],[147.3002817408756,-36.04527688883035],[147.30334183033133,-36.05177595848597],[147.3065387906971,-36.053575938309514],[147.30666888022498,-36.05718997869845],[147.31102887052438,-36.061154978311755],[147.31523977013117,-36.05951489826748],[147.3127767108946,-36.05284183882902],[147.31812567086345,-36.05490178861119],[147.3180117402309,-36.06032086888481],[147.32442562062968,-36.057392758592634],[147.32922350010423,-36.05435866871748],[147.33161433030028,-36.04784054835297],[147.33397128053548,-36.04605549850675],[147.3414341003353,-36.043755398729864],[147.34391702042439,-36.04207335866853],[147.34671190025887,-36.037340258660734],[147.3522437203886,-36.03229312849429],[147.35161462031363,-36.02855209842224],[147.34894967010692,-36.027402098442195],[147.3460676806394,-36.02424710852457],[147.34571059043247,-36.01863901831049],[147.34880243084194,-36.01307191867045],[147.35497229018205,-36.010086848352536],[147.3556541707715,-36.004870778837535],[147.35325718082754,-36.00037574863385],[147.35764901011555,-35.994245678756364],[147.35819297056284,-35.991275628688264],[147.36076089014242,-35.988996598681965],[147.3663897804251,-35.98651553825823],[147.37089465011528,-35.9823554688673],[147.3748555503751,-35.982317448301096],[147.37429655033336,-35.97968543836705],[147.3761394701898,-35.97632039859246],[147.38367927021963,-35.972352308533615],[147.39158714056404,-35.97393028843557],[147.3919721001043,-35.969378248475294],[147.3887561008445,-35.965938268312705],[147.3882250303232,-35.96345525854314],[147.39267795044051,-35.96236523850523],[147.39267389005545,-35.959037218799246],[147.38891284069192,-35.95983325886965],[147.38849691083388,-35.956990228528284],[147.39149583040867,-35.95625320846927],[147.39271675047428,-35.95406021879127],[147.39028976039307,-35.949609208745535],[147.39221969016967,-35.94770518846645],[147.39540764043315,-35.94908310881063],[147.404264360788,-35.94356208835275],[147.40679636033266,-35.9450740987426],[147.40840839070324,-35.94823209898304],[147.4156287201736,-35.94702749877919],[147.41781520071052,-35.948652038497194],[147.42198314018538,-35.948836018997156],[147.43104106070598,-35.952994008755056],[147.4352039606321,-35.95303997848613],[147.4401209504252,-35.95607996862548],[147.4435178901462,-35.955835978760256],[147.44504291059673,-35.9585859688521],[147.44810988024932,-35.96026598853274],[147.45333577012588,-35.96036798862624],[147.45615568061737,-35.95777899891248],[147.45442062057873,-35.95159797885024],[147.45864848037795,-35.94748793865865],[147.46407231043415,-35.94413694830293],[147.4709801600346,-35.94330094851402],[147.47682702023275,-35.94361193847511],[147.47895103012817,-35.94274491902653],[147.48125211054256,-35.949016928738004],[147.48876198050368,-35.94857287853539],[147.4913858507525,-35.9440978584301],[147.49411181992315,-35.94354884836328],[147.49860179015607,-35.94664182854488],[147.50124520055888,-35.95079307841221],[147.5051525899738,-35.95256812864138],[147.5072882905443,-35.95526191872998],[147.50737808075027,-35.958027548481276],[147.51236732024498,-35.962319658836925],[147.5166564900624,-35.95883565893213],[147.52350317068021,-35.96139472842327],[147.52572863001566,-35.9650223785581],[147.52079627004807,-35.9680109589726],[147.51945747035592,-35.9713005484434],[147.51523016032561,-35.975986938704565],[147.51926393012462,-35.97880329889998],[147.5197654101404,-35.983158988513054],[147.52216977076128,-35.98710419851335],[147.52589580020177,-35.98619199901464],[147.52842542999076,-35.986955948640635],[147.53061326069553,-35.98963549833509],[147.53755269056978,-35.99399116855299],[147.54581797002302,-35.997002278294744],[147.5488314908145,-36.0033541083799],[147.5518735600657,-36.00409529897309],[147.5552453604335,-36.00320948850459],[147.56158418030208,-35.998678428735275],[147.56928258059025,-35.99133887837333],[147.57696720072192,-35.98958569834],[147.58388388076165,-35.98567060876461],[147.58278511001515,-35.97969100890423],[147.58029926051984,-35.97775965836914],[147.5652164507798,-35.9785282287098],[147.56222194013634,-35.97413251858947],[147.55938723079885,-35.97257754880556],[147.54815353047294,-35.97880436896686],[147.54758236005577,-35.97456660859722],[147.55176310052343,-35.97057054903034],[147.54859586002053,-35.96895608899092],[147.54889384018344,-35.96470056889593],[147.552746500638,-35.966764078761074],[147.56638257001975,-35.9699104584193],[147.5703163501411,-35.969026438640896],[147.5736316204264,-35.970226608756285],[147.5725611906288,-35.97256515845899],[147.5748851807778,-35.97515852835434],[147.57831648016014,-35.974493868461046],[147.57873400991767,-35.969921089044306],[147.5823265407238,-35.96778607864774],[147.5877879203588,-35.9696627387147],[147.5940921901233,-35.969807548777055],[147.59774609023637,-35.97247135875423],[147.5968031107164,-35.9764732788848],[147.60067922079307,-35.97909107876526],[147.60545963073037,-35.97737622893285],[147.60993645052577,-35.97408380874744],[147.61473187041315,-35.971782318418406],[147.62011006066294,-35.96777997870568],[147.625513840322,-35.96532572874056],[147.6311651507575,-35.964373608738235],[147.6383409004336,-35.961611888362775],[147.64201071060867,-35.95312070905286],[147.64228962043643,-35.949978108781856],[147.64677699004653,-35.94600846870185],[147.65371435020236,-35.94414905874871],[147.6608782304386,-35.94322037882285],[147.66455791040372,-35.94370243865043],[147.6722929107515,-35.94253043888762],[147.67407699994007,-35.94426699877211],[147.68000928992177,-35.94443913871623],[147.68660690993212,-35.93867179879645],[147.6961358405124,-35.935116859105406],[147.7034937299005,-35.93029294839608],[147.70841415035966,-35.928544548393376],[147.71130570059677,-35.93003539878931],[147.71334805992112,-35.93430974909319],[147.71775551001366,-35.938558948923124],[147.71736966024292,-35.94427097909665],[147.72148978059857,-35.94691325871607],[147.72857106074446,-35.94751381880041],[147.73852776007982,-35.95498411889897],[147.74129169025784,-35.95648975899702],[147.74946657044737,-35.95747520890371],[147.7575408105791,-35.954842479010736],[147.76344745006614,-35.95880944874578],[147.77292744042973,-35.958759129031954],[147.76797486028343,-35.9611603884583],[147.7666031202682,-35.96300149846593],[147.7688949399502,-35.965379408429094],[147.77327271060415,-35.96507048906552],[147.77703443999232,-35.96862805880092],[147.77953191009408,-35.966600329022086],[147.78318407017053,-35.965678738732514],[147.78816860069657,-35.967245178447435],[147.79363455994286,-35.96435932887572],[147.79643963026595,-35.9638328887448],[147.8021436906733,-35.96521448886671],[147.8057829006365,-35.964983848687794],[147.81119940043996,-35.96729865907253],[147.81218459988003,-35.970149309067814],[147.81588518993004,-35.97275925839787],[147.81323230050435,-35.97599114860834],[147.81749768023806,-35.97974058906658],[147.8218333100237,-35.97872387910533],[147.83210519046307,-35.980063348590726],[147.83322543992804,-35.97921502860115],[147.84111653064124,-35.98402335893715],[147.84612596067026,-35.981616318706465],[147.85091866045897,-35.98158241870519],[147.84854350047468,-35.988612468638635],[147.84943993019502,-35.98959946847972],[147.86144510009365,-35.988160378845286],[147.86819832987075,-35.99063072845503],[147.8695196806868,-35.9935244686837],[147.87271351042375,-35.99100941848588],[147.87945069988322,-35.99561427843744],[147.88287986037685,-36.001798338717784],[147.88469430004557,-35.99879149867673],[147.8886608201657,-35.99767766910894],[147.8986712603147,-35.998815038541935],[147.89927669068024,-35.99594268850443],[147.89547683050318,-35.993094738462986],[147.90224042055047,-35.99269144905914],[147.9050587500071,-35.9953649685081],[147.9078208503168,-35.99606914908751],[147.91278937016955,-35.99551120898357],[147.91377757986416,-35.99819618848437],[147.9085434901657,-36.00147334908447],[147.91152336006655,-36.00286050892606],[147.91427217070003,-36.001813928651735],[147.91632837036786,-36.00534397878156],[147.91394670029277,-36.008668738777025],[147.91691059994457,-36.01084545891115],[147.91334663017457,-36.016448678918174],[147.91333441039174,-36.01869354888643],[147.91084088030084,-36.02215173887049],[147.91205817027432,-36.027094278456225],[147.91493449047414,-36.02829680900696],[147.9178284805356,-36.02755074886277],[147.9238164903194,-36.02905244877582],[147.92713324012993,-36.03095438911965],[147.92892914036787,-36.034007738864545],[147.92480992012415,-36.035193549022054],[147.92505929065035,-36.03772739906556],[147.92337041030547,-36.04185157896577],[147.9303210906804,-36.04423781857051],[147.93369313000005,-36.047571138732195],[147.93729770002767,-36.046539878400274],[147.93766719057876,-36.042399118628445],[147.94300039050415,-36.04377025910034],[147.94422030984657,-36.04626031901054],[147.9492992703769,-36.0461415784567],[147.95511327020196,-36.04191317844838],[147.95918125054197,-36.041038838993586],[147.96037378025127,-36.04564486881614],[147.9642553502883,-36.04682938884174],[147.96590874987442,-36.043935878788794],[147.9715501698587,-36.04277052885236],[147.97501702006835,-36.0470007988467],[147.97838117038316,-36.04672039856076],[147.98396865012793,-36.04481852880502],[147.98704150015232,-36.047248748491334],[147.98575768993203,-36.04929745848066],[147.987403179852,-36.05228763854239],[147.990683839846,-36.05238395861158],[147.9925285006376,-36.04853073852142],[147.99757112072146,-36.04776570848531],[147.99665966038972,-36.05073029872496],[147.99696830984325,-36.05535393865771],[147.99919271994642,-36.05848212848431],[147.99600988019864,-36.06153981870065],[147.9913049503048,-36.06410816891115],[147.98922272015497,-36.07024898852215],[147.9923992806789,-36.074027908800694],[147.98858144072142,-36.07546547844277],[147.98870260009699,-36.07852761909797],[147.98665810996883,-36.07970395856556],[147.98152236064112,-36.07877929846826],[147.98345134988165,-36.0847307388659],[147.98036239036927,-36.08635251887976],[147.98668112031487,-36.092631358888816],[147.99139633052883,-36.094644308478934],[147.99171786990834,-36.09676269865549],[147.99599017026298,-36.09767365874476],[147.9969308905201,-36.10050704892516],[147.9939926799905,-36.10527794907201],[147.99549992996808,-36.10902687868778],[147.99253560990473,-36.10947433845018],[147.99309740011375,-36.117347328601284],[147.99077943047376,-36.12066991841981],[147.9923011406324,-36.123032308417464],[147.997072279956,-36.124644529027876],[148.00074877988496,-36.12474224868204],[147.99931901049897,-36.12755087885415],[148.00336538994964,-36.13262115847063],[148.0020072100036,-36.135362439080836],[148.00436641051851,-36.14009191857615],[148.0079587499835,-36.14070685884835],[148.01406099043714,-36.137430838595286],[148.01849923028607,-36.13924233895105],[148.02168760994417,-36.14172271850591],[148.0235740504813,-36.13982331905157],[148.0314286902552,-36.14230011906032],[148.0346343400247,-36.14120255889189],[148.03430457028057,-36.148094258959375],[148.03533927048602,-36.15238779898675],[148.03141448070406,-36.15164760878772],[148.0289687499694,-36.155367118985254],[148.02279232035136,-36.153864198839884],[148.0248209902491,-36.15936615854531],[148.0274457004226,-36.16188615862257],[148.03128001997402,-36.16127550896917],[148.03122813058826,-36.16451531892804],[148.02904998012895,-36.16872148843167],[148.02518758014008,-36.16844479875729],[148.02380107002497,-36.17131756853757],[148.0266022201001,-36.1742039686829],[148.02188945060874,-36.17697195887863],[148.0254695101038,-36.186006528788354],[148.02529766059334,-36.18850451863537],[148.02920432057627,-36.187954579023604],[148.02990840033303,-36.190845588354726],[148.03507033016132,-36.19289141904209],[148.03648666075068,-36.19792349867349],[148.03894511073145,-36.197695528588575],[148.03827118023224,-36.20195398836182],[148.04060641010216,-36.20686042875143],[148.03691624050938,-36.21019040835724],[148.03871575017814,-36.2133737188971],[148.03516694037688,-36.21607977866449],[148.0332098006303,-36.21599879875164],[148.02694145000248,-36.22597873899627],[148.03177249078584,-36.22936392850351],[148.03201728080242,-36.23278704854764],[148.03477294019154,-36.23356098893612],[148.0329370101263,-36.2411102688803],[148.028983750038,-36.24402774836745],[148.02884006001676,-36.247044258967584],[148.03081943037168,-36.24936762884187],[148.03412937005407,-36.250368508785],[148.0360045008017,-36.252806498345905],[148.03450160046674,-36.25552812849004],[148.03828302002765,-36.25834699886621],[148.0389366405166,-36.26178262870244],[148.0334798099502,-36.265177278602366],[148.03290029059073,-36.26828756847403],[148.0350061805686,-36.273006628979836],[148.03293919033752,-36.275321088833074],[148.0354269200066,-36.27931664855347],[148.0339007407294,-36.28246261844132],[148.03979760025797,-36.28787510899252],[148.03996617001937,-36.2914003885848],[148.0374729399657,-36.29556775896796],[148.04075296035924,-36.29929566891754],[148.04272721031705,-36.30406298834216],[148.04072149057825,-36.30607849879702],[148.0380572707018,-36.30522555850981],[148.0351181600603,-36.31083362829752],[148.03797733052306,-36.31419175876647],[148.04315151067686,-36.31331144855034],[148.0464568204423,-36.315245808867225],[148.04919392063772,-36.31899559894132],[148.0548553901208,-36.31666170856518],[148.05821772044882,-36.31859459893984],[148.05796389068553,-36.322397398956355],[148.05193284081986,-36.323741998833036],[148.0514851204822,-36.32864266859061],[148.05526863042286,-36.33280706896179],[148.05239375022242,-36.33842568833041],[148.0537624000331,-36.34134875858452],[148.05068607083362,-36.34214246882178],[148.0477440002432,-36.34671976894999],[148.04821189045393,-36.34911067840157],[148.04531262009525,-36.351579118385324],[148.04212437069282,-36.35718071871172],[148.04245570081065,-36.359981008535414],[148.03783531046986,-36.3662463386755],[148.04216465025186,-36.36729568871893],[148.04302590014902,-36.369358248405476],[148.04038459000733,-36.37148353850848],[148.0434120301941,-36.373948658616634],[148.0422556307255,-36.376151938706336],[148.03821081075017,-36.37863076828986],[148.0451461101708,-36.38120045846468],[148.0449172607589,-36.38310329853175],[148.0381345105449,-36.38786386828916],[148.0386150005258,-36.39120899874826],[148.0426153907254,-36.39214720894167],[148.04661916038714,-36.39083544832284],[148.04704537056531,-36.39620630837031],[148.0496745705187,-36.39885190872021],[148.05294938068357,-36.39873657854189],[148.05791263012048,-36.40062231823919],[148.0584504407013,-36.40671040870374],[148.05473249070843,-36.40849642883694],[148.05842587087994,-36.414135168887235],[148.06072854041406,-36.4159396185457],[148.0701305803672,-36.416788138832885],[148.07674627088778,-36.41866396859753],[148.08027995036477,-36.422101198656385],[148.07948257068423,-36.42534072853775],[148.0813891801961,-36.426228478235345],[148.0825941901997,-36.43020262847812],[148.08690160030895,-36.43207134829383],[148.08832898017627,-36.43748571835321],[148.08677370087372,-36.43856129875447],[148.08759003051514,-36.44343399872174],[148.08771336022045,-36.45194856885194],[148.09300206030173,-36.45342542878244],[148.10165739004796,-36.45708229827637],[148.105424190426,-36.45631451834108],[148.1105104300051,-36.45705478843862],[148.11553262060278,-36.459064748904105],[148.1181003407564,-36.461175358604116],[148.12135776043567,-36.46130969836613],[148.1247160204972,-36.46484014837855],[148.12242851003353,-36.47104605872745],[148.12500119068412,-36.477060748267725],[148.12396642041006,-36.48051453852716],[148.11984230075475,-36.48262292829754],[148.1262336801523,-36.48437036856372],[148.12378693072807,-36.489436598688485],[148.12000826091025,-36.49129823819066],[148.1189940908022,-36.49444889886569],[148.12586233008858,-36.49940990873172],[148.12839286088771,-36.50279579878835],[148.12846843076267,-36.50955678876109],[148.1318820908261,-36.51641501872015],[148.1367689205818,-36.52146203871437],[148.13981518047376,-36.52560360872177],[148.13394811087667,-36.53422279856547],[148.13346971037714,-36.53961915828703],[148.12878276026376,-36.54151353827282],[148.1291731501199,-36.546055348582904],[148.12621788058308,-36.54812232823695],[148.12444766048415,-36.55098056869208],[148.13122645092443,-36.559265728525496],[148.13340747060272,-36.56338310867269],[148.13341012063285,-36.566921238624225],[148.14117231028925,-36.56538224845727],[148.15176600050106,-36.56097496872759],[148.1587965806306,-36.56563071836414],[148.15690586051952,-36.57176815843537],[148.16232740076998,-36.57246563873165],[148.16268693080124,-36.57385224865979],[148.16071307071223,-36.579775468390224],[148.16512094031805,-36.57822862886839],[148.16609636069796,-36.57432045877745],[148.1694110003659,-36.573695428184486],[148.17191430053387,-36.578432358295714],[148.17543944062572,-36.57754836833763],[148.17846710089972,-36.57976205880086],[148.1855716402249,-36.57859087882935],[148.18960258033079,-36.57660307870236],[148.1900235605173,-36.58444046828842],[148.19480794010983,-36.586064998684215],[148.1966894201499,-36.585605958488465],[148.20357462052712,-36.58877138854891],[148.20414140087752,-36.591594798484394],[148.20677210011908,-36.59375079867604],[148.20948703079154,-36.59266177817044],[148.2174436203671,-36.59885328821836],[148.21308841090158,-36.601866948771686],[148.2150896004364,-36.605173078195854],[148.2113808402089,-36.60639595815969],[148.2103102208668,-36.60971865814482],[148.20688717071374,-36.608293688622055],[148.20359645048686,-36.61002405817698],[148.20426140052814,-36.61265068864442],[148.21089117034415,-36.61248033830802],[148.21451662081222,-36.611133378600925],[148.2137375703568,-36.61542561817033],[148.21635039042926,-36.61660131879059],[148.21424470077577,-36.619967628365934],[148.21954680012774,-36.619558228157615],[148.22066965021543,-36.62575732869779],[148.21631897095392,-36.62885377880602],[148.21510028050685,-36.63447316879391],[148.21202200016654,-36.640064008630816],[148.2115157006893,-36.64330785832582],[148.20950293007377,-36.645656588437866],[148.21160533009677,-36.647872118556414],[148.21117089045228,-36.650518958157136],[148.20818662060307,-36.65128684849477],[148.20387794027607,-36.65646779862676],[148.20076055088154,-36.658542278428655],[148.20351276073998,-36.66229271837918],[148.1975789705718,-36.66477477876312],[148.19631471038704,-36.66829778830828],[148.19941080072613,-36.670561928409036],[148.19864172067201,-36.67286952811846],[148.19568899067252,-36.6727920482361],[148.18975490046697,-36.67535260837902],[148.18953929042576,-36.67899178878411],[148.18506492033612,-36.68326996809686],[148.18571317069626,-36.68761079865125],[148.18905601027762,-36.688129358409164],[148.18511407075854,-36.69221778861341],[148.18119800092305,-36.69407489867751],[148.18085868029075,-36.69721779876017],[148.1738469701721,-36.7017797287915],[148.17284435060205,-36.70329750840901],[148.17186835080875,-36.710032948704885],[148.1688635607436,-36.713955148404935],[148.1656719606251,-36.711295478685784],[148.16195744040002,-36.711946918773236],[148.16209409032442,-36.71496752836853],[148.15455733019354,-36.72023639830473],[148.1490984604514,-36.719742808715445],[148.14848386098177,-36.721836558568874],[148.14409393073223,-36.72524585823803],[148.14299620023482,-36.728464668430576],[148.13909384048713,-36.73221369832592],[148.13408150081486,-36.731867638528776],[148.1308098006175,-36.73546105839755],[148.1354623003398,-36.7374286383852],[148.13657098040224,-36.73939371819677],[148.1344648802186,-36.743739118040565],[148.00124815065647,-36.643393468704545],[147.96021532013012,-36.61242764851684],[147.84155400030315,-36.648079998560405],[147.7762949603252,-36.66768082846599],[147.65230333045298,-36.70472524857204],[147.54188802031808,-36.737567997974985],[147.54284399037547,-36.740251998058035],[147.54135902041355,-36.743865988535475],[147.5387580311534,-36.74613599836628],[147.53569002035346,-36.752565008228316],[147.533081001053,-36.75429798830984],[147.5298799910819,-36.754314997881465],[147.5267190208197,-36.75628300785138],[147.52761298107137,-36.759090988545545],[147.53106401105055,-36.76242899788831],[147.52917901051293,-36.76522299847058],[147.529527000786,-36.76857499844755],[147.5264620209018,-36.77110399799166],[147.52140203099358,-36.7734789978879],[147.51429201104685,-36.772481998141586],[147.50125600100353,-36.77623399798085],[147.49741999082278,-36.77845399806609],[147.49583801089506,-36.78157599791964],[147.48526600062428,-36.78051099781876],[147.47865501098758,-36.78224799784866],[147.47139998049613,-36.783069008286006],[147.47034499094156,-36.784212988017295],[147.47129599062052,-36.788721998214044],[147.46856098080482,-36.79379298840615],[147.46380401060821,-36.79405598800064],[147.4648090008323,-36.796210998414686],[147.46398899079324,-36.801670997800095],[147.4570110303798,-36.80320299786447],[147.4539790105817,-36.80131999829446],[147.44374200094498,-36.79998499835366],[147.4395030011379,-36.80083799812872],[147.43805201084996,-36.79917299807051],[147.4301630105164,-36.794659998325734],[147.4287470006256,-36.79195000779786],[147.42429600110634,-36.78871799826575],[147.42428202062558,-36.78621899840612],[147.41982899091383,-36.78299800825224],[147.41315401068618,-36.78336899788339],[147.41303900117697,-36.78193499784503],[147.40745698049426,-36.77894899809853],[147.40648499078046,-36.77480100780384],[147.40897699104042,-36.76780298800042],[147.40763003105224,-36.76531799824226],[147.40446501118475,-36.764284997952615],[147.3968410003853,-36.760124987907034],[147.39493201123628,-36.757528997898646],[147.38775698111073,-36.75749499816965],[147.37868498039637,-36.75048499825852],[147.37012402046736,-36.75137498788544],[147.36366498086096,-36.74980500819591],[147.34953101124978,-36.749537998003206],[147.34182400060962,-36.750505988304944],[147.3320223603737,-36.74793376801792],[147.3261569903891,-36.7495409980582],[147.32130100069546,-36.74847999840829],[147.31921002095467,-36.74680698806712],[147.3161380009736,-36.74104799808022],[147.31692899093744,-36.735584998128694],[147.31610701089295,-36.73335099839102],[147.3117284012126,-36.731329688164806],[147.29659396080152,-36.733921928241614],[147.29045485079365,-36.7377820383431],[147.28889586055064,-36.7402890684736],[147.28917388104628,-36.74329509809032],[147.28807005098807,-36.753619167797936],[147.2921610811999,-36.756157107917794],[147.29232814089326,-36.75795512785271],[147.29031027054194,-36.765552208075704],[147.28577040069166,-36.76844628776294],[147.2798475106811,-36.76763238807212],[147.27701967076055,-36.77311145817459],[147.26838990077906,-36.777561648191146],[147.268851990568,-36.78379368777578],[147.2736600704126,-36.78930163814905],[147.2760991006136,-36.794403638356414],[147.27983813047288,-36.79736060782346],[147.2863592212076,-36.80532555833036],[147.29264532074876,-36.80952146780803],[147.29352143057736,-36.81536252806915],[147.29061165082814,-36.82361867785697],[147.28738578088002,-36.826936778381594],[147.29415277105062,-36.828008688030245],[147.30186175079788,-36.83176960786982],[147.30652762104486,-36.82787248835576],[147.3104356410771,-36.830494458291916],[147.316635570623,-36.83164939780714],[147.32153854130772,-36.82882829839289],[147.32688155083605,-36.82976822822785],[147.33276963112934,-36.829652137942176],[147.33439811055115,-36.83099708804103],[147.33836281068454,-36.83796127791867],[147.33548318109126,-36.841660028212154],[147.33698078046768,-36.8464413677797],[147.34214531091877,-36.850921108197966],[147.33993819068988,-36.855988647798796],[147.3417079310884,-36.86181802843419],[147.3376385107491,-36.86595866839651],[147.33266436115446,-36.86497947816293],[147.3279983507703,-36.86542852828462],[147.32430436064274,-36.867518597739355],[147.32259748075452,-36.871386658085626],[147.3179455909883,-36.87336474813248],[147.3171966412814,-36.87556678821218],[147.32201271074223,-36.87991876787186],[147.31850491083028,-36.884515828147244],[147.30740395096066,-36.8827769977721],[147.30707421086095,-36.89055905840826],[147.30006424077894,-36.88993316772384],[147.300330361292,-36.8935791783464],[147.29720344077234,-36.8949712382634],[147.29451963133454,-36.901385327716696],[147.28976675116752,-36.90440443813942],[147.2893658707854,-36.910075498296266],[147.29277303063944,-36.91702150805404],[147.28829018135184,-36.92326365814691],[147.28113935094171,-36.92643392814032],[147.2632950113221,-37.006704997886445],[147.26738802142083,-37.00588200780922],[147.26922601132304,-37.00873300829078],[147.27494501071357,-37.0089999982654],[147.28065401095668,-37.00843099794413],[147.28490301080953,-37.00532700813683],[147.28874398058898,-37.00551500782046],[147.2897440112144,-37.00718399772972],[147.29379201122575,-37.00699098782384],[147.29982002119257,-37.01127399795443],[147.30243601052132,-37.01091400786056],[147.30719802116496,-37.01327399778736],[147.3108999910272,-37.01829298807351],[147.31377200111032,-37.02001700790844],[147.31829800097256,-37.02075498799007],[147.32154599103637,-37.02347099777633],[147.33664001085288,-37.029687988061085],[147.3390079906031,-37.02867999787395],[147.34241898087345,-37.029757997998665],[147.34257601087666,-37.03200298769779],[147.34874002128592,-37.03244498819063],[147.34915699139304,-37.03595599796249],[147.3514770109885,-37.03648699765274],[147.3552259905879,-37.032755998295876],[147.35955500068818,-37.033038988030064],[147.3616360208074,-37.034521007827955],[147.370508000844,-37.03027199817962],[147.37812201069934,-37.03079499780559],[147.38604700113655,-37.030110997758996],[147.38932802135497,-37.031873987664454],[147.38806800121833,-37.0353649983083],[147.39094500054446,-37.0390399977785],[147.3895719813282,-37.04211299787281],[147.39006798072245,-37.04620699790628],[147.38588300110496,-37.047638008072155],[147.3904579807098,-37.05245499825896],[147.38033905102395,-37.05870986803751],[147.38097006091724,-37.06029685797893],[147.38083133139295,-37.08155412794806],[147.38277565128206,-37.08260037793321],[147.38170904112104,-37.088101167950725],[147.37980455073497,-37.08905976806612],[147.3805149806825,-37.098712988039544],[147.3699030106529,-37.1032189980357],[147.36734900058718,-37.10113598800279],[147.3633880212757,-37.10333299826205],[147.36212898120104,-37.10793399770367],[147.3636209912598,-37.10884199775011],[147.36112600140652,-37.113268997905955],[147.35921300127973,-37.1143419982338],[147.3163970014397,-37.113863988236446],[147.31803198107085,-37.116269987892075],[147.32549901127445,-37.12195699759022],[147.32357301072886,-37.12525599764654],[147.32751300090376,-37.127960988193635],[147.32840401108803,-37.133646008097685],[147.3250610107082,-37.14146498802325],[147.32871802078884,-37.14389500799671],[147.32972899109774,-37.147627988166974],[147.3321780006832,-37.149674997565974],[147.33263100131805,-37.153768987603364],[147.33717499084224,-37.15468100784367],[147.33849399076715,-37.15782300801871],[147.34134899125036,-37.15834200799934],[147.34483700127657,-37.161349997651556],[147.34720399108326,-37.167686007596835],[147.34654801072014,-37.17026399769362],[147.3494849806763,-37.17333000781196],[147.3532079809977,-37.17496898790306],[147.355701990789,-37.178769007859835],[147.3586599912043,-37.18058599759553],[147.36136099080338,-37.18906299786296],[147.36542501136958,-37.19372499793493],[147.36818298122563,-37.195633988087536],[147.36825701138815,-37.19774700763493],[147.37104400131952,-37.19965599769406],[147.3744579910646,-37.198981987696214],[147.3764070208208,-37.200519988026095],[147.3831320012772,-37.20209799797094],[147.38451699144287,-37.20391699792207],[147.38234601133618,-37.20807599801633],[147.38478300146318,-37.21159199796102],[147.3369850115327,-37.27553830767926],[147.26697728113018,-37.26576957778934],[147.14368302149788,-37.248463647470224],[147.06113451148843,-37.23680041745298],[146.9189840211544,-37.21652098784243],[146.83834800102855,-37.20502699741058],[146.8254979907581,-37.20263499802265],[146.82576999164297,-37.19604098751711],[146.82338201090298,-37.19171398751626],[146.81844199100092,-37.18924000801576],[146.81529901129895,-37.18866600772246],[146.81398699128377,-37.18622699741242],[146.80726098135804,-37.18614900772029],[146.797531001529,-37.17999099801683],[146.79474101122466,-37.18031399740853],[146.78786999165254,-37.177634987621985],[146.78255800095093,-37.17165399801442],[146.7824129913045,-37.16772499802517],[146.77736800146494,-37.16394900796958],[146.77592000077024,-37.15787900768739],[146.7727289908449,-37.15506398766826],[146.77097498084538,-37.150649007875636],[146.76332801090382,-37.1478939975667],[146.75807001164574,-37.147113007503805],[146.7555889914935,-37.14989299777424],[146.75169798106114,-37.147535987416944],[146.74658101101446,-37.15033100756505],[146.7442650113799,-37.156167997510835],[146.74188200101838,-37.15523500758462],[146.73808399137073,-37.15601899737056],[146.73350598085014,-37.155465997838405],[146.72745501084304,-37.15615299763495],[146.72441799102202,-37.158150997714955],[146.7191390008307,-37.15893700766944],[146.71246099148388,-37.157217997894925],[146.7049399913964,-37.15315898760095],[146.70115300138232,-37.1528130079645],[146.69285601139956,-37.149495987968365],[146.68962700094116,-37.145700987753415],[146.684891010898,-37.14517399791084],[146.68222399097286,-37.14200900784845],[146.6813839808423,-37.136977997876855],[146.6745900214502,-37.133324987841625],[146.67222402158686,-37.13059200756858],[146.66765801166017,-37.12894899779267],[146.665990000976,-37.12496498759395],[146.66358198151696,-37.123438997938486],[146.654997991479,-37.12226800747371],[146.6515269811712,-37.12004700777077],[146.64914298086623,-37.12376999748141],[146.64083000087143,-37.12588898756124],[146.6386240116215,-37.12770500739712],[146.6383860011903,-37.1325079978261],[146.64133801163933,-37.13655999765404],[146.6402899813333,-37.14181299740751],[146.64479799153372,-37.14746700772492],[146.6454580215022,-37.15035999790842],[146.6442439915148,-37.15399700747724],[146.64488599139725,-37.15929599763091],[146.6472110011342,-37.1627909978361],[146.62342655169826,-37.21184877790157],[146.59577221122242,-37.26869918781167],[146.54710180174249,-37.36875347781549],[146.52615678139267,-37.41571109774593],[146.4965219916852,-37.48208232766972],[146.47303100119143,-37.53478300746696],[146.43583600173088,-37.61804398713575],[146.4343180016143,-37.61957998703593],[146.42641498127415,-37.61857499750536],[146.41952101154314,-37.61479500742581],[146.41204399117527,-37.60932399705109],[146.4084769913878,-37.608396997663895],[146.4032029913379,-37.604029997391315],[146.400002021791,-37.6070099974962],[146.3951160211803,-37.60586998745918],[146.394049011269,-37.60399999762872],[146.38988502168644,-37.60892298727113],[146.3848910112392,-37.608355007005706],[146.3834390112449,-37.609665987509636],[146.3840260018926,-37.616377997465996],[146.38264101172683,-37.6219769972445],[146.37656000115834,-37.62816598760456],[146.36764301193278,-37.62932099745188],[146.3655920117137,-37.626654997573674],[146.36181699175083,-37.62763399704682],[146.355536001827,-37.62488699714237],[146.3506529917079,-37.62519499741897],[146.34665201131506,-37.62358699732672],[146.34156694134245,-37.61714475699192],[146.33868399157586,-37.61670999712052],[146.33320800174107,-37.612895997261724],[146.3329619513881,-37.60863178766669],[146.32823801134623,-37.60760699715435],[146.32640699147228,-37.60396498757093],[146.31962000121015,-37.59911599767203],[146.31718600157478,-37.59978698718936],[146.3116359914589,-37.598964997382026],[146.30496602113558,-37.59353298737697],[146.2987920016974,-37.59107500699992],[146.2902300212822,-37.595757007589306],[146.28853799144397,-37.59775500750731],[146.2827820120065,-37.60010098736833],[146.28062099152135,-37.60246599748549],[146.27623701171223,-37.60487900707852],[146.26381661174318,-37.606400187353415],[146.255674011615,-37.61035999764731],[146.25008801139563,-37.6104029870086],[146.23898701200014,-37.60650400705744],[146.23606402162633,-37.60788299707173],[146.2302720116611,-37.60793599722226],[146.22230300197845,-37.60353998694342],[146.2205250213338,-37.603988007114566],[146.20443301186418,-37.599146997255296],[146.20291202125605,-37.59537099711821],[146.19446599178448,-37.58832399709345],[146.19192300135236,-37.58752999712473]]]},"properties":{"name":"Indi","ced_code_2021":"223"}},{"type":"Feature","geometry":{"type":"Polygon","coordinates":[[[145.19305429195,-37.979033586701625],[145.20681683244572,-37.9885591767592],[145.2138050120938,-37.99213298641411],[145.21876602203074,-37.99847898647712],[145.22553199171523,-38.00053398700909],[145.25185356199117,-38.003635346952386],[145.24898857224204,-38.01701090702398],[145.24656519249,-38.02810505652259],[145.24722500237127,-38.036410006748326],[145.2456090023454,-38.04685299680112],[145.2395833226084,-38.07767698671464],[145.15625367176386,-38.06739541686057],[145.1546327822079,-38.075662526840325],[145.14981599229824,-38.075053876492504],[145.1486648524656,-38.0834103664904],[145.1415420926116,-38.08247074666205],[145.13626617196354,-38.082456836878556],[145.13136130224035,-38.083711907007626],[145.12796030213417,-38.0818259668695],[145.12383635226047,-38.08216405695911],[145.12278690261635,-38.084999976756016],[145.11697077198738,-38.06275407636835],[145.11278352232713,-38.05197506640186],[145.10802637246758,-38.0420680964212],[145.10161124251223,-38.03026211663574],[145.0958232219652,-38.02137209642743],[145.0906091224767,-38.01495212681932],[145.08484913206144,-38.011017156417545],[145.08111145236998,-38.00581012651007],[145.07367797244567,-37.99870709665889],[145.06906408231433,-37.995119146428195],[145.06165013176422,-37.99054727637308],[145.05527821257073,-37.98767435705807],[145.05169114172486,-37.98681984648274],[145.05526730253158,-37.967672156811],[145.03844952258433,-37.94351156679782],[145.03644502185935,-37.93847599699958],[145.0365267424991,-37.93559363657928],[145.0343734618984,-37.933006197026415],[145.04831653232515,-37.934691116798064],[145.0871190220708,-37.939654006725945],[145.09387901256878,-37.94196699687705],[145.09939602217443,-37.947018996675354],[145.103140332331,-37.9563383064609],[145.13064517248236,-37.959784116473685],[145.1395688316989,-37.975497756943376],[145.14591096185927,-37.983612246397584],[145.14469766220228,-37.99085358677027],[145.18172973242307,-37.99507487676932],[145.19236827192373,-37.99251107680002],[145.19407800216635,-37.983204996794335],[145.19305429195,-37.979033586701625]]]},"properties":{"name":"Isaacs","ced_code_2021":"224"}},{"type":"Feature","geometry":{"type":"Polygon","coordinates":[[[145.04019660208155,-37.78422183655755],[145.03792250166836,-37.783192396736936],[145.0374177823277,-37.77962929685305],[145.03470659224004,-37.77856639684561],[145.0365800323584,-37.77050097685705],[145.03243611203752,-37.770686456837325],[145.030538182048,-37.7649125165606],[145.0279242022505,-37.76251004654143],[145.0299579116969,-37.76003942659825],[145.02902942200242,-37.75803848712021],[145.0307329817173,-37.754988996842194],[145.03147372172083,-37.75083628653489],[145.03609564189253,-37.746858236614834],[145.03302854198424,-37.741391226768634],[145.03199048207958,-37.73776022687323],[145.0341724521755,-37.73506514681247],[145.037154432219,-37.735142127037506],[145.0401433418666,-37.73197407709887],[145.03860125162907,-37.727323806985034],[145.05544411164075,-37.72917578698848],[145.0606680620546,-37.72917465660148],[145.06152705179048,-37.72421136661921],[145.06749389187638,-37.72486154683221],[145.06467481232642,-37.720223526638954],[145.0692789916696,-37.715571997110395],[145.07452565239217,-37.71613433681909],[145.07494868163585,-37.70878913659194],[145.06957851244323,-37.70820932711553],[145.06458363242677,-37.70945729656592],[145.05132482222672,-37.708384286576184],[145.0574506919656,-37.70247319719518],[145.0582193120823,-37.699982546779765],[145.05990360203603,-37.695207156881416],[145.06823834192198,-37.68606301688694],[145.09964199167894,-37.68946799696049],[145.10169099224822,-37.68747071704961],[145.10354034224554,-37.68294324688993],[145.10625601223146,-37.681627986703596],[145.1123789615474,-37.68232806660854],[145.1187360217078,-37.679377036767264],[145.1252675823071,-37.68206754662405],[145.13346176190228,-37.68471686661949],[145.13753063157435,-37.68309725657497],[145.14370348230432,-37.682624156596276],[145.14294096174842,-37.68677280699237],[145.16887614236617,-37.69012115701853],[145.17861303203637,-37.69118011694254],[145.1796517818472,-37.68607675719562],[145.1832620319223,-37.68967798670222],[145.18804360158458,-37.69027666664502],[145.19174401197154,-37.68950998727902],[145.19840300218718,-37.68253299693101],[145.1998940223025,-37.67611199703704],[145.19834799205412,-37.67335499671488],[145.20003002184657,-37.66663799706395],[145.20431698180843,-37.663919997099335],[145.2053359920392,-37.66121000673641],[145.20847700173576,-37.66194900688635],[145.21044000209125,-37.65680900666583],[145.22014203173853,-37.6580080066233],[145.2200480122643,-37.66653800665443],[145.22397201152882,-37.66714500672403],[145.2248895220139,-37.66342569728021],[145.2365090020419,-37.665431997048316],[145.23780603186998,-37.6641009967205],[145.24328603178418,-37.66261999682311],[145.24681298198132,-37.66443100682561],[145.25142399211387,-37.664958997044465],[145.25123872177306,-37.670074407140575],[145.25651166181098,-37.67057636691157],[145.25651169235368,-37.67207438668329],[145.26352363154274,-37.67653234661377],[145.26525067232092,-37.67844634673609],[145.26458874151726,-37.68365331709587],[145.26647072191892,-37.6863872670189],[145.2648197522757,-37.688946296779214],[145.26643173234064,-37.69048525725823],[145.26693178223854,-37.69564323723281],[145.26869682175317,-37.698823206996195],[145.2657098722295,-37.700282226726976],[145.26407796214164,-37.703005277082205],[145.2641109922963,-37.70735327679875],[145.26063207232247,-37.70795432702883],[145.25635916201165,-37.711970446984616],[145.25391329203816,-37.71708457727072],[145.24960936200233,-37.718626636630134],[145.2486674020701,-37.720732676918665],[145.24294844220543,-37.719282667066516],[145.24373647222046,-37.72304573664923],[145.2409325822837,-37.72501775663453],[145.23767857171094,-37.72074470685702],[145.2361654215986,-37.71711437716901],[145.23261499213487,-37.715882996671844],[145.2270305019834,-37.71647244664762],[145.22260064161947,-37.71383291681675],[145.20210778197966,-37.71093315722089],[145.20214290161564,-37.71595024719646],[145.2008870119327,-37.722531987232394],[145.19787594174537,-37.72170076663762],[145.19430832212038,-37.72469191689541],[145.19424492172257,-37.73100400658647],[145.19083359188897,-37.73224437666369],[145.1881826320445,-37.730402376735995],[145.18456468161074,-37.73085044668371],[145.18131874240083,-37.729841466835836],[145.1766757522441,-37.73537518715213],[145.16554796239194,-37.73421867662131],[145.16123607238433,-37.737456757147946],[145.15549009209425,-37.73396868657836],[145.1454443822906,-37.738596796960785],[145.1381094915704,-37.738220896734596],[145.1331409618362,-37.74281244700932],[145.12653873167181,-37.74042198717914],[145.12260275157635,-37.74058304659195],[145.11999983183665,-37.74461710674359],[145.12022190166306,-37.747949126776604],[145.12315186206513,-37.7475650671007],[145.12531784214895,-37.74935401714172],[145.1218709318436,-37.751666106853726],[145.11540098219805,-37.753054256869895],[145.11289500235563,-37.75525029675266],[145.10717501212335,-37.75489729690625],[145.1017839921346,-37.75247425692478],[145.09847195219106,-37.74915226688258],[145.09554691186185,-37.74930032665396],[145.09311597188838,-37.75355741698948],[145.09092900176958,-37.754284446848175],[145.08241698205725,-37.751582526906375],[145.08161800247728,-37.754027596793364],[145.07777809181155,-37.75448167660685],[145.07702922205468,-37.7587077368566],[145.07922323227035,-37.76244577698054],[145.07601937194488,-37.76747192706558],[145.07273240218433,-37.76654297672158],[145.06711257230958,-37.78093547688987],[145.0643076618867,-37.78293154697999],[145.06070978161304,-37.77995049700917],[145.05592901234965,-37.7823045670618],[145.0463031921778,-37.78069756688003],[145.04235933206058,-37.78172760659592],[145.04019660208155,-37.78422183655755]]]},"properties":{"name":"Jagajaga","ced_code_2021":"225"}},{"type":"Feature","geometry":{"type":"Polygon","coordinates":[[[145.11502981179743,-37.81689397654328],[145.11111409230483,-37.837664096567096],[145.09820725191454,-37.83597807689583],[145.0936536620949,-37.86137530681552],[145.08211644169577,-37.86018471711946],[145.08244367190267,-37.854557726570455],[145.0784870718782,-37.84842916679946],[145.04932586231035,-37.845143556579686],[145.04498317176663,-37.84543172655613],[145.04445866254025,-37.84821910672119],[145.04026208207915,-37.84564375669081],[145.04008399197244,-37.840350736859556],[145.03872400192105,-37.838839996462085],[145.03211101173622,-37.83728399699576],[145.02841301242748,-37.837783997140534],[145.02461799237318,-37.83449900667198],[145.02832307220297,-37.83101391674074],[145.02320311166469,-37.82809398683887],[145.02133102171427,-37.82518900690045],[145.01834711208951,-37.8262160166507],[145.01611908177577,-37.824462066937414],[145.01437883216968,-37.81553311711941],[145.01564472189838,-37.81054906672656],[145.00952882166254,-37.81047512658158],[145.00730385190892,-37.80721309692986],[145.00079094213157,-37.807219126872184],[145.00031794230355,-37.80423311668492],[145.00442287214779,-37.80534709711843],[145.00763586205144,-37.80330705715992],[145.00001991183498,-37.798293046762836],[145.00194525211882,-37.796658936925695],[145.00399283245156,-37.796139977153686],[145.00769579225732,-37.80081903695397],[145.01140474202933,-37.79901498679967],[145.01479778216367,-37.80010700713402],[145.01572973216872,-37.802574016891],[145.0193326816355,-37.80366201697621],[145.01741965186437,-37.79533992663904],[145.0193776216542,-37.79285986696788],[145.01536955175723,-37.785736666769246],[145.02093952243868,-37.786961736918805],[145.02853645172732,-37.78706474679213],[145.03211349198472,-37.7899617865391],[145.04042647197952,-37.789767686959976],[145.04516530249555,-37.78455560713014],[145.04019660208155,-37.78422183655755],[145.04235933206058,-37.78172760659592],[145.0463031921778,-37.78069756688003],[145.05592901234965,-37.7823045670618],[145.06070978161304,-37.77995049700917],[145.0643076618867,-37.78293154697999],[145.06711257230958,-37.78093547688987],[145.07462945182493,-37.77957733660973],[145.07885053203873,-37.77699095714938],[145.08319506233218,-37.780119606971205],[145.09565502230964,-37.78011000706975],[145.09869456190498,-37.78213660658632],[145.09992363238513,-37.78555599681189],[145.10466574175197,-37.79114229692791],[145.10837655193498,-37.792433856524895],[145.10969055183705,-37.79478986652028],[145.11876664168253,-37.796401747093725],[145.11502981179743,-37.81689397654328]]]},"properties":{"name":"Kooyong","ced_code_2021":"226"}},{"type":"Feature","geometry":{"type":"Polygon","coordinates":[[[145.33534443168318,-38.074511156919534],[145.3417304319688,-38.042608596773334],[145.34380177184252,-38.031137556481674],[145.34806800228083,-38.02758098682004],[145.34528998202762,-38.02345800684487],[145.34640685203044,-38.017962356755014],[145.34430799226809,-38.01486499646516],[145.34394310198954,-38.01123455649328],[145.33833199206126,-38.00745600667201],[145.33528501172043,-38.00901799674686],[145.32959608253572,-38.00849420672239],[145.33092800203102,-38.003188997087975],[145.33316352249764,-38.00346429693817],[145.33401094193275,-37.99939495672385],[145.33753355236877,-37.99982393697918],[145.336487862174,-38.00476832662032],[145.3399747124752,-38.004550446566725],[145.34147307182644,-38.00043728670675],[145.3471688219191,-37.99590175658409],[145.34698399175272,-38.000119996748374],[145.34983599186288,-38.00078799688651],[145.35089901235602,-37.99528599665921],[145.3501382417183,-37.99195416661584],[145.3520050019641,-37.989698996929754],[145.35445802162903,-37.9803700067305],[145.36044402188153,-37.975249006512676],[145.36099188191542,-37.97205406661467],[145.36681265234284,-37.97346687670745],[145.37899043172663,-37.975006357137644],[145.38262536211585,-37.974957296923314],[145.38405601185087,-37.97082071717334],[145.38803258232247,-37.970981366758934],[145.38752326181086,-37.96002657676736],[145.38812022196154,-37.95730350651209],[145.38442211216005,-37.95440588713107],[145.3839390017935,-37.94934132652095],[145.38216780163268,-37.94117220718035],[145.38368412189962,-37.93809959713621],[145.38663036246956,-37.937003746645246],[145.39045501165694,-37.93759498676455],[145.3938329816541,-37.93961800681664],[145.39925881225838,-37.940117296935654],[145.40330914160134,-37.938174017170226],[145.4068439915831,-37.93809900697302],[145.4100329919771,-37.93495599709329],[145.41311001198102,-37.93796900659242],[145.4197690021967,-37.937869997090665],[145.42222202186153,-37.93651699698234],[145.42659403161952,-37.936941996777385],[145.43030845213158,-37.93489236653637],[145.43008237222574,-37.92955832682409],[145.42268203205052,-37.92898199692163],[145.41968319242574,-37.92637773651777],[145.4229181919522,-37.91918698698817],[145.42550812205292,-37.91993795666633],[145.42850090164276,-37.913491807092996],[145.43870976167173,-37.914577476671376],[145.43967420194392,-37.91003328718677],[145.4426516517834,-37.907017747230604],[145.44739852222125,-37.90587068698982],[145.45137249207008,-37.90705862673955],[145.46332325191025,-37.90795950680274],[145.46474324223604,-37.91081849681288],[145.46815913191796,-37.91097245669537],[145.47022489235547,-37.91499605701319],[145.46925216242985,-37.91909591684727],[145.47078651188457,-37.92174182663305],[145.46919796167887,-37.92845301710352],[145.4749565318576,-37.929148967020296],[145.47652073232928,-37.92744770716396],[145.48167099214373,-37.92739000661183],[145.49161925180707,-37.92612624680558],[145.4899860220941,-37.91916299666778],[145.4933650116791,-37.916809996696486],[145.49404500221317,-37.914353996565204],[145.49834091209019,-37.911321996808525],[145.50029786229223,-37.90806003720058],[145.50382011160548,-37.90715902724445],[145.51044701220252,-37.90104600681366],[145.5077074317586,-37.89983689666492],[145.5148019018678,-37.89374264668167],[145.5176109723888,-37.89234197720362],[145.52240039153006,-37.887081206961966],[145.52511983174526,-37.88704547695703],[145.52650978240794,-37.87915877698097],[145.5285596615295,-37.877029817084285],[145.52848071219248,-37.87181342722386],[145.52629666159842,-37.868471476958696],[145.5267756118668,-37.863836466820224],[145.53073440198403,-37.86436619699971],[145.53053172229298,-37.8663893970832],[145.535761801912,-37.86658055712206],[145.53953747225515,-37.868967097279146],[145.54137240159716,-37.87174755725351],[145.54426068196673,-37.8713122069632],[145.55341729230273,-37.873710806684485],[145.55404188193663,-37.87738892697199],[145.56230497219553,-37.88196820715525],[145.5626592021666,-37.88568027675263],[145.56453910207003,-37.88705113667263],[145.56877667175922,-37.8940883370624],[145.56754403227248,-37.8970108169578],[145.57523294185964,-37.89934235665791],[145.5785406123976,-37.89770110706053],[145.58993748181337,-37.89627649668625],[145.60432596211083,-37.89801751689472],[145.60373199155342,-37.90111313711721],[145.61333208217889,-37.902490126649056],[145.62792489237256,-37.90402799698273],[145.6251100816169,-37.91697610716315],[145.63212702172714,-37.91814103704383],[145.64208890164676,-37.918363947212946],[145.64466981176372,-37.91710089687916],[145.65260571223993,-37.91643526683659],[145.65056971208952,-37.91269280659064],[145.657955522015,-37.907989917266114],[145.66223233191246,-37.90880793672078],[145.66783213205125,-37.908373407255866],[145.67070062163677,-37.907141937203285],[145.67112720192077,-37.90342062725451],[145.66907305220832,-37.89954206710856],[145.66926311236622,-37.89707120671013],[145.67168233202028,-37.89345132662777],[145.6796664118401,-37.893549596995506],[145.6814365223445,-37.8912627966181],[145.68631237199256,-37.88881892681065],[145.6849195323479,-37.883717086842275],[145.68685344166124,-37.88081486731871],[145.68954733199314,-37.88380431685847],[145.69388783154585,-37.88600759700846],[145.6994819022298,-37.88512343704922],[145.70594462223397,-37.887188057276305],[145.7129705419038,-37.886072957232074],[145.71609644193728,-37.88375490718426],[145.7215414021655,-37.885238846986326],[145.72466252226343,-37.89423788713506],[145.7280715119857,-37.8969268669606],[145.72712659210464,-37.899515906968674],[145.73039061170633,-37.90343190730929],[145.73436754150399,-37.90154485711855],[145.7378955220688,-37.902005817250036],[145.74827550217617,-37.90753080695302],[145.75236200218401,-37.90390798726978],[145.7543569816653,-37.90408899693076],[145.7605470216582,-37.9014599971903],[145.7650169917996,-37.89857998667054],[145.76262401193503,-37.903266996762625],[145.75555601158405,-37.908899996979834],[145.75080699147773,-37.91717098686959],[145.74749400201492,-37.919237997131184],[145.74752900217507,-37.922641996838905],[145.74587402155404,-37.92498200714448],[145.7412519917879,-37.9271169970942],[145.7414359820295,-37.92914098715556],[145.746484011768,-37.934626997138096],[145.74684298214876,-37.93850600731001],[145.7421490117014,-37.94318098708419],[145.74164199177523,-37.947845987256315],[145.73486598162086,-37.95018499698977],[145.7367920118108,-37.95331799708737],[145.73662499164334,-37.95568798690144],[145.73380201160847,-37.956294997239745],[145.73106699191126,-37.95883398720873],[145.73384201179144,-37.96363399699407],[145.73957795161155,-37.97179451720058],[145.74732734207188,-37.975434206816445],[145.75269565175188,-37.980398517225694],[145.75601197216773,-37.982549347068975],[145.75669561165856,-37.98596394673695],[145.7605900922828,-37.98802339721194],[145.76253586205286,-37.9907228670024],[145.76126077177898,-37.99927907679157],[145.76195770184438,-38.00239715705644],[145.76460874163897,-38.007185166873285],[145.76468783201148,-38.01921093673479],[145.75718949192702,-38.025726876953776],[145.75804202187774,-38.028606997058915],[145.7552840115975,-38.03211269698228],[145.75601459165514,-38.03710319657647],[145.75508903226503,-38.03998257721491],[145.75686807202342,-38.045685737128515],[145.75467114228306,-38.0499428666984],[145.7572311423152,-38.05413797717917],[145.75392825171284,-38.057644987198366],[145.7556453220896,-38.06136002717337],[145.75272346179648,-38.06580505685239],[145.75444254170458,-38.07919841698716],[145.75196901170506,-38.082810996734196],[145.74821093217187,-38.08358720674629],[145.7450160523043,-38.08698825714448],[145.7472170720741,-38.09120825676581],[145.7453521416965,-38.094535286523715],[145.73921091166457,-38.10053005678861],[145.7434472416787,-38.10085837715855],[145.74873171159325,-38.10247646686898],[145.76278651178004,-38.108945686709816],[145.75790029198043,-38.115638606640275],[145.75494080215836,-38.12653559655528],[145.7484776419797,-38.14282599678118],[145.72972518196465,-38.15397984714748],[145.70784211204904,-38.190822416934495],[145.70289403246224,-38.19481698696372],[145.70080236191706,-38.20592583702984],[145.70859299223548,-38.20692100707786],[145.71741212168894,-38.206726386484235],[145.71469929217588,-38.22140149673797],[145.7162612818936,-38.22159046676756],[145.7129565317786,-38.23926263700739],[145.7151735424588,-38.23863261709516],[145.71292726197169,-38.2508711965111],[145.7139420321543,-38.25194399679478],[145.71912123209395,-38.2493875169039],[145.72452093250328,-38.249172156912714],[145.73144557251467,-38.25105863674048],[145.73635697209173,-38.24897585673223],[145.73294400193453,-38.26859598659626],[145.73653900220938,-38.26887254675758],[145.7326801119383,-38.28937469680058],[145.6997122922524,-38.28566105695079],[145.69872766234423,-38.29113198691724],[145.68963978211056,-38.290119116987974],[145.69093316208358,-38.28308872663434],[145.68149185227782,-38.28223206704424],[145.68027520190478,-38.28959704691442],[145.65999908238683,-38.28719648703841],[145.63507035175553,-38.284657686982996],[145.62954742225222,-38.28670974642618],[145.62504248249346,-38.28607576687467],[145.62178854198922,-38.288609826385084],[145.61891756227377,-38.28907086668328],[145.61472353212983,-38.287994906590974],[145.61242589226302,-38.285715097014844],[145.60713084199105,-38.31526445660947],[145.60926018248932,-38.31471066670589],[145.6056835024564,-38.33245663689249],[145.59361744205285,-38.33009870663644],[145.58868001199386,-38.32626041656117],[145.58479346259517,-38.32076088665395],[145.58413179230303,-38.31562926704329],[145.58159376236785,-38.312362346431954],[145.57834946258325,-38.31108344640618],[145.5693498023004,-38.30455503681095],[145.56348684249573,-38.301977776707496],[145.55815200224654,-38.2961211265465],[145.5536667724234,-38.29357087651487],[145.5453489720688,-38.292231586730864],[145.54180547220915,-38.30938469670393],[145.52066898224467,-38.306672156714],[145.52213402218365,-38.29894398695566],[145.51947109228803,-38.29352597679239],[145.51620193252631,-38.28958803672613],[145.5105661117412,-38.28593195634127],[145.50459697196823,-38.283535976390866],[145.49796397181038,-38.27407698694034],[145.49736205206105,-38.267147956969644],[145.49609484180885,-38.2619979864516],[145.49468401250232,-38.26093400695049],[145.49453316200993,-38.25629495635993],[145.49178314224415,-38.253786016496974],[145.49035898193875,-38.2506409868366],[145.4910170724446,-38.242470956611264],[145.48827202215892,-38.23615096680998],[145.48192595198765,-38.231736036891895],[145.47917987223272,-38.23230095693613],[145.47582504193895,-38.230091016794795],[145.46971403213146,-38.22888499654542],[145.46402317246728,-38.22922996673783],[145.4599911624679,-38.228038016786094],[145.45669897259722,-38.22531200685122],[145.45674613235298,-38.22346296638056],[145.45278219219435,-38.22055496691683],[145.4417560925306,-38.21869196687992],[145.44074482218434,-38.21661504649481],[145.42996520226828,-38.21517133675685],[145.427039982276,-38.21123141704575],[145.42232221186347,-38.20998752655387],[145.41666373197367,-38.20383566662216],[145.41831575174746,-38.19849120676466],[145.39523075215138,-38.19549383704368],[145.39566926206237,-38.19338845688793],[145.38885985254566,-38.19251645703992],[145.3993160421285,-38.14297721685888],[145.3835084419728,-38.12574518644464],[145.3649449821036,-38.123233997057184],[145.32716303241958,-38.11874291653035],[145.3302038018086,-38.10386758699713],[145.33534443168318,-38.074511156919534]]]},"properties":{"name":"La Trobe","ced_code_2021":"227"}},{"type":"Feature","geometry":{"type":"Polygon","coordinates":[[[144.5915779123613,-38.00444558663623],[144.5773082719894,-38.00159845632503],[144.57202777262842,-37.99786787645715],[144.57337309229285,-37.994328996890175],[144.5666515119598,-37.98626723676377],[144.56375929247778,-37.98654883630287],[144.56084220223886,-37.98471212630462],[144.55467217221894,-37.98480230656937],[144.54961667209048,-37.978813436546666],[144.55048825261346,-37.97586421658464],[144.54773498274292,-37.973537456802326],[144.54164269202934,-37.97130248641929],[144.5364622919405,-37.97248040673533],[144.53152705197408,-37.971311846864666],[144.52640964265126,-37.974008776713745],[144.52396093220477,-37.97340667644288],[144.52212133252155,-37.98045223644903],[144.51751908275963,-37.98103428670817],[144.50838911196334,-37.9773491364558],[144.50848091259886,-37.97460864640238],[144.50596595229854,-37.97389008645968],[144.50187025264384,-37.97572247660552],[144.49541690206814,-37.97376219662868],[144.49462058239973,-37.97052173623628],[144.49533697266915,-37.96549848661712],[144.49390128248703,-37.96237520688196],[144.48864564220497,-37.96045127627464],[144.48826440258824,-37.95714279654275],[144.4798861222588,-37.94994666656113],[144.47713716250502,-37.94597611687561],[144.4796107221489,-37.94437962634978],[144.47692513225016,-37.94196572664065],[144.4788475125852,-37.93883030690234],[144.4741459127461,-37.93415605646968],[144.47681931250636,-37.933098566384494],[144.4755758321507,-37.92782412685088],[144.47899475274843,-37.92759677633899],[144.4807004324874,-37.925121146686955],[144.48088910205325,-37.921428636826185],[144.4769417025739,-37.92207940627849],[144.4785087525016,-37.91486492650337],[144.4781116719932,-37.910792526371985],[144.48141612207093,-37.909062366759315],[144.4846705422755,-37.90915504686339],[144.4840775922042,-37.902447546262906],[144.48107160198978,-37.89938473681777],[144.47955167229196,-37.895034496319674],[144.48079694209164,-37.89032911655467],[144.47998441232394,-37.88879407655203],[144.47461537231356,-37.88668134640252],[144.47149740260735,-37.886701046675675],[144.46057105187285,-37.873695326333575],[144.45832177191102,-37.8739645163449],[144.45303230197356,-37.86707842686225],[144.4473371025482,-37.867680366423556],[144.44719022260938,-37.86492887631951],[144.44406100240255,-37.864033996357385],[144.44898489215535,-37.83706114638688],[144.46684405218053,-37.83909477680681],[144.47767790249196,-37.78101269694352],[144.53268300228507,-37.78727227684033],[144.548796911783,-37.79714149694063],[144.56757635179935,-37.79889362702301],[144.577560262003,-37.80413667694329],[144.57999919249096,-37.80436329647338],[144.58235713177123,-37.80129625697103],[144.57818617216037,-37.79939928682996],[144.58476500210995,-37.79471517660262],[144.5887628824167,-37.793130156374616],[144.60472765181456,-37.794696126821215],[144.70493972178093,-37.806046856654135],[144.7085226720546,-37.80678781654503],[144.71226202261244,-37.81162499661108],[144.70920098184078,-37.812923986871226],[144.70603300202444,-37.81674299637428],[144.70667901198624,-37.81894999660837],[144.7040660221322,-37.8211770069981],[144.70491800231397,-37.823646996998654],[144.703279991767,-37.82730999681078],[144.70457201258904,-37.82881800678061],[144.7026850025201,-37.834554006702476],[144.70470101246048,-37.83991598644171],[144.70672402207362,-37.840373996622496],[144.70666401191767,-37.8449140069561],[144.71145201261905,-37.84476600674977],[144.7139690120951,-37.84740898663093],[144.7133120121441,-37.851173996697916],[144.7525384222622,-37.85444610650531],[144.75544582237424,-37.85827250650765],[144.75782752209378,-37.86506510688154],[144.75077404211103,-37.866846846403064],[144.75130019255946,-37.86982784686557],[144.71895203255315,-37.878041786964694],[144.7193030124195,-37.88153499683413],[144.71353802198138,-37.914867996605174],[144.71782057211348,-37.91944970645683],[144.7252538624933,-37.92379498677648],[144.72830176181063,-37.927083606433406],[144.74276499182122,-37.92881499668388],[144.7404900622631,-37.94127898674836],[144.73379720196797,-37.9442750764333],[144.73195723217884,-37.94681313661167],[144.72335444219866,-37.95144327635246],[144.71857462245453,-37.9573443863997],[144.71348378260282,-37.96178745668373],[144.70792191203023,-37.96507052662144],[144.70586696191887,-37.96804756668003],[144.69923918187115,-37.97310964634569],[144.69171985265007,-37.974743006320885],[144.6883409025909,-37.97363600681064],[144.67992765264412,-37.979767776665526],[144.67859467223838,-37.98154678671189],[144.65901490247418,-37.99487502654325],[144.6525503526018,-38.00096017653779],[144.65017738271024,-38.002018206612135],[144.63991456267885,-38.002063236571175],[144.6230738325727,-38.00013627659254],[144.6026552222844,-38.00239443675441],[144.59922429210968,-38.00374649654515],[144.5915779123613,-38.00444558663623]]]},"properties":{"name":"Lalor","ced_code_2021":"228"}},{"type":"Feature","geometry":{"type":"Polygon","coordinates":[[[144.89836201240198,-37.84120405683034],[144.89721894213554,-37.838340086479725],[144.89714678226537,-37.83263009656338],[144.8988836721723,-37.82887609679545],[144.90556251246068,-37.82288803658178],[144.9070329521729,-37.82330900646062],[144.9128678423199,-37.82104199676045],[144.92479684226896,-37.81998114650669],[144.93182204238823,-37.82083734679475],[144.9323839924974,-37.819274006955865],[144.9479350023669,-37.82338808674767],[144.95526799225203,-37.82334550675725],[144.96062273198132,-37.82075448652687],[144.96825166195535,-37.81922418714175],[144.974651612179,-37.820895196858004],[144.9811398919479,-37.8268030068504],[144.9865012621423,-37.82831019702373],[144.98792049249343,-37.82967231655413],[144.9879249517305,-37.83140765695232],[144.98332164195654,-37.85565699679885],[144.98967081221377,-37.85649435709117],[144.99327566251574,-37.85790807696867],[145.01513657189162,-37.86084015653031],[145.03258240178326,-37.86843695695462],[145.04015228190033,-37.87510798660969],[145.0465222625295,-37.87697383689569],[145.0496353516887,-37.88102581651005],[145.04481866239038,-37.88973678677504],[144.992264282575,-37.88327351686764],[144.9906717923585,-37.891736637106376],[144.98498994189822,-37.89100253645263],[144.98284046206953,-37.88820761666314],[144.9768184321876,-37.88315267709941],[144.97441885240067,-37.875930026799935],[144.97538004256816,-37.86983296683301],[144.9697359725538,-37.86466203687072],[144.97030800176034,-37.860786986750995],[144.96378498234282,-37.855763477063434],[144.94454324233183,-37.846768686812496],[144.93993927229613,-37.845183736947675],[144.93559230217843,-37.84254776704952],[144.93335872207282,-37.84383844671188],[144.92691249244234,-37.84003485681906],[144.91852461181745,-37.83968793659208],[144.91343478257048,-37.84229412658099],[144.91732283215558,-37.847463567029855],[144.91251885222192,-37.84977187644708],[144.90673285198594,-37.84196602685294],[144.90648045234053,-37.839376106685464],[144.9029709222734,-37.83946451648013],[144.90490187253616,-37.84451000670787],[144.89836201240198,-37.84120405683034]]]},"properties":{"name":"Macnamara","ced_code_2021":"229"}},{"type":"Feature","geometry":{"type":"Polygon","coordinates":[[[143.94941140234056,-37.194460056582095],[143.90615543192888,-37.18929649679993],[143.9059964022758,-37.19007372693993],[143.87500202226727,-37.18640198673703],[143.86792759177547,-37.19410298687252],[143.86709860217675,-37.19580598669356],[143.86027183181895,-37.234298026602566],[143.8584369321213,-37.23534705678399],[143.8369922418609,-37.23284627700955],[143.8350540125494,-37.227292007022264],[143.8220610021638,-37.22594499684555],[143.82019118225608,-37.23522028679759],[143.76628403214931,-37.22823394695085],[143.7596330423296,-37.23197679692955],[143.75330500224447,-37.230950986662656],[143.74799600203445,-37.22422399691225],[143.74430706223538,-37.22111864670874],[143.7345692221476,-37.21610677690984],[143.73261121193346,-37.21456581698607],[143.72983619205337,-37.21941936700819],[143.72701124201308,-37.21367089665282],[143.72279640239552,-37.21770595701049],[143.72422209253182,-37.22109614656577],[143.72023534235143,-37.221755216850745],[143.71952834217166,-37.22390657665154],[143.71611519235137,-37.22552134644003],[143.7139148624877,-37.23028154696868],[143.70436003257947,-37.23078125680194],[143.7030520217454,-37.229680296497115],[143.694936212074,-37.23196841655841],[143.69183721209163,-37.2322224764974],[143.69048018198913,-37.22962550662424],[143.68702622260375,-37.22896153691789],[143.68422539232884,-37.232448546595684],[143.68083954231003,-37.2340485967889],[143.67666365184658,-37.23424863706175],[143.67178572259868,-37.2332366864812],[143.6688918924374,-37.23567670667032],[143.66512885240718,-37.236655096521595],[143.6656046226395,-37.23431939706694],[143.63639966242246,-37.23083360685768],[143.64063935213568,-37.20831127687239],[143.5822841022715,-37.201733456451514],[143.58541179264734,-37.1845530765335],[143.5360860226418,-37.17869196669127],[143.5286860121483,-37.18206799660101],[143.5207550021005,-37.18110899670012],[143.52162300193874,-37.17598099641657],[143.4899710021417,-37.17200299656432],[143.4902460321457,-37.17047598653509],[143.48406702256617,-37.169723996471525],[143.48233400260145,-37.180909986425306],[143.47974900245507,-37.18062998638748],[143.4793470225351,-37.185887006852006],[143.47474799233518,-37.212645996353615],[143.47293602213514,-37.21146898695335],[143.47115401254646,-37.22133700662084],[143.47552500181823,-37.22187499640466],[143.47236899205308,-37.24112698699988],[143.4696190127115,-37.24079700694948],[143.46765600247448,-37.251446986434345],[143.47216203188972,-37.25194299648215],[143.47119102223783,-37.25741299681962],[143.47549901265882,-37.258149006495564],[143.47427600221354,-37.26482700666756],[143.46835403207783,-37.26377699629831],[143.46687001253352,-37.26928800697771],[143.45576302227337,-37.26674499686784],[143.44616900246263,-37.26032499636715],[143.44560701192927,-37.25690199644621],[143.4395710024649,-37.25104198628173],[143.43438603264613,-37.24884500691278],[143.4057760221502,-37.23375299689525],[143.40239400254774,-37.23238699697025],[143.40172762238848,-37.22994321680895],[143.39112083204486,-37.22920001650918],[143.390831892527,-37.23005329672817],[143.36474691244572,-37.2274710068274],[143.35949467228696,-37.226541456806366],[143.35626563218412,-37.22869008653397],[143.35463901227496,-37.23329299643187],[143.3502809820995,-37.232860006439054],[143.35148701258922,-37.223744996912416],[143.33841501244237,-37.22267998672656],[143.33932401228842,-37.214885996483254],[143.33520801250495,-37.2145260065687],[143.33627199239885,-37.20631999646096],[143.33049108201723,-37.20461805664885],[143.31758764264862,-37.20379087629205],[143.29361195266856,-37.210623026420535],[143.29099739255938,-37.20486813687274],[143.2874620727587,-37.20592897686557],[143.2825516523453,-37.19533040634294],[143.27681527235072,-37.196958386709426],[143.2709182322607,-37.19754507664571],[143.27010125223907,-37.194612526659064],[143.2669341419919,-37.19192588682783],[143.2643313623894,-37.187548286929186],[143.26378306218103,-37.181829606358455],[143.2579309019227,-37.180028796856334],[143.25270301239624,-37.17696761649347],[143.250179402218,-37.17290662677091],[143.2471107419361,-37.17209780640257],[143.24223817203728,-37.17377468676968],[143.23383145194418,-37.16797473658161],[143.23272911219107,-37.16375245663634],[143.23371804233454,-37.16123318682455],[143.2314032221879,-37.158425906322066],[143.22789721261836,-37.15701642677099],[143.22459516194075,-37.15365909640737],[143.22117022263066,-37.15256711641596],[143.21765826262063,-37.15362113688606],[143.21626232199168,-37.15582615696741],[143.21192247192081,-37.15735619644857],[143.20530126215115,-37.16109846677492],[143.20242860258614,-37.161131286652044],[143.20193571226105,-37.16560630639599],[143.19876707218296,-37.166533006268985],[143.1975031120355,-37.17128421654338],[143.19257988254446,-37.170785396835925],[143.19206092221154,-37.174488436957084],[143.1957107421767,-37.17709635677747],[143.19154704274993,-37.178307466821565],[143.19141688225517,-37.18144989625055],[143.18646803191388,-37.18302344664158],[143.18419525202427,-37.18533755660504],[143.18492131265768,-37.18786456625446],[143.1806024121976,-37.188549576904286],[143.1774961125053,-37.186355966673],[143.1688679819493,-37.184043146805735],[143.1679483325754,-37.17862864684963],[143.16520331193422,-37.17571163656893],[143.15712411220383,-37.176919276649336],[143.15215748240652,-37.17462873694511],[143.1516884225893,-37.17168372676414],[143.13710463237945,-37.17242683648352],[143.1371757627803,-37.17438777648861],[143.13087981231368,-37.17407887625907],[143.12125381247878,-37.16787925655541],[143.11798344268635,-37.16331920646917],[143.1143784127213,-37.160635666617665],[143.1135518324042,-37.1576116767128],[143.0907140419878,-37.15506095629041],[143.0837150520135,-37.14865893639099],[143.0799281419496,-37.14904695669329],[143.06693827207417,-37.14736800683484],[143.06600839268592,-37.15135407663795],[143.0590937221775,-37.18720115648922],[143.0493516222786,-37.18603178650304],[143.0489100024001,-37.18974998638349],[142.99352191217383,-37.18307198655283],[142.99452876280893,-37.17734795680394],[142.99238778283944,-37.176482976251705],[142.9867928821122,-37.17664301667731],[142.98279887264596,-37.17577804666375],[142.97260701233552,-37.174792116805],[142.97339691264293,-37.170194106742706],[142.96935088263692,-37.16671210653021],[142.96128205215993,-37.16703818643213],[142.96047813274413,-37.17139325679393],[142.95757321198235,-37.17180426651701],[142.9584932620048,-37.17481627631696],[142.95707246229688,-37.183275286723976],[142.95820645239243,-37.18341127624046],[142.9539739824391,-37.20777836671909],[142.92463429199745,-37.20426643625478],[142.92341231281813,-37.20545445624379],[142.91916334260964,-37.203620456386226],[142.88342568272958,-37.199679086679126],[142.88396267225025,-37.19829406637558],[142.8763217623436,-37.19742116618068],[142.8767127127485,-37.19535813646541],[142.865283912716,-37.19470723656219],[142.8378845626267,-37.19164076661922],[142.8373731220911,-37.187770396672434],[142.83134299210025,-37.17705099669331],[142.83164897265905,-37.175476316234565],[142.8233620527906,-37.1744363763481],[142.82390108238528,-37.17167297682897],[142.7949522426355,-37.16833747683048],[142.79461034204175,-37.17018453626294],[142.78365545272888,-37.16888711658802],[142.78344222232485,-37.16355546667326],[142.78176223260635,-37.157675486684326],[142.7769020828146,-37.15716841614629],[142.7771610428565,-37.15536638668484],[142.7684486422419,-37.1544160461509],[142.76963120244824,-37.14844422633306],[142.76780868243353,-37.14824079664571],[142.76873914213346,-37.1428471863737],[142.76484693245018,-37.14191141623072],[142.75848381225487,-37.14497734620843],[142.7574889325693,-37.15005840657471],[142.75389598224987,-37.14997941651587],[142.75051995261376,-37.14724037660045],[142.7454190426477,-37.149014416545285],[142.7404450727162,-37.14833942620865],[142.73933201246845,-37.144991366588386],[142.73500749214793,-37.142780396465405],[142.71704617211537,-37.14289150647792],[142.71708248291753,-37.15729965657425],[142.66725210226744,-37.157318086288385],[142.63597448255152,-37.157430396333496],[142.63561149220982,-37.15726339637428],[142.5427734121364,-37.157417986257485],[142.55702922294446,-37.173121676073364],[142.56242917218714,-37.178304616742544],[142.56432922220074,-37.18234564666761],[142.57504134270636,-37.19505164620238],[142.57747637270938,-37.19739664610122],[142.58061336244506,-37.20434565648583],[142.58769027228703,-37.21471155607172],[142.59247115294153,-37.21546149646188],[142.59524410220493,-37.217598446554575],[142.5982190628128,-37.224411426699255],[142.59785611289533,-37.226905446447745],[142.60026511241634,-37.23491446622852],[142.5964112221682,-37.235410546473915],[142.59304136216133,-37.24056260607012],[142.59611239219902,-37.2497116366827],[142.59621645214318,-37.257126676221326],[142.59353553258572,-37.2588717261466],[142.5970625321902,-37.26197571648958],[142.591585632362,-37.264485796011485],[142.58147093284285,-37.27000894622716],[142.5816930323137,-37.27408296637684],[142.5886611022758,-37.28514997616256],[142.59325003271704,-37.28616190636433],[142.59219711288094,-37.290375946076246],[142.59567206230122,-37.29050491665189],[142.59893202241616,-37.29290685638344],[142.516351462314,-37.293226816023115],[142.5125086024792,-37.29386588651047],[142.50398373236672,-37.291606956416615],[142.5014018727305,-37.292560986224935],[142.49031995265335,-37.28754406643258],[142.46562427285454,-37.281597276450505],[142.46343424307392,-37.27607326652546],[142.4551282627518,-37.2654432966688],[142.4230896226665,-37.26009657614094],[142.4166935423851,-37.25221660621612],[142.4034603224925,-37.23738569623605],[142.39202031238355,-37.231784786278716],[142.3792724630187,-37.23045389647072],[142.36906663300724,-37.22890699614884],[142.35882684308478,-37.225509176443865],[142.3557078124682,-37.219253176509234],[142.3503098628754,-37.21487426616908],[142.34238294285706,-37.21126338604151],[142.33441688234348,-37.20543136616347],[142.3287578526847,-37.19920437649903],[142.31665493260846,-37.19471241596745],[142.3093858830087,-37.188872465985476],[142.30192491284004,-37.18525356649318],[142.2890860425773,-37.17799172651077],[142.27531013245527,-37.16981390651111],[142.26525117250117,-37.162705066223765],[142.25915118232734,-37.1572191262169],[142.2550113924602,-37.15673141606752],[142.24782399253323,-37.15199600645279],[142.23974202239856,-37.14767399601835],[142.24068299238726,-37.142501986631544],[142.23525500223303,-37.13925599655672],[142.23475101232432,-37.137078996049226],[142.23599901300253,-37.13252898602653],[142.23581002273812,-37.12898100655202],[142.23284100268916,-37.1233950066628],[142.22749601237555,-37.12123599620456],[142.22247401222077,-37.12057499636833],[142.22177902251636,-37.115776006538425],[142.215703992931,-37.11140199629394],[142.216637002948,-37.107060006464295],[142.2161150224791,-37.100717996182794],[142.21189299274604,-37.09082599621605],[142.20625502229248,-37.087295996111784],[142.20189699301525,-37.08888798661324],[142.20196200229572,-37.09502699599475],[142.19891600291518,-37.099157986113],[142.19342300258216,-37.103623996176474],[142.19141601262555,-37.10855298640301],[142.18134702298127,-37.11077199648091],[142.1778796328841,-37.10778609609354],[142.17194370292887,-37.10859918636891],[142.16415672246555,-37.10589230611121],[142.15266995235106,-37.10723745653516],[142.1417620027068,-37.11172999600952],[142.13337200295612,-37.10945399635179],[142.12225253240177,-37.10966990597151],[142.1177716423398,-37.1118759764946],[142.11448770259668,-37.112054046401425],[142.1139477630086,-37.116098066127776],[142.1112918723116,-37.11913813639405],[142.10801801256423,-37.1297600065698],[142.10822901245146,-37.1358640062968],[142.11016202255118,-37.14118599617765],[142.10730699242362,-37.14554599655566],[142.10798099299137,-37.15411399630642],[142.10966999281217,-37.16050298656036],[142.1080366930306,-37.16438451596791],[142.0981038825935,-37.16675167658365],[142.0923930129563,-37.1706479959127],[142.08981600242603,-37.184398996612344],[142.08674453311224,-37.191030096176846],[142.08647662315516,-37.195752126078204],[142.08756665239565,-37.19852514611684],[142.0846318330062,-37.20485024607193],[142.0883448728077,-37.20964022650641],[142.0885819427028,-37.21309223592284],[142.08556204297454,-37.21499031657566],[142.0839251625082,-37.21960036630079],[142.07937799294788,-37.22364700655191],[142.0654199925211,-37.21864099614046],[142.05694560233772,-37.22056381600452],[142.05250099253513,-37.22282699627904],[142.04498685288144,-37.22211899639662],[142.04183891268244,-37.22373504623637],[142.03816398300856,-37.223986106019346],[142.03381504288538,-37.22293615595827],[142.02556016232987,-37.224000296289546],[142.0156592825096,-37.22314644614172],[142.00282146237745,-37.224472615884544],[141.99803453246787,-37.224022696138434],[141.99577456255417,-37.22262071600716],[141.9911304423169,-37.213232685970766],[141.98924598256502,-37.212419006245135],[141.96584875283062,-37.21013900638507],[141.95231598252002,-37.209451216084815],[141.94470518234516,-37.210563346299395],[141.9424842325524,-37.207638346527844],[141.93717410316012,-37.20668083615696],[141.9381954831466,-37.20007234607797],[141.92127674244287,-37.19830261649603],[141.92055477273723,-37.203210665854336],[141.9127719927961,-37.20236099654029],[141.91050201295525,-37.19849099653405],[141.91043500312662,-37.19296399586817],[141.91170400282283,-37.189838995942274],[141.91989598244385,-37.185955995857434],[141.92062201253458,-37.18208699641784],[141.93004298268565,-37.17957399637409],[141.92984501286168,-37.176480996465415],[141.934295012556,-37.16976599587782],[141.92832000319092,-37.16951398620519],[141.92840800305453,-37.16759200613562],[141.93447500259956,-37.16671199628924],[141.9280539931707,-37.16046698634017],[141.92737801271605,-37.15532999596918],[141.9241430131896,-37.15209000654593],[141.92483002315933,-37.14981200629335],[141.92832402315187,-37.14531398641277],[141.92527200236393,-37.14198700615381],[141.92400501309734,-37.13625999626249],[141.92603601232653,-37.12966498606988],[141.92547399304715,-37.12514599626468],[141.923351992683,-37.12125100658661],[141.9200969930651,-37.120079986572634],[141.9158720024848,-37.115208996355435],[141.9092670028144,-37.113894996186275],[141.90815901265813,-37.11711599653943],[141.90498300280146,-37.11903499617217],[141.90352500295933,-37.12409099595644],[141.90787000307168,-37.12653299640774],[141.90629601276007,-37.128635996362114],[141.90975800308408,-37.13296300632565],[141.90887499239744,-37.13484800594524],[141.90441100234094,-37.13590699631957],[141.90093000276718,-37.13443900606229],[141.89877701232237,-37.13644799606103],[141.89323700315052,-37.1373569961649],[141.88685399245816,-37.14067700620115],[141.884927012749,-37.14448999604352],[141.87600302295235,-37.147116996540426],[141.87421101241964,-37.146532996051796],[141.86288298270074,-37.148749996356024],[141.8604770131972,-37.1458170062832],[141.85779401314142,-37.1465400060979],[141.8571839825034,-37.14914800605752],[141.8532030031004,-37.14773599637626],[141.84965801293566,-37.148917996065094],[141.84429299288624,-37.15224998622048],[141.84053801254078,-37.152510986083506],[141.83646100233554,-37.15503699594357],[141.83467699309705,-37.15742599617639],[141.83540002281472,-37.16021599590245],[141.83878900256406,-37.1605759863576],[141.839871012544,-37.16438898587547],[141.84229198301443,-37.16633500632438],[141.8364450132218,-37.17069498616752],[141.83275501251245,-37.17204399616305],[141.82518100283997,-37.169364985885444],[141.82200401292133,-37.17388999582794],[141.81583102295247,-37.170005996127685],[141.81454800235133,-37.17468799596969],[141.8095130125575,-37.17724299633673],[141.80595798282118,-37.17408700609512],[141.80687100262813,-37.170386006417495],[141.80505202287398,-37.16938800610758],[141.79652799268632,-37.173236006213635],[141.79204900256113,-37.17267598615044],[141.78630598311827,-37.17419999626704],[141.78535698308917,-37.17218699638757],[141.78646399318345,-37.168789986293056],[141.77916198259925,-37.1713329959192],[141.78095300318856,-37.17421600610525],[141.7779329929675,-37.1767120062528],[141.77270072325575,-37.17309221631066],[141.77186600240555,-37.179285006093664],[141.76776099261124,-37.17941098615183],[141.76303099253448,-37.17473500590112],[141.75423300313463,-37.17381699600597],[141.74924600313986,-37.177862996341545],[141.74658398323766,-37.17369800627375],[141.74041800282302,-37.17526498632991],[141.74361500271456,-37.17860200637818],[141.74344400301038,-37.18115500636273],[141.74018999243754,-37.181442986062436],[141.7308559926807,-37.17814999585733],[141.7312420131313,-37.1804890061588],[141.7278080223964,-37.183736986350965],[141.72697198281932,-37.18707300595291],[141.72456901279054,-37.188015006473236],[141.71905499277818,-37.18347299608076],[141.71661401323303,-37.185764995965144],[141.7137600125748,-37.18338898600303],[141.70791201241454,-37.18473299647583],[141.70257100253602,-37.18106000605862],[141.6998830024574,-37.17520699610225],[141.6968390126081,-37.17243299591035],[141.69229899273924,-37.16490099614534],[141.6899179928073,-37.167891996347564],[141.68367601312298,-37.16650699649359],[141.68146101287246,-37.16246700647608],[141.67783798246577,-37.16125599618479],[141.67539099319134,-37.16201898647402],[141.67162798280555,-37.16107199623498],[141.6706870128168,-37.156235006132036],[141.66838299311485,-37.1551879962623],[141.6582290228447,-37.15629499624538],[141.65590900324923,-37.15778999626658],[141.64565801313182,-37.159404996473135],[141.64095298262663,-37.16242299637088],[141.63984802248783,-37.1654219863075],[141.6341029926153,-37.16418800585616],[141.63256700283685,-37.15545398622801],[141.62937701249942,-37.15733599622609],[141.62412400248442,-37.165393006034584],[141.62062299293777,-37.1659589858977],[141.61861699292453,-37.16372600635457],[141.61552099241698,-37.16577800615295],[141.61243900293286,-37.1658849862342],[141.60614399300238,-37.1629079859433],[141.59900700293588,-37.161093985934194],[141.59502799263996,-37.16255698599998],[141.5958738031924,-37.165509956468874],[141.5925959926544,-37.17050998629737],[141.58657400319666,-37.17335799582296],[141.58363700269774,-37.17851599611943],[141.57907099277105,-37.18281199614107],[141.57982599263136,-37.18534698632463],[141.5761780025345,-37.18812198584295],[141.56901999278864,-37.190336996401605],[141.56602002308324,-37.19214899628265],[141.56274301294425,-37.19214599644792],[141.5571480026225,-37.19444599600181],[141.55233299317376,-37.197786995775715],[141.5426070225258,-37.20216498589697],[141.53948700286418,-37.201024005725],[141.5334190232571,-37.20350000604379],[141.52890101301097,-37.204262996156885],[141.51983602274908,-37.208249985860576],[141.51494502301378,-37.21120599579893],[141.51105901260433,-37.21156900634103],[141.50975800323957,-37.20966799572949],[141.50613301270894,-37.2136329858809],[141.50024201289096,-37.21781398595363],[141.49445301318028,-37.21825599578111],[141.49132499312267,-37.220707006196584],[141.49098102281047,-37.223215986224275],[141.49477300296596,-37.22362800574919],[141.49614598265632,-37.22662198622179],[141.49102598259216,-37.230698006033776],[141.48980699300617,-37.23469300587518],[141.4965850126918,-37.23567200639763],[141.4961840227153,-37.239342996015246],[141.49012400308,-37.243020996029685],[141.48950798337387,-37.246358996167075],[141.49299501333815,-37.24990199635724],[141.49221702289478,-37.25094898599231],[141.49844899265184,-37.25541100636736],[141.4993240029426,-37.25696298623209],[141.50480700322987,-37.25633099620831],[141.50611600310904,-37.2599650060336],[141.51087300295,-37.26067099608423],[141.51363000262555,-37.26530299606008],[141.51674399279506,-37.26680298610685],[141.52098701256304,-37.27405199626752],[141.52335100289508,-37.27487899639249],[141.52281902327877,-37.27859699606773],[141.51901900320152,-37.27904799602049],[141.5185869926016,-37.281133996383254],[141.5235909932131,-37.28232398596582],[141.5266840032291,-37.285247985904704],[141.524765013136,-37.28998700618727],[141.52989100316648,-37.293448005693236],[141.5314440025448,-37.297642986045034],[141.48185999294626,-37.29751700619908],[141.43150609301324,-37.29753578613642],[141.43153047329005,-37.372302016236816],[141.3886741130426,-37.36737664613734],[141.34570923271554,-37.36278045579472],[141.24720708343457,-37.35157688606517],[141.2210037727725,-37.348705266104474],[141.2172316732326,-37.35541295565398],[141.22066318282072,-37.36158640594572],[141.22088098295464,-37.364574135569676],[141.23267855308936,-37.367407966199124],[141.2373560232816,-37.36575288624867],[141.24175741333926,-37.36660976567942],[141.24313762267107,-37.36928375625433],[141.24847250334437,-37.3692427960981],[141.25025592328805,-37.37372921563876],[141.25366656321546,-37.37595365582914],[141.26185803349173,-37.37712751557922],[141.26544865268295,-37.38191633602029],[141.27019741317613,-37.382886275637],[141.27435432313595,-37.38577228563996],[141.2717500828728,-37.39154839600469],[141.27306875311598,-37.39257377587001],[141.2791182328181,-37.393093515830174],[141.28043182308835,-37.3955731060808],[141.27618852304602,-37.39717618578528],[141.27148224298426,-37.40298920577398],[141.27394537318773,-37.406941565750785],[141.2713947533638,-37.41337016559963],[141.2715373231859,-37.41560829588023],[141.26863466348368,-37.422038155961864],[141.2637753832611,-37.422984785601464],[141.26058396280573,-37.4208328755711],[141.25870943303096,-37.426565785755315],[141.26103649272335,-37.42967484569478],[141.23083139318473,-37.42624007563298],[141.1890735728168,-37.422112855789884],[141.16823747319512,-37.41988031567985],[141.09759971296137,-37.449838975672584],[141.09529609300967,-37.445612225568944],[141.04640769295307,-37.40186007581253],[141.02378459360133,-37.39137029599821],[141.00363035300956,-37.37760407560174],[140.99224969279481,-37.37415338556704],[140.97317342335742,-37.35823707581238],[140.97301853314124,-37.31012715579287],[140.9721110029389,-37.281565065748424],[140.97198583348387,-37.27054196561671],[140.97092000306054,-37.22876622623652],[140.97127300323797,-37.228802236104755],[140.9713974926683,-37.1997340356875],[140.97171546304125,-37.19958401594184],[140.9715448029002,-37.17887331560354],[140.97170544323257,-37.13121264590668],[140.97198089274985,-37.066548495828854],[140.97188320275927,-37.03607182608145],[140.9716275332463,-37.00875864616371],[140.97141932262807,-37.006319455787974],[140.97116759312587,-36.970451995743346],[140.97059402330854,-36.911124595756654],[140.97041984266988,-36.90511361586659],[140.96986442331288,-36.84889376596117],[140.9692958130942,-36.82443082589587],[140.96900599322737,-36.793160935827736],[140.96875849299354,-36.73424798642896],[140.96857948301192,-36.73424899648555],[140.96890585263273,-36.66499647628042],[140.96853235290052,-36.551335526573396],[140.9681963731028,-36.55133052634448],[140.9679876827842,-36.48725786661218],[140.9677554826563,-36.449366556262305],[140.9676267828222,-36.38150214612782],[140.96735066226344,-36.37395718621359],[140.96646016232225,-36.257124426367795],[140.96565877256236,-36.17578995620535],[140.96426642249952,-36.034477776782126],[140.9638881724761,-35.99606577678856],[140.9638509723419,-35.962594176200724],[140.96349332248457,-35.860360236469745],[140.96310227236668,-35.74853449684052],[140.96495050216478,-35.53608487707084],[140.96595433176557,-35.420327156812114],[140.96622471208968,-35.38914214710954],[140.96614576185434,-35.37589016692411],[140.9659486615995,-35.23770483720059],[140.9657615524073,-35.10652131679848],[140.96562139186676,-35.00825734725712],[140.96553424180945,-34.92841891712057],[140.96534069169667,-34.840459737413845],[140.96480872196182,-34.63767872715051],[140.96455687208538,-34.54167636705626],[140.96434690166754,-34.43865435737165],[140.96389547128777,-34.36863681737268],[140.96316051194316,-34.27424941733642],[140.96256767146636,-34.202776477610584],[140.96185887106276,-34.09577976791429],[140.96294289147232,-34.09577112755776],[140.96372412124063,-33.990025817257944],[140.96368201181335,-33.98064982765724],[140.96819957110526,-33.98183250784442],[140.97011556172356,-33.985398757716816],[140.96860841145906,-33.98846600773874],[140.96842288150506,-33.99595118755496],[140.97065610138625,-33.9978507878254],[140.97632083175378,-33.99720985736131],[140.98037474178147,-33.999636927704806],[140.98082080113414,-34.00460596746444],[140.9764500112883,-34.006957917307105],[140.97646311142006,-34.009851927351775],[140.98475773164716,-34.009207047684875],[140.98681765123862,-34.011307097947956],[140.9822808913559,-34.013345037420976],[140.9804530317551,-34.016013037828834],[140.98525793156367,-34.02032612750878],[140.98569801172977,-34.02752515771017],[140.98976495182063,-34.031708247963074],[140.99190889173892,-34.03182224763938],[140.99450283102078,-34.02943019737307],[140.99430172158486,-34.02441417769669],[140.9960586511091,-34.020915107269985],[141.0006096115599,-34.020081997472744],[141.00295661115663,-34.02253720773834],[141.011704541039,-34.025755087287784],[141.00490212131348,-34.026332827535285],[141.0028766314519,-34.029246017535506],[141.0036783616733,-34.03224928778028],[141.0017177517348,-34.037832037593006],[141.0027795217731,-34.04063687753569],[141.00718904158404,-34.04257572729749],[141.00894439097172,-34.04465895744336],[141.0149794015095,-34.04633583781035],[141.01804602171742,-34.04852698789282],[141.0180583717559,-34.05401017725017],[141.01944629132782,-34.05731066753244],[141.0232613509995,-34.059699827611624],[141.02693457117942,-34.05913294727465],[141.02686836174968,-34.05603765787552],[141.0235625417412,-34.05329675771738],[141.02539244141602,-34.049842377646726],[141.03191399118975,-34.04735177754277],[141.0324983210276,-34.045421587935664],[141.03107754108262,-34.041300307924224],[141.0330364415272,-34.03609589774744],[141.03680647134865,-34.036383467647354],[141.0413687218259,-34.03950259759209],[141.04352736177552,-34.04494929778464],[141.040149211217,-34.04932451753176],[141.0394576117545,-34.05276968747036],[141.0410434113188,-34.05978532725881],[141.04434959155174,-34.06178620766549],[141.04784964169767,-34.06164059760464],[141.05340567142431,-34.05732765765531],[141.06242957094844,-34.054446707371206],[141.0663163817569,-34.050774327493016],[141.067220321393,-34.05620275740753],[141.06902271106048,-34.060386167371135],[141.07372865155907,-34.06367509787037],[141.0768495318067,-34.06361007749014],[141.0800226715461,-34.0616421373467],[141.0839777516211,-34.06153139789496],[141.08583290114194,-34.063586337433414],[141.08535906138908,-34.06637327761291],[141.08279547168917,-34.07091100777402],[141.08531403153884,-34.07502173779184],[141.08802491170772,-34.07640884770033],[141.09204578169923,-34.07650543790145],[141.09669120179873,-34.07313836798629],[141.09771558125993,-34.06877252789833],[141.09556054175795,-34.06066663779422],[141.0922480814029,-34.058164107951754],[141.08740857130311,-34.05760619798761],[141.0883694111276,-34.054367967663566],[141.09309001123327,-34.0511810774516],[141.09756392138547,-34.05009548759935],[141.10180238130513,-34.05201299767628],[141.1049199009553,-34.05944075763198],[141.10753508180034,-34.06126145778186],[141.1203378209239,-34.064866207309365],[141.12771589096496,-34.06365016789029],[141.13794782152698,-34.05826380749141],[141.1372589610278,-34.06114157756082],[141.13981973091603,-34.063203987726126],[141.1436015511256,-34.06313652755217],[141.14375627156028,-34.05850968747079],[141.14600546169052,-34.05578336742476],[141.15341581179294,-34.05515212766819],[141.15124338180533,-34.058257307421954],[141.15332381173144,-34.0642884073039],[141.14386884124517,-34.06741114754561],[141.14613753110527,-34.06961814746637],[141.151173771354,-34.067925657918835],[141.15350674106259,-34.06961836772773],[141.15278247166984,-34.07966470728059],[141.15330065136675,-34.08157759758757],[141.15704472167317,-34.08416136728863],[141.16361271165218,-34.08400878794941],[141.16782518151402,-34.08208228794992],[141.1724034615292,-34.073462967771945],[141.17543938091396,-34.07411705747004],[141.1747117113978,-34.07870878796209],[141.17542378166902,-34.0823784373335],[141.1778243909253,-34.08485516755104],[141.17935168141852,-34.089497647780355],[141.18431071146856,-34.09188928732048],[141.18777966104108,-34.091911077787124],[141.19268719157424,-34.090541617405556],[141.19448715129892,-34.086020337860504],[141.1929525215698,-34.08326298737286],[141.18898068162648,-34.08114073774668],[141.18794651142701,-34.0791130779761],[141.19241027151486,-34.0783395578746],[141.1930946817601,-34.07424388769554],[141.19828350175817,-34.0731353276129],[141.20086684091962,-34.070218027893276],[141.20191769103727,-34.0654813975508],[141.20719563109805,-34.06118862740119],[141.21287703150236,-34.06245055760267],[141.2136627609319,-34.06464076802917],[141.21715251099485,-34.06476090748025],[141.2196694413006,-34.06164490798931],[141.22264068108663,-34.06243321799356],[141.22166675101175,-34.067115767368186],[141.22264840120812,-34.069531057866854],[141.2262231013542,-34.07298774734032],[141.2317942110995,-34.07315771743793],[141.23671694112727,-34.070108957552435],[141.2369846911842,-34.06504871802124],[141.2386238416932,-34.06219571782943],[141.24253435095716,-34.06168298775764],[141.24438341169693,-34.06407833741964],[141.24490788139747,-34.0693443078355],[141.24719395096346,-34.072866097874574],[141.2457315017657,-34.076846357706614],[141.24227397157705,-34.08061409736632],[141.2414901313046,-34.083222087846394],[141.2433462510059,-34.08793527780783],[141.24744411110882,-34.08808038736882],[141.24933640147503,-34.08648923798528],[141.2508791816187,-34.08034426790049],[141.255357981301,-34.07753015751],[141.26102008140143,-34.078979287814064],[141.26401346106593,-34.08309449804111],[141.26575176132778,-34.08786170779258],[141.26869197150725,-34.0921302378964],[141.2753782309816,-34.098158027662464],[141.27984773130413,-34.099067837488484],[141.28302748174565,-34.10331742766497],[141.29854384089973,-34.10696018795366],[141.29820105097386,-34.11120874732853],[141.30243958096207,-34.11395792786081],[141.31266724093328,-34.111776717548366],[141.31806022104593,-34.11287202760785],[141.318420220896,-34.11630711800249],[141.31339643129712,-34.12412106754277],[141.31390096109334,-34.125724287956686],[141.3178440109301,-34.12735622776038],[141.3220991211235,-34.12556844760658],[141.3246811514396,-34.125841187737],[141.32634278139028,-34.129254747546064],[141.3231152010498,-34.133159297381646],[141.32320814164734,-34.13757809739067],[141.32544775124515,-34.13896098789863],[141.3285906312342,-34.138321257833155],[141.33142307142728,-34.13598683787283],[141.3319160911097,-34.13171053781374],[141.3339272510459,-34.13023527777527],[141.3422347108933,-34.12761498734083],[141.34640731172615,-34.124347597782176],[141.3475416009607,-34.12066490786513],[141.3469548717228,-34.11512027745396],[141.3491209712825,-34.11189457746044],[141.35755149134073,-34.11068890756684],[141.3612846309467,-34.11146257760468],[141.36295213138786,-34.11345977760771],[141.36439470176663,-34.12111224732709],[141.368758361684,-34.127114707495075],[141.37162367123335,-34.12518518796163],[141.36926046153735,-34.120403367961096],[141.37252194160178,-34.11984342797259],[141.380251011272,-34.12172282794294],[141.3830547314272,-34.12304892752435],[141.38536148110927,-34.127154287448256],[141.38646509108025,-34.13374352762609],[141.39112240128088,-34.134738867938204],[141.4033639412869,-34.12720481793236],[141.40660564134703,-34.12702278773034],[141.40910725088568,-34.128547647490244],[141.4102973614319,-34.13245773763965],[141.40788665151862,-34.13634373765519],[141.40604934164102,-34.142193727379656],[141.40824321171957,-34.14723665787049],[141.41192296175325,-34.14996589778968],[141.41873836123625,-34.150592208039306],[141.42428939093998,-34.147858697974165],[141.43129472122354,-34.145354297438416],[141.43476292160108,-34.146902257678235],[141.43250123141365,-34.15215900745145],[141.4320655116699,-34.158130547901834],[141.43596193175688,-34.16265303794322],[141.44183547102065,-34.1654999580392],[141.44402775108108,-34.167683508013724],[141.4479147415525,-34.168201487707854],[141.44925120113334,-34.16653722765393],[141.44851715088373,-34.163167067370935],[141.4524995316586,-34.16128566778524],[141.46226554111703,-34.16558712799734],[141.46696271136346,-34.165470167993625],[141.47019090166003,-34.16263492798301],[141.4702615712251,-34.15975802778181],[141.47296113172308,-34.15945010797627],[141.47912025170396,-34.162781167807786],[141.48280167170577,-34.16342516798928],[141.48607670105957,-34.16131103804071],[141.4858334408739,-34.15673966784777],[141.48976682124496,-34.15409071742444],[141.4946399409128,-34.154513157402974],[141.49956186155848,-34.15768587750165],[141.50176032112967,-34.16072521741534],[141.50377280158935,-34.16712015751478],[141.50559441161067,-34.17055775754688],[141.5108458010649,-34.17770571746845],[141.5187434315134,-34.18091028749499],[141.51690749156666,-34.18411954750301],[141.51071017162667,-34.185768728039776],[141.50722661095608,-34.189372457520264],[141.50673661140956,-34.19271128784212],[141.50813712087012,-34.194590357402944],[141.51462776141162,-34.19820679780328],[141.51857621102158,-34.20315945797647],[141.51758685148343,-34.206455417382294],[141.51242079120144,-34.208388977339055],[141.50787382106714,-34.20860624785202],[141.50563885126783,-34.21244834751412],[141.50684708173165,-34.21481525738508],[141.51276234145217,-34.21641408774512],[141.51771857145349,-34.21381403795351],[141.5288292717557,-34.212919027508924],[141.53303200118492,-34.21144888732441],[141.53644407123033,-34.20684335784677],[141.53593519089316,-34.20361711769239],[141.53081852088386,-34.19600965740208],[141.53123493134052,-34.193194137575595],[141.53354634148232,-34.19143455806298],[141.5363695514859,-34.19166574803817],[141.53922656150036,-34.1937905974669],[141.54206414095518,-34.1979355774721],[141.54504422106191,-34.20058285762957],[141.55000391137366,-34.20049760800854],[141.5560092011503,-34.19765678807319],[141.55813267115826,-34.19215496796645],[141.56085906163884,-34.190870947781725],[141.5679740214213,-34.191830237422984],[141.57311414105283,-34.19601793755285],[141.5769810514827,-34.19647779745375],[141.5826947813558,-34.19875048778658],[141.58683467093596,-34.197855977903345],[141.58824110119252,-34.19563939771077],[141.588244561503,-34.188352837374815],[141.59001350150263,-34.186802198026406],[141.59497311096604,-34.19144981743081],[141.60092543158189,-34.192160377357546],[141.60409360094283,-34.19052152775683],[141.60594208137093,-34.18798724779322],[141.60537445121426,-34.184490867665346],[141.60126524089767,-34.18194981784364],[141.59434466127135,-34.182335218070925],[141.59032562114808,-34.18021724776079],[141.5899221113972,-34.17526805758003],[141.59315982114083,-34.17277237776568],[141.60256055135025,-34.16879449797924],[141.60383931124204,-34.165532527951726],[141.60295888141528,-34.16225411767212],[141.59933509103385,-34.15608514785155],[141.59584801166227,-34.155407697940326],[141.5920215110471,-34.15738324802721],[141.58848735097146,-34.157733937413056],[141.58438158120248,-34.155426778064],[141.58349751140213,-34.15306812780645],[141.5866914911577,-34.150608847879006],[141.59521466165768,-34.15481554738826],[141.59861170109173,-34.15350035738207],[141.60127999123466,-34.150393967473605],[141.60427548104175,-34.149089597596785],[141.60748362094117,-34.150228137963424],[141.6120197214605,-34.1564915078482],[141.6161999211424,-34.15698463811231],[141.62036176105647,-34.154961577743364],[141.62132830158984,-34.15066388801172],[141.61894366168437,-34.14645526806808],[141.6119869715802,-34.139924647597134],[141.6142436913892,-34.13852452764797],[141.61656528123984,-34.1400911374925],[141.61786716107204,-34.143114827621815],[141.62130982144782,-34.14518072751828],[141.62530835123647,-34.14611638770493],[141.62974103141212,-34.144154747605256],[141.63211908127667,-34.14013829810749],[141.63004791118448,-34.13142794778785],[141.63012947102584,-34.1278020274879],[141.6317508816046,-34.1227161978053],[141.63507343093866,-34.12039027770713],[141.64921950085667,-34.118341198134075],[141.65377498162994,-34.11708147813019],[141.66477172165523,-34.11036674799472],[141.6745109011311,-34.10253978766442],[141.6774495015296,-34.10122477789281],[141.68557889103317,-34.10237907782403],[141.68937093137572,-34.10207817757142],[141.69269901163693,-34.099389857838084],[141.70490778110144,-34.095685618108334],[141.70987731155884,-34.09753274745727],[141.71086395099834,-34.100142427532795],[141.7116157214152,-34.10965269783638],[141.71328150158251,-34.113061077984156],[141.71702741163858,-34.11496023781031],[141.72336305147107,-34.11281273763622],[141.72512890126612,-34.11009674783643],[141.72987153075746,-34.10557740769623],[141.7297709410052,-34.10270107813507],[141.725881281639,-34.0978991578677],[141.72582849124305,-34.09298433781003],[141.72730093150332,-34.09150558790812],[141.73145874157507,-34.090957838011235],[141.73550943114245,-34.09307106778571],[141.73839357117674,-34.0968956876532],[141.7453533910114,-34.10310357773058],[141.75217928102026,-34.1026381674795],[141.75898769161034,-34.096580968013754],[141.7620332615962,-34.097725547787775],[141.76214998149766,-34.09986222766098],[141.75401273083708,-34.104006797661235],[141.75256660133311,-34.10842573786784],[141.75694693128725,-34.11209647761009],[141.7627300515244,-34.11134829754896],[141.76635221146356,-34.10783561813198],[141.77518222131178,-34.102405177619765],[141.77848554130884,-34.10205059817466],[141.77928680081303,-34.10429974778659],[141.7755484815211,-34.11046547794849],[141.77465221080257,-34.11443026767006],[141.7764946410773,-34.11670933793317],[141.78066705146728,-34.1164754475135],[141.78408705094165,-34.11226002797315],[141.7872289311058,-34.11199642790948],[141.78940956091523,-34.11447153811398],[141.79325006087578,-34.115862678171645],[141.79861968119778,-34.11496208820491],[141.80210885094905,-34.11587726772159],[141.80655278072695,-34.12026723799648],[141.81468260142188,-34.12110639759013],[141.81767812087338,-34.12251140785484],[141.82539491147205,-34.127681468110964],[141.83266352089734,-34.13018460781981],[141.83904981133878,-34.131160177959636],[141.84240363102785,-34.132526047509195],[141.84491561161644,-34.1310297478017],[141.8478065509991,-34.12622100810007],[141.85069363121943,-34.12430713752598],[141.85266181126082,-34.12700804766088],[141.8515271411406,-34.12956814769828],[141.85606694092232,-34.131313187588084],[141.86204663140828,-34.12852068796964],[141.86698023105097,-34.128458877724164],[141.87002875110414,-34.12963675808617],[141.8739482516058,-34.13324332792108],[141.87576480141712,-34.13723036759526],[141.87784641083113,-34.136849927518796],[141.88026147128542,-34.131286298102786],[141.88796108070594,-34.1260812980001],[141.88898398154018,-34.1222771177745],[141.8848428711496,-34.11718458812466],[141.8853591410282,-34.11470078799423],[141.89230488156736,-34.1142807379099],[141.89910618109357,-34.11148948752611],[141.90369114098127,-34.11136559813666],[141.90812185115144,-34.114056458020556],[141.91488277140576,-34.11562053753476],[141.9223508409601,-34.11438322807085],[141.92538760116793,-34.12042978792772],[141.92978365074126,-34.12578959750524],[141.92551758110136,-34.134344197601926],[141.9296287111177,-34.137388417780606],[141.93459385150828,-34.138180407835954],[141.9375096814109,-34.13704891812026],[141.93908522131633,-34.13339344800043],[141.93807546103812,-34.12936093756414],[141.9397536909569,-34.122259647632525],[141.94291541131244,-34.11989062814541],[141.94701355079138,-34.11983204810723],[141.95315689096591,-34.12809944759661],[141.95671010071547,-34.13161601753772],[141.96416480154176,-34.136770268095155],[141.96746379076083,-34.136942697609946],[141.97166331140787,-34.135250148086634],[141.9722612013149,-34.13253089783725],[141.96897981099053,-34.12533317770434],[141.96974192101635,-34.11989812820197],[141.97208874095,-34.115568807940626],[141.97502537134304,-34.11352541792484],[141.98349132095598,-34.112411788093596],[141.98660163072776,-34.1141544280332],[141.99125019133749,-34.12041175815687],[141.99300634112413,-34.1212993881263],[141.9981893508189,-34.118515818243566],[142.00584721103658,-34.122403327767586],[142.0132583911823,-34.12541581798857],[142.02224553074674,-34.12523087779964],[142.02456477150284,-34.12165384822194],[142.01848001136634,-34.11848424757918],[142.01609518101802,-34.116430707874215],[142.01484050136574,-34.10907414796828],[142.01331154090445,-34.10538125801804],[142.01674693121456,-34.104404407863925],[142.01992234099663,-34.10607643817453],[142.0266117310998,-34.106682367761714],[142.03061961145224,-34.104818087851456],[142.0358893507928,-34.09989920793209],[142.03846338071293,-34.10007597792747],[142.04197502092273,-34.1032003279],[142.0421419108345,-34.10600009762784],[142.03923048088012,-34.1086053982446],[142.03564363101987,-34.11020172800125],[142.03260274125665,-34.11309469820059],[142.0288520611464,-34.11896727797557],[142.02882711133768,-34.12417418773034],[142.03122918125462,-34.127737828224504],[142.03408974141104,-34.129288637944384],[142.04060951072395,-34.12912694754672],[142.0463030213166,-34.126372167600415],[142.05177252082348,-34.12548801755525],[142.06179733132205,-34.125800897743765],[142.06692805098243,-34.1272177279189],[142.07448416082457,-34.130491487692154],[142.07741508152566,-34.13441674793735],[142.07755544149214,-34.137691757585195],[142.07515688129305,-34.14138782771305],[142.0680544512122,-34.143553548120856],[142.0652836408374,-34.14732817798194],[142.06663144075034,-34.15276338763957],[142.06966297096662,-34.154532527646815],[142.07464144145774,-34.15523221813711],[142.07800302079423,-34.15807561819061],[142.08066294133369,-34.164986887534354],[142.08207894134298,-34.172992168143445],[142.08596099108036,-34.1736521482483],[142.0895398207818,-34.17211976802975],[142.0930595206763,-34.17191539807517],[142.10085012135028,-34.17489911817261],[142.10385879123925,-34.17729799774999],[142.10958013074105,-34.17592785787049],[142.1208861014298,-34.17409285798336],[142.12158668135024,-34.172396647774],[142.1186170612267,-34.15981914761971],[142.1203424311384,-34.156704797559385],[142.12483713100121,-34.15679784765303],[142.13175629128946,-34.16025546811923],[142.1380011213282,-34.16013221810175],[142.1404764614329,-34.15805762767103],[142.14233928076962,-34.15279342823216],[142.145717801434,-34.14917637784237],[142.14950413118635,-34.14885647774533],[142.15925100113935,-34.15179300830588],[142.16586117151257,-34.1522663075767],[142.16634342129302,-34.15636408801468],[142.16212726115205,-34.16218831821693],[142.15925482077594,-34.17148266818219],[142.16148107152716,-34.17238486769984],[142.1651962214713,-34.17103254810572],[142.1666912813104,-34.172545538108],[142.1634038111882,-34.176396287751],[142.16594005078102,-34.18274206776486],[142.16837315120276,-34.18373176777479],[142.17599475092402,-34.184426467741844],[142.18026534088645,-34.18159191803369],[142.18110428112354,-34.17695252799574],[142.1836130008276,-34.17567259806381],[142.18943412069964,-34.18005904808603],[142.1950002007776,-34.182657367860344],[142.19858027105252,-34.183496098048145],[142.20641481102192,-34.183719027682415],[142.2164481007185,-34.18083740774987],[142.22031629124766,-34.181665028243785],[142.22389548117354,-34.186846757730876],[142.22806177134154,-34.18957588830585],[142.22699782109208,-34.19318275793111],[142.22913208076488,-34.207086087644676],[142.23372051084448,-34.208350257854896],[142.23534419146606,-34.2041727579319],[142.2383243209801,-34.20465194769655],[142.2433929311217,-34.20918588796226],[142.24420879094424,-34.21264023789049],[142.24353008140773,-34.21668457784369],[142.24044858150546,-34.21805520771663],[142.23580898069235,-34.22263890768675],[142.2368448612841,-34.22585756774391],[142.24030299064907,-34.227502617770206],[142.24403017083145,-34.232457327722855],[142.24496816110843,-34.23788142817367],[142.24349955126448,-34.24602952770557],[142.240155141428,-34.24848412789954],[142.23570543099126,-34.248787297798074],[142.23242779113318,-34.25393980794217],[142.2340434309346,-34.257139607986296],[142.2418569009191,-34.25806032788139],[142.24620497147305,-34.26132468808861],[142.24956481077285,-34.266928268025694],[142.24545390084376,-34.27378292766124],[142.24472753118988,-34.27691905769074],[142.24849911150352,-34.283083278054605],[142.2486120315314,-34.28654690801509],[142.24655790068357,-34.289484827906705],[142.2421572912619,-34.292790298053205],[142.23246485113023,-34.296749358222414],[142.23192925130334,-34.30216028770969],[142.23589372146807,-34.306973677914],[142.23854464088836,-34.30781995800753],[142.24880741151236,-34.30720287814622],[142.25442321154475,-34.305537898205955],[142.26658543120953,-34.29562274784333],[142.26908438083657,-34.295833267643104],[142.2704965010222,-34.30101136779698],[142.27219084132736,-34.30356965793091],[142.27745200085863,-34.30315033811069],[142.28418672084925,-34.29711512805116],[142.28613221124326,-34.296536408025034],[142.29151242090586,-34.3019546681339],[142.29883772121207,-34.30518622766421],[142.29615004093375,-34.30738641760161],[142.29307914115182,-34.30636829826457],[142.28739958139556,-34.306919098246226],[142.28059645110272,-34.31590104761644],[142.28022856134947,-34.32148684820908],[142.2834043106947,-34.32633423766304],[142.28847920095848,-34.32652577782053],[142.29244288150412,-34.32376116764758],[142.29622458133937,-34.32449773774612],[142.2998840914315,-34.328276668042975],[142.30521768122568,-34.32977113775615],[142.31368852126715,-34.32948927761102],[142.3182522108455,-34.33183895782017],[142.3216097612379,-34.33693615788479],[142.32703186113883,-34.338755997962984],[142.33370006088273,-34.33930210821597],[142.3439770015321,-34.3380168181669],[142.34861532134764,-34.33657579771585],[142.3526419612182,-34.33273728763393],[142.35740500133113,-34.33146898774894],[142.36043866145295,-34.32900148781337],[142.36513461088887,-34.327119727724174],[142.3688346412885,-34.32699213786205],[142.37055202068572,-34.32945440759885],[142.37450108115004,-34.33177880770472],[142.380380071391,-34.331131907678575],[142.38570240080318,-34.33400127779514],[142.39220534107756,-34.33471503772173],[142.3967981711054,-34.338095748141086],[142.39768652137803,-34.34208341800719],[142.3957630909125,-34.344195497752786],[142.38875648142803,-34.34296180756459],[142.3860798809704,-34.344130668170976],[142.38436356068686,-34.34733508799086],[142.38632097082635,-34.355253838162525],[142.39149941079128,-34.36011219809154],[142.38896702137782,-34.36327267754393],[142.38332606133093,-34.363253818025164],[142.3786059013998,-34.35983379773563],[142.37273051070824,-34.35797314819807],[142.36931563073264,-34.35848564801134],[142.36399279107735,-34.361243457821004],[142.36343195128595,-34.3629814078836],[142.36665855156448,-34.365109307974606],[142.37146714075385,-34.36303692769291],[142.37641903099404,-34.362843187713736],[142.37828064119833,-34.365478207921086],[142.3772481014411,-34.36725127815807],[142.36862793085675,-34.369735878179306],[142.36810429119953,-34.371378387917424],[142.37032966070342,-34.37549587820277],[142.36975521143546,-34.379432168223396],[142.37065192143015,-34.38328965796354],[142.37401959134428,-34.38698435777895],[142.3724007912697,-34.38826702809732],[142.3679647109707,-34.385516908209226],[142.36389675129197,-34.385680037766406],[142.35986468110556,-34.39013071798099],[142.35209314088524,-34.39457553763282],[142.35172415069582,-34.399164688073874],[142.35647649097538,-34.40042633786402],[142.35184173118333,-34.40607515794482],[142.35335883118802,-34.408658007879005],[142.3589322612817,-34.409699507809066],[142.3598271414081,-34.41365306811752],[142.3526359613704,-34.41908151769863],[142.35161058118595,-34.421710977787356],[142.353498770743,-34.42383865762358],[142.35629298133253,-34.42394794776647],[142.36284296098842,-34.422072038115765],[142.3650658610236,-34.42481589790252],[142.36366728114425,-34.428053557563686],[142.35992479097447,-34.43137878808155],[142.36113027079696,-34.433096357708536],[142.36739859088198,-34.43500666751112],[142.367028000793,-34.436514478068695],[142.36240363091554,-34.43829832806924],[142.36093558072204,-34.442396287639646],[142.36517827080834,-34.44705813756847],[142.3621871315422,-34.45421993788638],[142.3606984515382,-34.45952352746303],[142.3580362914987,-34.46226788773276],[142.3539109115071,-34.46453583804584],[142.3528964710062,-34.467567277849305],[142.35396983110826,-34.47066131814782],[142.3579576610636,-34.472219727491265],[142.36359940084816,-34.4694524078319],[142.3711756212745,-34.471511247617975],[142.37628885073633,-34.469904857635264],[142.37786291111652,-34.46703279791877],[142.38028875135413,-34.467519957846335],[142.3841628312383,-34.478091127873896],[142.38261761127035,-34.47924101812745],[142.37821183114593,-34.476549288016386],[142.37488065079864,-34.476951287794165],[142.37247485107662,-34.48065594789253],[142.3662893511692,-34.48332169781687],[142.36141626114576,-34.4878590181329],[142.35910796097144,-34.49326811784969],[142.35999299107084,-34.499667347946065],[142.36793458147608,-34.50342442767547],[142.37110874080324,-34.502712537966374],[142.37172875082587,-34.496935647953116],[142.3758413810287,-34.492236108162246],[142.3825122514639,-34.490991788126685],[142.39221176133685,-34.492269727970346],[142.3932654115033,-34.49557376754318],[142.3876433214673,-34.49820868818894],[142.3853583712022,-34.50420184753201],[142.38316502124826,-34.50692725777113],[142.37644312111502,-34.511827237732405],[142.37494214137814,-34.51528408792172],[142.37871444124235,-34.519109808130295],[142.38431934111702,-34.51910052806128],[142.3886401415139,-34.51654927812796],[142.3933825913422,-34.51611205744508],[142.39767995110006,-34.520666088020526],[142.39824534085844,-34.52386059772374],[142.38399957141863,-34.52381095757689],[142.36840820114165,-34.527088447839425],[142.36760073158385,-34.530014518151965],[142.3709419712657,-34.534774207537694],[142.3751117513886,-34.53423138760155],[142.37670481113705,-34.54098536770962],[142.3820501014879,-34.542980897976015],[142.38753052091536,-34.54588089742832],[142.38860901129604,-34.548154498096],[142.3924979313487,-34.549363587975265],[142.40080594096509,-34.54632896804545],[142.4031819615354,-34.54212672751883],[142.40585237080407,-34.54183902747252],[142.40666700083295,-34.54783506755936],[142.4106908415531,-34.553473968109834],[142.40966541106306,-34.55697093748716],[142.4070103108834,-34.56078422789469],[142.40637251152327,-34.565949348081325],[142.40884780132234,-34.56890995796485],[142.4116558208145,-34.56929679794038],[142.4180720610875,-34.56712145774945],[142.42360577127252,-34.56275141782214],[142.42646347119316,-34.562546737973136],[142.4294324508179,-34.56693034791257],[142.42864071076073,-34.57257524811916],[142.43017763119377,-34.57479345762679],[142.43474678163082,-34.57614649762787],[142.4435667114832,-34.575235467844756],[142.44704803085716,-34.57796696809732],[142.4497020710247,-34.58295340768659],[142.45493069088144,-34.58456833797656],[142.45838792103277,-34.58279165747752],[142.4583951111483,-34.58005457785101],[142.45160766094872,-34.57279568801743],[142.44860039153332,-34.56000474761625],[142.450973971381,-34.55797929782181],[142.45478736108458,-34.5575912681086],[142.4605603609018,-34.560506957514924],[142.4647007014362,-34.561665637777246],[142.46796778159808,-34.56429540763902],[142.46986597120076,-34.56964666783207],[142.4727941008362,-34.57527851805446],[142.47156750162142,-34.57804797774126],[142.46687258075653,-34.58135961786174],[142.46598741141827,-34.58310150777546],[142.4586918309748,-34.58579933759248],[142.45840550106283,-34.58781803809188],[142.46100983115758,-34.58959929752092],[142.4671265111311,-34.58928696813709],[142.46958304141214,-34.59040255773372],[142.47117849157755,-34.59338597760135],[142.46909652104074,-34.59744615773123],[142.46948583112197,-34.600665027922744],[142.4679260710228,-34.602500707829314],[142.46297763121163,-34.60388113813911],[142.46158282156154,-34.608293628122226],[142.4682502011436,-34.6122351177272],[142.4631471316276,-34.613847348100926],[142.45871278148394,-34.61691211813851],[142.458639531059,-34.61958200804419],[142.46303859088678,-34.62319470750023],[142.46411336134383,-34.625697527586226],[142.46201763131188,-34.628414217864865],[142.45414972162456,-34.63011779746504],[142.4523269410984,-34.63349832777079],[142.45406918137112,-34.63550186765878],[142.457332811104,-34.63622482785578],[142.46133285096067,-34.63445924767631],[142.46554296094826,-34.63441323761884],[142.46702430081808,-34.637997677910114],[142.4720257511125,-34.64012399801853],[142.47450913113897,-34.63927795789198],[142.47996233161336,-34.635501457447305],[142.48298796079655,-34.635712668043986],[142.48404008113206,-34.63812539755977],[142.4800819216322,-34.63977400809818],[142.4757872909562,-34.64306762774938],[142.47162230154868,-34.65201012742922],[142.4721423416566,-34.654734427935665],[142.4715822411786,-34.666868858109495],[142.47435128097388,-34.67193441809839],[142.4790021313893,-34.67355069806516],[142.49081776125456,-34.672996477816554],[142.49614921126184,-34.669346967734185],[142.49559047083324,-34.667104128120734],[142.48865590084463,-34.66715746777757],[142.48712949159872,-34.6632718180499],[142.48953910107576,-34.66254359790343],[142.49577963087924,-34.664879167997825],[142.50166265096257,-34.66384203777029],[142.50413521078147,-34.65781930768804],[142.50869135091818,-34.65705004762107],[142.5111705816264,-34.658277547441614],[142.51605005148502,-34.664339177860576],[142.5138265810196,-34.6666661880989],[142.50410097149444,-34.667554558034304],[142.4980382811678,-34.67243003795872],[142.49726673164494,-34.67655569772008],[142.4986461711205,-34.681024577808934],[142.50016281118778,-34.68250269785176],[142.50573079120258,-34.68140319809518],[142.5078072110492,-34.68261337804168],[142.50949101142112,-34.687104967794376],[142.51352121131524,-34.691321577956415],[142.5120126812384,-34.695308327919946],[142.5082197416822,-34.69738324748192],[142.50130440103058,-34.698177837864634],[142.49890239130085,-34.70066438781563],[142.49974410104392,-34.703138137667224],[142.50451813114609,-34.70414393791771],[142.5123436915559,-34.70052458750505],[142.5185814814978,-34.701944167873165],[142.5188981511101,-34.70402188763577],[142.51510041095713,-34.70757446781741],[142.5098950116522,-34.713660577413286],[142.5126179813482,-34.718453677753374],[142.51304480148235,-34.72312158758646],[142.5092016712547,-34.727417878056],[142.5012915012231,-34.73346501771985],[142.4995710612657,-34.73919380762735],[142.50461803099216,-34.74124416777781],[142.50914804093392,-34.74060033754688],[142.51273144126353,-34.74306939762483],[142.50803103169216,-34.74637957778731],[142.5087370509116,-34.75008462784755],[142.5152118811041,-34.753145557832696],[142.5191736814758,-34.756392687828495],[142.52528834113824,-34.75977141776536],[142.52804926106168,-34.75947710744282],[142.53437789133997,-34.75384324792442],[142.53670415153172,-34.759815377359054],[142.5391502209313,-34.76304126794424],[142.5475736514853,-34.762027657501285],[142.55049596093602,-34.76310055808958],[142.55012191143487,-34.76830641750973],[142.55148916167036,-34.77068397753354],[142.55674445160952,-34.775373677594146],[142.5596664915657,-34.77506074805013],[142.56180811113566,-34.77306121744266],[142.5626095610827,-34.76986936762079],[142.56585156118012,-34.76724778779055],[142.57650095143114,-34.77152361802217],[142.5857920009377,-34.770420527375464],[142.5960811011827,-34.77294055801686],[142.6053590110316,-34.78008952762404],[142.6107488811767,-34.78324625753054],[142.61578026153975,-34.785260587652424],[142.62101206143254,-34.7858870978407],[142.63221229142925,-34.7841360980026],[142.6386893512403,-34.78075263770429],[142.64443931106706,-34.775337327838585],[142.64551997087915,-34.77142758766945],[142.64637738137677,-34.76398640790584],[142.64284952118624,-34.75886580802698],[142.6366431614996,-34.757715927673146],[142.6280273414562,-34.760478677664786],[142.62440486081846,-34.76027460740311],[142.62170419090106,-34.75849287744791],[142.61922173164774,-34.75445404795656],[142.61976905089583,-34.746125538024636],[142.61655114091934,-34.737954227927226],[142.6165954009134,-34.73181331811381],[142.6178554309315,-34.729217828094114],[142.62349039113053,-34.72751984752552],[142.63177875099842,-34.73359448746518],[142.63733379078158,-34.735043727867925],[142.64167662146252,-34.732072897478716],[142.6489853613265,-34.730531507819535],[142.65494754095263,-34.72774566773152],[142.66032616149545,-34.72201005784227],[142.6632846613741,-34.72251069765386],[142.66402951117,-34.729163757656394],[142.666036450821,-34.73433654765665],[142.67005657161758,-34.73742043782796],[142.67952052076512,-34.73908544797667],[142.68608865088132,-34.73553258784169],[142.68600317079216,-34.73294590752344],[142.67778847098097,-34.730165057606555],[142.67594055110158,-34.726800398010944],[142.67773538144596,-34.723205137886616],[142.6809464615314,-34.72161001768435],[142.69009002114296,-34.72660486796509],[142.69838923086277,-34.725506627505546],[142.69955942126762,-34.72292059767574],[142.69676211149036,-34.72016447795606],[142.6888129213378,-34.717506877435845],[142.68482500155096,-34.714703867461935],[142.6845641810981,-34.71153364779266],[142.6860387216195,-34.70833040776567],[142.69049703162852,-34.70475219784049],[142.69006825137035,-34.699240058023804],[142.68293327083515,-34.69193627759075],[142.67990551084813,-34.685801747732114],[142.6789290807618,-34.68015282804863],[142.68245385074778,-34.67149345754363],[142.68631505148574,-34.67084499791161],[142.68919283144788,-34.67175187791412],[142.7018687015039,-34.67840101753495],[142.7068814409265,-34.679611267951984],[142.71043525075066,-34.67674830758943],[142.71093905111485,-34.66834686803864],[142.70978925156854,-34.66390882763828],[142.70548247117833,-34.660362527793446],[142.70150021077777,-34.659327167611664],[142.69543530161235,-34.65997073793783],[142.68933571118882,-34.65139056750376],[142.69245739093708,-34.6482275180838],[142.69736359106525,-34.6405674476743],[142.69510107083448,-34.635531317880634],[142.69831059144454,-34.632448487748384],[142.7013534808576,-34.62388554778131],[142.70760725092995,-34.62350812761483],[142.70890628130613,-34.62199459756234],[142.7075443410123,-34.61887596807559],[142.70211014080454,-34.61981758820379],[142.69535144118564,-34.618919917539934],[142.6902173214019,-34.61906330795758],[142.69082381088106,-34.61562860751238],[142.70054384097006,-34.615754948066346],[142.70420712129138,-34.612493878089595],[142.70184794143773,-34.60644965770526],[142.6995452009367,-34.6031546375695],[142.69978096108807,-34.599743068132376],[142.70341005152966,-34.597510427760724],[142.71482138112657,-34.60044318751701],[142.71782997106544,-34.5988047681701],[142.71871245084773,-34.59560064792654],[142.72118587125266,-34.59287884822619],[142.72463203146475,-34.592388367902174],[142.7282135408407,-34.59684590808307],[142.73211165155703,-34.59972997785567],[142.73716366083227,-34.60146139767352],[142.74644403116667,-34.60306002805735],[142.75468964110846,-34.60211218789856],[142.75967906116455,-34.59982227820077],[142.76351741145666,-34.596737157990376],[142.7637092008715,-34.59137883785099],[142.76036515125946,-34.58843370801949],[142.74916866094932,-34.588973447668764],[142.74551779085365,-34.58592410758987],[142.74550417149558,-34.58319233781024],[142.7482909009155,-34.57675984796475],[142.75079190139635,-34.57646249770316],[142.7569376212081,-34.57944872789319],[142.76061752126043,-34.57972920791829],[142.76534236141418,-34.578407707771575],[142.772972860745,-34.57838718826489],[142.7805443811858,-34.5791785076886],[142.7841210414558,-34.57820657822277],[142.78355262078168,-34.57609605803751],[142.77264597099963,-34.57224277754137],[142.7699911807388,-34.56888216769507],[142.77163036089223,-34.56600017775186],[142.77660996146398,-34.567460537541294],[142.78146767143141,-34.565083497565325],[142.78261375105407,-34.561755747758255],[142.7871946307937,-34.559362497777734],[142.78871893079534,-34.55725736822269],[142.7880010313563,-34.55121789825219],[142.79018930133722,-34.54654235808189],[142.7930741609221,-34.5504672175662],[142.79592871134935,-34.5519580379907],[142.80108911134673,-34.552224628116704],[142.80540821123282,-34.55390096771747],[142.80912506078943,-34.56196960793535],[142.80289441065747,-34.56465852827246],[142.7964354608826,-34.571948818115054],[142.79677864067727,-34.57421587780415],[142.80131102127305,-34.577638317847445],[142.80029774139553,-34.5796819382808],[142.79131914121615,-34.5812241781541],[142.78595916071544,-34.583718208123976],[142.78609311120243,-34.587908667731995],[142.78794657099218,-34.59069974793415],[142.79611425118472,-34.597449557762346],[142.79960668092212,-34.59749456786094],[142.80212120104798,-34.58974930779694],[142.8051912609051,-34.58827047756384],[142.81063812107024,-34.58930572782662],[142.81142681134696,-34.591419807585424],[142.809029821403,-34.59603466767955],[142.80441325069881,-34.599301867807924],[142.80267691145917,-34.605009837835375],[142.80537231096073,-34.60862158781551],[142.81556188146558,-34.611310417771506],[142.81770361152832,-34.61250471806807],[142.82005182115574,-34.61066639806387],[142.81856779083162,-34.60563021815458],[142.8190998414148,-34.602024867860145],[142.82283237106478,-34.60017489821898],[142.82515739068316,-34.602781918220145],[142.8240820713554,-34.60745946817761],[142.82822399112814,-34.61035483770097],[142.8355693714759,-34.611128138157234],[142.83823982116877,-34.61304446765569],[142.83967366082135,-34.6172334878284],[142.83946662070792,-34.623658897922894],[142.84067935083308,-34.625751747671714],[142.844256560872,-34.62667224776427],[142.84643782129882,-34.62507048760128],[142.84690489134763,-34.62119056803371],[142.85028397076417,-34.61913772763677],[142.8543409009278,-34.61961709782788],[142.85617479091914,-34.62115803819043],[142.85949833109493,-34.62663925807059],[142.8615056210888,-34.62821442756911],[142.86678829077957,-34.62725516799552],[142.86206778140377,-34.633703677686654],[142.85741183125248,-34.63599343775922],[142.8551791009531,-34.639774608232514],[142.85674238154994,-34.643541268044494],[142.8603305707983,-34.64456853782971],[142.86002332092002,-34.63980179756529],[142.86394406109665,-34.639705867694154],[142.8643806207652,-34.64400175804216],[142.86941477153255,-34.647228247627595],[142.8718003915,-34.65007323758196],[142.8719087714424,-34.65236893776974],[142.86782621144536,-34.65889082760615],[142.86128369139956,-34.66240267809592],[142.8621013613274,-34.6667469678668],[142.8657299711703,-34.66661923763486],[142.87028470095197,-34.663797668047884],[142.87259228067745,-34.6647035375971],[142.8723041810843,-34.66916200812418],[142.8740454709395,-34.673405357639666],[142.87698874078083,-34.67499740761754],[142.88118264066907,-34.67301048814352],[142.8864567907376,-34.67208504791226],[142.88707893066575,-34.67372358804827],[142.8852188413092,-34.67697658756197],[142.88675802100525,-34.67978024777063],[142.89286372087105,-34.67950525767789],[142.89393968069757,-34.67683948800851],[142.89091988068225,-34.674273557696964],[142.8925072810444,-34.671709948241485],[142.896767791011,-34.67324139814425],[142.89996404080932,-34.67174901803245],[142.89936480073445,-34.66882988805749],[142.89432497081788,-34.66737916825462],[142.89515355078478,-34.66389683805004],[142.8994869608333,-34.66347594824406],[142.900975870806,-34.66101474768105],[142.90056643127596,-34.65818642787189],[142.9020883615219,-34.65450209781689],[142.91118274106657,-34.650850748115985],[142.919309850646,-34.65032996818686],[142.92356051148383,-34.64787547762013],[142.92471302124727,-34.64959200818074],[142.92117846142133,-34.654711247861805],[142.92294739153948,-34.65684725827196],[142.9317775208636,-34.65519291825201],[142.93421148097306,-34.65982830787076],[142.938045160924,-34.66158146804702],[142.94189470152955,-34.66120283768727],[142.94433069093327,-34.66290590776767],[142.94581232095894,-34.66728213765799],[142.94886712113436,-34.66967488778043],[142.95193737143433,-34.66955721809021],[142.95683741091625,-34.66539254777348],[142.95852126069553,-34.67183903813551],[142.96163310119653,-34.67385185771572],[142.9633395211473,-34.67660853780376],[142.9641109008885,-34.68117264770323],[142.96753380102294,-34.68892533825212],[142.96769487075,-34.69167083759077],[142.96987273105344,-34.69384277777308],[142.97351588102757,-34.69519753766541],[142.97624749071994,-34.69438870810714],[142.97883812150658,-34.688763917922714],[142.9824274013097,-34.682740468274055],[142.98221256112467,-34.67922417805998],[142.98010744100299,-34.67588640776039],[142.97619764140813,-34.67301425816515],[142.97676249127906,-34.670148817854226],[142.9847457913612,-34.66903091776436],[142.99072891071668,-34.66354462769725],[142.99069926092236,-34.667595108191314],[142.9930558509331,-34.67249374827588],[142.99647512097545,-34.67400296794131],[142.9986953610991,-34.67066311803586],[143.00086289077677,-34.66967545814569],[143.0125881914469,-34.67097004789816],[143.01616836143475,-34.672353428298706],[143.0174489808392,-34.675659117678656],[143.00800690117723,-34.685967068104695],[143.00803593113397,-34.69078112794571],[143.01017946142048,-34.69365794820957],[143.0138638413712,-34.69479622817239],[143.0186393114727,-34.69411312764864],[143.02257473101943,-34.69165863782161],[143.02360186112202,-34.68363540784029],[143.02679816122605,-34.681779087866],[143.03276634069996,-34.68304108776127],[143.0297731613598,-34.687400607659555],[143.02920581147748,-34.690538597993154],[143.0306592209285,-34.6937330779468],[143.03573176119954,-34.69849900780004],[143.0371522608701,-34.701225108075185],[143.0400440311945,-34.70251107787655],[143.0431176807195,-34.700980958100125],[143.04430022116287,-34.6984637076765],[143.0390925913411,-34.69443971765288],[143.03745443077548,-34.68906658816855],[143.0404216910248,-34.68588839825774],[143.0433433114677,-34.68663284771148],[143.04378312124092,-34.692089117889545],[143.04695166070772,-34.697084838180075],[143.05249981131095,-34.6993986381386],[143.05792138120583,-34.69748607822853],[143.06552041075562,-34.6883235677263],[143.06685426073048,-34.6796366978688],[143.07164271148784,-34.679528328132506],[143.07171315108425,-34.68892165759201],[143.0759415813137,-34.69564762792199],[143.07960208134918,-34.69797438774227],[143.09000113089348,-34.70128552822733],[143.09411422103375,-34.7007550876948],[143.09608989122793,-34.69728609767876],[143.10031673143942,-34.69478805787834],[143.10393387069445,-34.694085538088096],[143.10825908092107,-34.6894578083098],[143.11089626060908,-34.68112665766253],[143.11414345117223,-34.68178261814737],[143.12031791078485,-34.686805287868076],[143.1135079613807,-34.68597694781252],[143.11044874149405,-34.688860927784745],[143.1104371514303,-34.691412587955774],[143.1063763414429,-34.699579017682986],[143.10959584143748,-34.701696097690274],[143.11273697060994,-34.69900905804439],[143.12078019101656,-34.69422620826417],[143.12547165067272,-34.69243147786424],[143.12682322081494,-34.69491426822482],[143.11924311068336,-34.69730026785816],[143.11734377123713,-34.70201245797857],[143.11992830066632,-34.703617398069504],[143.12578146074955,-34.70112623830436],[143.13379220077047,-34.701049297743836],[143.13353443099632,-34.70503876792994],[143.13723373106552,-34.70964403759901],[143.14653594124115,-34.71472759784654],[143.14867454067513,-34.71340966767575],[143.14743545128462,-34.70982520784772],[143.15242546063553,-34.70648252792163],[143.1547490510343,-34.70389002828667],[143.15575033121627,-34.69998656831904],[143.1587015008422,-34.69803200816345],[143.16168944120759,-34.69791591793332],[143.1653998210976,-34.700807147947764],[143.16600028108462,-34.707089377874546],[143.163976500717,-34.71279617760458],[143.16429017085466,-34.717289407776185],[143.1698085207467,-34.719968018117534],[143.17389514112875,-34.71883129761756],[143.17619668148058,-34.7124973180657],[143.17973710101705,-34.709702278321096],[143.1811698213688,-34.71187643831877],[143.1779116506979,-34.71502708805117],[143.17928224086958,-34.717328597827155],[143.18411094064328,-34.71494311819212],[143.1914675310675,-34.71279148783345],[143.1935468713371,-34.71297944768605],[143.20008569122223,-34.717062748253774],[143.19718004102845,-34.7194862976871],[143.19734359100397,-34.728138257613956],[143.2009132210586,-34.73344702814569],[143.20313662145537,-34.73451572814939],[143.2072918910915,-34.733899537684906],[143.21550930111988,-34.72959415774485],[143.21884749102134,-34.72947026830856],[143.22245352081129,-34.732415667824284],[143.21485748085476,-34.73544804822613],[143.21464582070587,-34.739382638318574],[143.22133914093834,-34.74340782776],[143.2190773914621,-34.75243207808702],[143.21995622138937,-34.75522887774275],[143.22460958079944,-34.758811407908055],[143.22898135070722,-34.75759548788811],[143.22735758115243,-34.750665287648026],[143.2294283011886,-34.74732593815278],[143.23556043128673,-34.747501968228185],[143.24293649089805,-34.74682537779396],[143.24352381122745,-34.75343365774536],[143.24555237063237,-34.75654443774806],[143.24892617065,-34.75785609771972],[143.2527972007538,-34.75682438820699],[143.25754422121028,-34.75295736824797],[143.26231328093397,-34.75176434812189],[143.2656680708035,-34.74848654770599],[143.27349779131148,-34.75335699761],[143.26858318115563,-34.75301697783893],[143.26740812098356,-34.7553059679],[143.27140072099309,-34.75964967764996],[143.2660921313132,-34.763272357652035],[143.2625944913471,-34.764746278220585],[143.25776107092662,-34.76517260830787],[143.25428142062245,-34.766646418199784],[143.2524453414368,-34.7693053878974],[143.2526546713559,-34.774580037991136],[143.255823491097,-34.777745697879205],[143.259020241257,-34.77861302783221],[143.26145721072268,-34.77750617815313],[143.26318058098457,-34.7735993078248],[143.26651350136856,-34.77526373766772],[143.27354462138558,-34.77701786766258],[143.271890630708,-34.779723627820346],[143.2752254007232,-34.7812675879024],[143.27587719134388,-34.783165598160224],[143.27382388065791,-34.785732987855695],[143.27356545062207,-34.7890808577698],[143.27586642144195,-34.79177318814822],[143.2836630507098,-34.79521517796011],[143.28720467129386,-34.79317012772282],[143.28415562123456,-34.78586031800157],[143.2875003706342,-34.78503049797687],[143.29224990098362,-34.790325597692515],[143.2952660807883,-34.789552547776815],[143.29759702120273,-34.78498948819821],[143.3015873511695,-34.78347324826391],[143.3074944712552,-34.78006381796858],[143.31166612077223,-34.78018601789278],[143.3135909912372,-34.78237900801305],[143.3129962310606,-34.78659573785937],[143.31504184138797,-34.78940557790392],[143.3217311811854,-34.79094379795642],[143.32601747100406,-34.78740093772416],[143.33079149122472,-34.78746700811722],[143.33155930106096,-34.792144807908116],[143.33555319105116,-34.79355688782025],[143.34506153134686,-34.79074344816945],[143.34925289079948,-34.79244200793473],[143.35154678109834,-34.7960042880824],[143.34710978092448,-34.80503021765407],[143.34755878136139,-34.807301977763714],[143.35196992083482,-34.810654607596206],[143.35723786084984,-34.81236087819567],[143.35939024133856,-34.81728909801685],[143.35544939147596,-34.81924319773807],[143.35198516075357,-34.822612828093106],[143.35182867063787,-34.82525566759854],[143.35409918138308,-34.829388597758225],[143.3509176010733,-34.833541388238736],[143.35124283073205,-34.83881666805607],[143.34654713102773,-34.84257005761636],[143.34167807084668,-34.84530576810551],[143.34290924068964,-34.848180067612994],[143.3473845513154,-34.84643450792447],[143.34870059129148,-34.84782630764706],[143.34539934101284,-34.85283428805969],[143.3458507210869,-34.85491070819663],[143.35254636076948,-34.85806975806739],[143.34958893078436,-34.85998582791593],[143.34868339124873,-34.86441065789415],[143.34348648102326,-34.865919417732364],[143.33840347088756,-34.870313017811064],[143.33726760151643,-34.875004217564175],[143.34271576064546,-34.875834278113004],[143.3407214809518,-34.87805932762469],[143.3418170213565,-34.88149015763965],[143.33891221108743,-34.881757297688715],[143.33228775121307,-34.88504970801911],[143.3275475310033,-34.882737338278325],[143.32326945088803,-34.884978187747414],[143.32162712124125,-34.8882867580683],[143.32235630082533,-34.891790427719464],[143.32824361126245,-34.89613754766102],[143.32576091126057,-34.89778892782594],[143.32765879094444,-34.90127004793396],[143.33209775124226,-34.904451858011576],[143.33164528151175,-34.907467698097044],[143.33317593080582,-34.91112683779478],[143.33681480120592,-34.91398833807132],[143.33994449123156,-34.913272118223766],[143.34219960125958,-34.91915873800748],[143.3396540811716,-34.92325793766512],[143.33938043097984,-34.9283026178048],[143.3423024511731,-34.93159535779603],[143.34096045078365,-34.93582226790436],[143.33768131073907,-34.936852637918115],[143.33720745122338,-34.94015376762228],[143.34118343150178,-34.94052471819322],[143.3370971812256,-34.94528952752253],[143.33420024109677,-34.94136592822228],[143.3285165814295,-34.940202698082494],[143.3275635012524,-34.94223895800247],[143.32413331128944,-34.94373332789106],[143.31973786089245,-34.948404857829],[143.3222256309858,-34.94965276798018],[143.32121285146985,-34.95215399822541],[143.3172199810674,-34.953358847645106],[143.31949545141137,-34.95567166775226],[143.3187727414939,-34.96006691771948],[143.31964608091818,-34.96204006771954],[143.31959483113292,-34.9685121977411],[143.32324139111185,-34.97063921753019],[143.3214943709035,-34.97352582808734],[143.32378802135207,-34.979247957774746],[143.32306896128966,-34.98161584793884],[143.31811010102123,-34.986117267683476],[143.31799844132976,-34.98973559795706],[143.31961827087366,-34.99362105790989],[143.32370302096325,-34.99406936749433],[143.32614512070762,-34.99276439782849],[143.32990990077454,-34.995898158063795],[143.33056289154442,-34.99804990793601],[143.33583022070505,-35.00298614759821],[143.3380086613202,-35.01057618750186],[143.33478615107117,-35.01450842792136],[143.33331776131448,-35.01818739753154],[143.33490441158332,-35.01976692809954],[143.33186388114623,-35.02380437820356],[143.33419981080377,-35.02568535808603],[143.33487742080234,-35.03454994809168],[143.33598704140084,-35.0373756380806],[143.33048619158882,-35.037428987573875],[143.3276603710811,-35.03386475767316],[143.32270484086735,-35.03551081776538],[143.3255471912747,-35.039916627829264],[143.32515832136798,-35.042725607644556],[143.3286793211247,-35.045900038154144],[143.33322938146352,-35.04637124813582],[143.3311118609977,-35.05485695751143],[143.33502626086513,-35.05334392794377],[143.33415552116526,-35.04967743797699],[143.3367719407871,-35.04814808753669],[143.3396507511168,-35.053334157727434],[143.3398837911695,-35.0559783881649],[143.33682370081544,-35.06019649811883],[143.3384658409177,-35.06195589764629],[143.34455376132743,-35.061631627844314],[143.3480985610493,-35.06259650765863],[143.3508917610342,-35.06492752811584],[143.34708742095873,-35.066080617601436],[143.34114838103602,-35.06467773803738],[143.3390361615287,-35.070384198113544],[143.34364084123342,-35.07184584789517],[143.34552025155514,-35.0740558676896],[143.3428281111414,-35.076742368041494],[143.34311689075918,-35.07898097811147],[143.33795908150304,-35.07995263810445],[143.34135562147375,-35.08249464813335],[143.342684791226,-35.08583088751343],[143.34110710075376,-35.088849048073484],[143.34600078106183,-35.09311985799292],[143.34443587092116,-35.09947324783877],[143.34698758129977,-35.104778667826224],[143.3492912407773,-35.10529142772495],[143.35312257073542,-35.099645867980065],[143.35953808157646,-35.10214495759556],[143.3577050413914,-35.10490778758344],[143.35974824153885,-35.10843995751941],[143.35881171102423,-35.1109481579786],[143.3621357210189,-35.11436120796021],[143.36218662135954,-35.11711064796102],[143.36635324120925,-35.12041909780626],[143.36920697147463,-35.11994042753781],[143.37405070096133,-35.12291860775216],[143.37665077124495,-35.12903438778096],[143.3792484412301,-35.13178608755965],[143.38658497137575,-35.13715472776146],[143.3863654410866,-35.14194930760747],[143.3900799613117,-35.144400437800826],[143.391141381007,-35.14671539744335],[143.3890737915996,-35.150622628054585],[143.38296170111883,-35.154693867768806],[143.38294332158816,-35.15754961757375],[143.3863838610415,-35.15887337771252],[143.38471830096142,-35.16691404809544],[143.38244866158198,-35.17029516797936],[143.3829611208072,-35.17420317747264],[143.39026412133487,-35.17121415809992],[143.3919299509095,-35.17548305796105],[143.393906920966,-35.177016517900846],[143.39163736153665,-35.18029256768935],[143.3869696416585,-35.18346285790177],[143.38894674107237,-35.186319007850145],[143.39637987155206,-35.19311381800217],[143.40049848094142,-35.18988297760446],[143.40421556136508,-35.19371584740288],[143.4117581012565,-35.19335544751329],[143.41785495092017,-35.19482817802756],[143.4246449110126,-35.18976306811641],[143.4267135613304,-35.189807937655],[143.42821627122242,-35.19339954791945],[143.43164055116918,-35.19503708807624],[143.43390973150943,-35.193383578015016],[143.43350591094148,-35.19117404753032],[143.4391616114438,-35.189385177932195],[143.44641118107666,-35.18992443770842],[143.44866227114375,-35.189037188040174],[143.45000149124746,-35.19346985759983],[143.4523461309699,-35.19549778796576],[143.45597155089527,-35.1963530578074],[143.4582252011609,-35.19883167771448],[143.45866724145094,-35.2022727676429],[143.46073728146243,-35.203744598061775],[143.46487462162384,-35.20329194800983],[143.46584882119328,-35.20764947760638],[143.46612999118224,-35.2147425778137],[143.47148147092543,-35.219293527887274],[143.4842806311609,-35.2184446775041],[143.49232149079495,-35.21989728744255],[143.49779460152925,-35.21819532799866],[143.5009075712126,-35.21811793787027],[143.50515076076215,-35.21382442781448],[143.5072199509674,-35.214141997446866],[143.51306435157835,-35.2124751780609],[143.51978540100703,-35.21272044755767],[143.5227829713123,-35.2183070376112],[143.52488771144655,-35.21975345757443],[143.52948482104844,-35.21980140749699],[143.53584261153915,-35.21709553756948],[143.54316906079066,-35.21648228760046],[143.54956325101674,-35.212601907552376],[143.54641759074192,-35.207391837589114],[143.5470228710888,-35.20617279797194],[143.55354225143117,-35.20566394788801],[143.5591292209328,-35.20283601799944],[143.56392687133703,-35.20262695771351],[143.5708275712461,-35.20690481817774],[143.5748719914711,-35.21134740751466],[143.57948548095385,-35.21380274755512],[143.5809113911774,-35.218937227950704],[143.57588947097258,-35.22638846744008],[143.57623542117167,-35.23031810816184],[143.57381515138712,-35.23487908744767],[143.56531604136376,-35.23571826777605],[143.5641793715937,-35.23799118793742],[143.56650365100023,-35.240626768032456],[143.56366280077947,-35.24330504746712],[143.5699258010414,-35.246394478149135],[143.57022139078734,-35.250835987848596],[143.57407624133458,-35.256505787673774],[143.57203709079243,-35.26067161787257],[143.57099268159533,-35.265524587440694],[143.57257616081128,-35.26887312749179],[143.57601439159436,-35.26548256744423],[143.5807922215701,-35.26944592756512],[143.5819866709792,-35.272194257645026],[143.58560752117472,-35.27343892808639],[143.589740781188,-35.27222691743862],[143.59077948159148,-35.27377166765641],[143.58442112156885,-35.27878948806669],[143.59028144122496,-35.280352827627794],[143.59086009101523,-35.28165928797115],[143.58212638146378,-35.28778906775353],[143.5814672210645,-35.292609837688055],[143.57978759157044,-35.29590071760844],[143.57673101093417,-35.299003407473705],[143.577937101611,-35.303196808043715],[143.57414258101997,-35.30339814744575],[143.5706789512706,-35.301309387891294],[143.56901886103222,-35.30244740793817],[143.57251230137436,-35.306026367541136],[143.56807142137683,-35.30808263784229],[143.566138881096,-35.31443088751348],[143.56288281158456,-35.318016157923374],[143.5637765014433,-35.32219642805592],[143.5614885211607,-35.32529483772918],[143.5640534313841,-35.327283157536115],[143.56392852154215,-35.33259788776668],[143.56226089084538,-35.33771023755183],[143.56683806144122,-35.343646747401166],[143.57035360123763,-35.34266403802103],[143.57207606150612,-35.33759651754123],[143.57571658121302,-35.34094854744908],[143.57869782104473,-35.33971276777798],[143.5819930409329,-35.34110953781467],[143.58445342139322,-35.34600308765282],[143.58941702117312,-35.34714957771243],[143.5906361410149,-35.350469527523856],[143.59625120083547,-35.35045282802125],[143.5987260208156,-35.35242579775424],[143.59749593164597,-35.35463060741513],[143.59971276086642,-35.35645453744454],[143.60375936130265,-35.3621365678252],[143.6030150415127,-35.365407457657255],[143.6084572007939,-35.366580447522544],[143.61020986152394,-35.36994226752428],[143.61283589132265,-35.36787981760964],[143.61596352151136,-35.36879488797739],[143.61654224137027,-35.37219364773511],[143.61336867133784,-35.37613002765902],[143.61566818149709,-35.37971009765563],[143.61936206113194,-35.382761647424466],[143.61955201079707,-35.38685592753291],[143.62494962082673,-35.387526897885216],[143.62448245106492,-35.38246956792326],[143.62765555127837,-35.381080748011435],[143.6297172414493,-35.38467593806142],[143.63255992153833,-35.38337771800491],[143.634639640897,-35.386581357559415],[143.63150469123536,-35.38878315746095],[143.62930774083378,-35.39218789754399],[143.6312408308836,-35.395512347806736],[143.63853194131005,-35.39738447808256],[143.6394546413626,-35.400047727698386],[143.64233874097278,-35.40103736774096],[143.6475110014268,-35.39854637736603],[143.64939561119738,-35.39532232759348],[143.65387376139776,-35.39487934786889],[143.6546560008724,-35.39132566795899],[143.65761672138643,-35.38492359741225],[143.66281151158785,-35.385096427605255],[143.6665405512829,-35.38653581771262],[143.6680782110294,-35.384606597671926],[143.66583433084082,-35.38245750747608],[143.6664096910005,-35.3767966478272],[143.66787472105807,-35.37116861738635],[143.67687096145463,-35.371752187645725],[143.6793593711484,-35.37364492767502],[143.6831588612196,-35.373894548039154],[143.68304211077543,-35.368697547790774],[143.68521982106023,-35.368289557643614],[143.68874831096974,-35.37128602809263],[143.6893148712329,-35.37728601759263],[143.6928584312797,-35.37788189772625],[143.69231750084984,-35.38181171759028],[143.69344264164152,-35.384052597473],[143.69670944152904,-35.38395643798887],[143.69795081084376,-35.381289827638746],[143.70332020119707,-35.37817919782151],[143.7039317508863,-35.38045099807501],[143.70130477156832,-35.38659739778561],[143.70334945124102,-35.38940854792478],[143.70589829150234,-35.38847052742031],[143.70961216134717,-35.38388740751347],[143.71203062102643,-35.385949777892655],[143.70913030143552,-35.3889373376155],[143.7085232208648,-35.3920359476413],[143.71749448090995,-35.39256050763857],[143.72703085133736,-35.39020904790722],[143.7304925416241,-35.39059261763368],[143.7320478110452,-35.39408282740214],[143.73687509148073,-35.392849297695264],[143.73909358078782,-35.39358407770554],[143.7464629910695,-35.38859888787867],[143.75100396135596,-35.38783544798746],[143.7515758010181,-35.39246491778191],[143.75374150082752,-35.39238605745627],[143.75769027113603,-35.39457922775377],[143.76247749120145,-35.3919749275473],[143.76471856145992,-35.393367327591605],[143.7628927410348,-35.400592727948016],[143.76790492080693,-35.40117923763116],[143.76704952163723,-35.40633988812014],[143.76881425123307,-35.407942827613574],[143.7649988214555,-35.41004962765229],[143.761547770815,-35.410282998081044],[143.75892903084483,-35.41500629791651],[143.7613926515284,-35.417373277908986],[143.76441944133487,-35.41563057791377],[143.76567170092576,-35.4181708574454],[143.76235383091608,-35.42171037779741],[143.7638438709694,-35.42358155776843],[143.7697353415046,-35.4220455180644],[143.77089431105324,-35.42343910801504],[143.77667917132712,-35.42406245742055],[143.78534469156193,-35.423439487938],[143.7901170813404,-35.42247744773272],[143.790470421081,-35.42507560769034],[143.7930439713008,-35.4267724676783],[143.7935069315572,-35.42906479749584],[143.796464061505,-35.42951890785349],[143.79970211081184,-35.433144197606566],[143.80311982137886,-35.43445695752201],[143.8085896011601,-35.43328243764698],[143.8142671612666,-35.43533590757442],[143.8180171110465,-35.43754510739972],[143.81890284093345,-35.43989307763527],[143.81246579118687,-35.444375237593086],[143.81302021161727,-35.44626549791367],[143.82152147130918,-35.44588620793347],[143.8224294012618,-35.4502015275258],[143.82702961094972,-35.45510127742368],[143.83356931118382,-35.45619523810749],[143.84147090140607,-35.45862293793731],[143.8460352611276,-35.46329238742652],[143.84969016106558,-35.46332237769791],[143.85392894078547,-35.461574797413576],[143.85610226100354,-35.464339197784206],[143.85381478108252,-35.468049997932674],[143.86042575095635,-35.47519828772832],[143.85819023138808,-35.4775149980676],[143.86111743126722,-35.4801064680779],[143.86482202151518,-35.47761434805615],[143.86795449092835,-35.48148525750394],[143.87291330089116,-35.48078638797336],[143.8749193916342,-35.482138267938616],[143.87566335119968,-35.485423317791174],[143.87960070122594,-35.48726857752315],[143.8860631508372,-35.485230067404146],[143.88832519136758,-35.48570378808691],[143.894670971383,-35.49238873762285],[143.89995921152683,-35.49541001787642],[143.903875511331,-35.495255767983906],[143.90476809087207,-35.49867713749463],[143.9072127813576,-35.499786197618064],[143.9114194615774,-35.49684301801656],[143.91222118101905,-35.49488849810791],[143.9171373515486,-35.496918757742094],[143.91668031118988,-35.49946140771559],[143.91910678114658,-35.50066583811284],[143.92204825076405,-35.499633227921045],[143.92361065101184,-35.50143029795427],[143.93225095104503,-35.50223228804696],[143.9327107510283,-35.50569265798159],[143.93585450148478,-35.50586416795803],[143.93675498081046,-35.50290054801511],[143.94258246075466,-35.501599068009305],[143.9458364111403,-35.50219082776003],[143.9480972515215,-35.5008327778055],[143.95306148102043,-35.503832758113624],[143.9589812413006,-35.504480437922545],[143.96100301123857,-35.503409008112776],[143.9600089912407,-35.49991068745034],[143.96350152158942,-35.49973710751551],[143.96548804163572,-35.502183367641216],[143.9703402512187,-35.50049857775164],[143.96874346076686,-35.505565837740676],[143.97234893090635,-35.50976996803457],[143.96920562152263,-35.51080399811577],[143.96554593086918,-35.50828211806288],[143.96363441116605,-35.50960216796205],[143.9628276512774,-35.51478364803001],[143.9709756916029,-35.520763547626856],[143.96939567090075,-35.52326880767614],[143.97151094108685,-35.524739787438996],[143.97432833090562,-35.53202186787794],[143.97787868131763,-35.53414178787402],[143.98628316101238,-35.53434678795355],[143.98957568146312,-35.53537679741652],[143.99203903085547,-35.534036867953766],[143.99580968141277,-35.53498991811653],[143.99693293125077,-35.5367669474357],[143.99563103165556,-35.54168073765692],[143.99922033122164,-35.54536727809279],[143.9961702409133,-35.5494029377636],[143.99241880082832,-35.550571757757],[143.98938570125523,-35.5531925776913],[143.99341638084962,-35.55645813794683],[143.99641427095517,-35.555882458093336],[144.00306505146742,-35.56080940758861],[144.0089842413173,-35.5632816679077],[144.01201062149204,-35.56049987777929],[144.00940991160795,-35.55806504744803],[144.01270155081139,-35.554073047859205],[144.01516034125365,-35.554683767405706],[144.0185564212869,-35.55292032765272],[144.0302958515582,-35.55576984764766],[144.03424979077283,-35.55592126772335],[144.03680520131212,-35.553316467991536],[144.0414781808262,-35.55580152741341],[144.04364816110802,-35.55467422782622],[144.04785034076824,-35.55617421756255],[144.0465494913036,-35.562766427865185],[144.05016018155322,-35.56476559780727],[144.05340532126257,-35.56500707780724],[144.0640487215473,-35.57137687807527],[144.06216789098917,-35.57352975759503],[144.06218863129243,-35.57669408780044],[144.06552804110606,-35.577388267708436],[144.06999265100012,-35.57990323759494],[144.07566905138157,-35.58096029802337],[144.08057019129976,-35.584531147698755],[144.0858401812702,-35.584334177714396],[144.092046090901,-35.5875394980006],[144.0963219108549,-35.587074677972794],[144.10073360099562,-35.58895643757916],[144.1018249211152,-35.59143415763299],[144.1049179913183,-35.59072433809254],[144.10619542080514,-35.595387577642214],[144.10335859144354,-35.5972482876252],[144.10951088153328,-35.598315118015094],[144.108843891418,-35.600903907912574],[144.11317784135397,-35.60190889746837],[144.11398848106637,-35.60545221781849],[144.11111971120653,-35.606663418064734],[144.11450555134385,-35.61041286781511],[144.11596922135206,-35.614522117810104],[144.11374713159725,-35.616154517458085],[144.11482223083777,-35.61971369793418],[144.1198771012471,-35.62126761789088],[144.11754620125697,-35.625926157561494],[144.12695912160478,-35.63372221783917],[144.13047671135672,-35.635689777896346],[144.13334809082238,-35.64121150781235],[144.13572032140053,-35.64003280792793],[144.13912767079904,-35.6416999980894],[144.14057051157076,-35.646439198023074],[144.14708919122717,-35.64725197738869],[144.15333669105894,-35.64606593739896],[144.15601065136792,-35.6491217078422],[144.1536825110023,-35.65031956798804],[144.15158754094503,-35.65365009808892],[144.15479139138898,-35.657646937450274],[144.15844937165008,-35.658193147629774],[144.15846112161407,-35.66159115765282],[144.1609248509937,-35.66374995804664],[144.16334218149066,-35.67189209758203],[144.16710110094868,-35.67085413784133],[144.17210832112218,-35.67199944800088],[144.1734395516097,-35.67432865739842],[144.17678856082046,-35.672397187622884],[144.1802074912996,-35.673486507519975],[144.18547117150354,-35.67049047768824],[144.18965836097664,-35.67675321775307],[144.18869479117197,-35.680913047796906],[144.19133055152182,-35.68072204756369],[144.1943195015936,-35.68337854775291],[144.1951384013151,-35.68585843802454],[144.20285748082108,-35.68657859757928],[144.20519241155196,-35.68741687800579],[144.21358928161789,-35.68676359792356],[144.2146918612212,-35.69158434751659],[144.21955796145343,-35.69239949810528],[144.21714693084155,-35.69532755762542],[144.2150489711911,-35.704491007414575],[144.21845587143198,-35.70788653783704],[144.22564479130838,-35.71026034765364],[144.22994285085386,-35.71506438781912],[144.23768969099712,-35.718595387889465],[144.24312762100996,-35.718909067768564],[144.24840988106888,-35.72149947782078],[144.2470772608876,-35.72456978800397],[144.24744151156565,-35.72907589809648],[144.2543969916391,-35.73478658766168],[144.25449538141723,-35.73899815759974],[144.25911185151008,-35.74203264739975],[144.26190247153343,-35.74576467807203],[144.2613447812354,-35.74913211752869],[144.26791908098096,-35.75377933767888],[144.27136354158057,-35.75296503795392],[144.27133119145057,-35.75099932792302],[144.27488538126204,-35.74599615737658],[144.27857842097208,-35.74371814738238],[144.27767532126077,-35.74102067756272],[144.281334541197,-35.74037334756129],[144.28622733127457,-35.736932437696225],[144.28879545117852,-35.73845952751138],[144.29668863137312,-35.73748348775708],[144.29742257112989,-35.739645207853584],[144.30118734131534,-35.74175777803053],[144.30009590082156,-35.74559096753746],[144.29451603160396,-35.750711227499046],[144.29493042085122,-35.75414566744698],[144.30009505101532,-35.75182818758854],[144.30486641132444,-35.75722610791328],[144.30799120104024,-35.75637675786434],[144.30938392120896,-35.7511441275604],[144.31386329132147,-35.75077558810021],[144.31279614127294,-35.75357289794691],[144.3142109312516,-35.75687640738425],[144.31663338124736,-35.75586688760572],[144.31790983157055,-35.75210077750107],[144.32314483126234,-35.75327201765424],[144.32752369157265,-35.75260335757862],[144.32879266162448,-35.75499307810408],[144.32164102093404,-35.75788932742532],[144.32262868085968,-35.761408647939604],[144.32187909155235,-35.76430322775912],[144.3186509614429,-35.766574717497164],[144.3223702508238,-35.76845133806861],[144.3250079614162,-35.76828472752954],[144.32755534101682,-35.76552916772606],[144.33258751099896,-35.76618175770441],[144.33402896117857,-35.76937737795897],[144.33775413093136,-35.76943286767634],[144.34332407107019,-35.77154810776771],[144.34656586096185,-35.76785210804585],[144.3491108609253,-35.76714207758954],[144.34923406127328,-35.77209311800959],[144.34763808110185,-35.77585252776598],[144.35222663155565,-35.77523256762007],[144.35314548142887,-35.778209177779324],[144.35139833096477,-35.782857578025954],[144.35240774090005,-35.7864400679521],[144.356179190958,-35.78946150782196],[144.36184420159998,-35.792100737926056],[144.36190738101217,-35.79520285787518],[144.36603875097015,-35.795059157804175],[144.36774222085356,-35.791716317469586],[144.37231591137595,-35.790230027667576],[144.37529207123475,-35.79122347765101],[144.37717548085607,-35.79450037774862],[144.3732241216029,-35.79757798746172],[144.37572645159037,-35.80121101772197],[144.37246844081966,-35.80539424807354],[144.37232211154804,-35.808149257386],[144.36730700147146,-35.809905188044794],[144.3678422716167,-35.812458757907564],[144.37717352163048,-35.81102236798077],[144.376829861237,-35.81473750755318],[144.37365022128827,-35.81283824749075],[144.36827008079598,-35.81356801772541],[144.36476046089732,-35.819647087643965],[144.36678501112112,-35.82435134783591],[144.37070330159202,-35.824338067507846],[144.37212237114466,-35.82258448748891],[144.37102226101,-35.819703187638176],[144.37601444158904,-35.82067755787727],[144.3823252412072,-35.818570857772706],[144.3828233714053,-35.82193472784042],[144.37938396113432,-35.82152623777622],[144.37553818087648,-35.824380637677855],[144.37311118091384,-35.83018624736215],[144.372581801022,-35.833482577932344],[144.3756119415445,-35.834567297562444],[144.37886836139887,-35.83248419794751],[144.38144096120115,-35.832675557427066],[144.38034984140586,-35.836906057805145],[144.3766509509684,-35.83528400757154],[144.37318624144405,-35.836966077432024],[144.3749143009117,-35.84061801762562],[144.38126333103182,-35.8424510974624],[144.38108412162418,-35.84419575802784],[144.38449347157083,-35.84655942742471],[144.3817976516577,-35.85009698804273],[144.38143324107955,-35.852423497948934],[144.38653818088798,-35.855085387487094],[144.3882369516841,-35.85190459778859],[144.39094524111167,-35.852369068072534],[144.38894242113457,-35.85705751791549],[144.38981259130256,-35.85922160748389],[144.39465904088794,-35.86066979794245],[144.39736690092084,-35.85946676763482],[144.40084692133087,-35.86038023782881],[144.40559920142337,-35.85996923738913],[144.4076247514721,-35.864068967678456],[144.4073024116936,-35.8661440780458],[144.40239944100887,-35.867426137615865],[144.40282689086212,-35.87027461736339],[144.4055271816904,-35.87134244793945],[144.40826117101994,-35.87002245793475],[144.41048174082528,-35.87222457790302],[144.40415346088992,-35.87407091750821],[144.40513293087514,-35.87799478738864],[144.40362812162022,-35.88066622787936],[144.40688071105822,-35.88382802735949],[144.41238507148634,-35.886893967477775],[144.41299602110095,-35.89160301736352],[144.4164738415369,-35.89263328775675],[144.41377033114662,-35.89673918782449],[144.4085384710667,-35.8988908875996],[144.40413493134056,-35.895019497632646],[144.40048091085322,-35.89306586790336],[144.39465146090356,-35.891635217382394],[144.38838602081728,-35.888462357332294],[144.38189628128603,-35.88436997735705],[144.37759859094817,-35.88538913800164],[144.37204165122813,-35.88422247793723],[144.37011025090942,-35.8853900477605],[144.36171540115456,-35.886296437497855],[144.35723699134107,-35.8889062473265],[144.35022348099855,-35.89130752776161],[144.3497969114943,-35.89372745769567],[144.3435616808527,-35.894326487475794],[144.34417262148415,-35.90063422800531],[144.34241438131795,-35.90738954731627],[144.34712029127377,-35.90687834796365],[144.34830468134825,-35.910054177657756],[144.3539066616983,-35.90844894743045],[144.35477499121822,-35.9123775273072],[144.3521491114382,-35.916140787535575],[144.3534102212313,-35.919532887379376],[144.35007011163012,-35.92102293794721],[144.3497662816381,-35.92430100741447],[144.3460356213822,-35.928128427887536],[144.34404082156405,-35.92635722745625],[144.3386361516746,-35.92521845752536],[144.33088286162757,-35.92756214780321],[144.33556753091855,-35.934196677694125],[144.30619944113747,-35.93415500732784],[144.30151441162207,-35.93028438769341],[144.3015122610553,-35.92874501731848],[144.2946582214387,-35.925450647581116],[144.28856378105667,-35.92365488793484],[144.28358317167684,-35.92456784773792],[144.26647164173338,-35.92930662773135],[144.2629641715032,-35.93146320787323],[144.26330723092363,-35.93313558796274],[144.26029620116046,-35.94186863751235],[144.2593112209093,-35.94663449792759],[144.26005030172448,-35.949007257413555],[144.2677341717629,-35.96006645755837],[144.27214779148485,-35.964080817963556],[144.28005698145438,-35.96999705776665],[144.28416133098696,-35.97429771758916],[144.28809720148797,-35.9807475574301],[144.29140238099765,-35.98442748787681],[144.28741753165238,-35.98546842780073],[144.28881468141378,-35.9880754479495],[144.28169170147245,-35.98895295764563],[144.27830195096868,-35.99273671755617],[144.2773753216851,-35.99576774784444],[144.27986725097816,-35.99856079745104],[144.27700054095533,-35.999577357907825],[144.27631153133578,-36.00327716743875],[144.27916127128458,-36.005979507858406],[144.28017107108874,-36.01357236732674],[144.28268100172184,-36.01434932783182],[144.2842632017368,-36.01725101786232],[144.29248632145715,-36.02023280743042],[144.2934540109357,-36.02454487724932],[144.2981145514781,-36.02836485725403],[144.30436346166485,-36.032345627898856],[144.30691583140688,-36.032257347690596],[144.3091572214655,-36.0369201575972],[144.30825936162725,-36.04070825752663],[144.31074012126805,-36.04359445781098],[144.31390773097854,-36.04265549763547],[144.31647817123084,-36.04420375736719],[144.3150982915808,-36.04668704732156],[144.31728851180424,-36.050404937832845],[144.3138325114466,-36.050544987734014],[144.31012918153493,-36.05254731746418],[144.30717867127245,-36.05569749751847],[144.3039332315258,-36.06130439722946],[144.30775464138827,-36.06485408747602],[144.30625091100998,-36.067873587802666],[144.3064457115776,-36.07199008772362],[144.3127885011015,-36.07497034791411],[144.31372308137364,-36.08565345744316],[144.31796858139015,-36.091067667443305],[144.31866803122986,-36.101198517564356],[144.31482144159006,-36.10027520774608],[144.30905316152135,-36.10537010722541],[144.3069356518353,-36.110161437612945],[144.30872736143237,-36.11303909781753],[144.30407149123116,-36.121025697528644],[144.30225854096918,-36.12543335740328],[144.29584224140737,-36.12284370731395],[144.29507618148924,-36.12578957785259],[144.29146498099655,-36.125661327299774],[144.28923662100104,-36.12918770762938],[144.29013623165585,-36.131874107550225],[144.28695026127932,-36.13835736725967],[144.28556964141745,-36.145004857591516],[144.28664607106285,-36.14932861752592],[144.28316955138743,-36.15233679775814],[144.2865240115753,-36.1534435176228],[144.28506459149668,-36.158453907298515],[144.28655602124383,-36.16321355726773],[144.28955340110622,-36.16368408773392],[144.28878478188784,-36.167145027785295],[144.28100017118024,-36.17422397756704],[144.28207010151453,-36.17843894724157],[144.2806678816617,-36.1848230876253],[144.27674351139294,-36.18816191746198],[144.27844849134434,-36.19073015760987],[144.27884988107118,-36.19437119765083],[144.2772824313932,-36.19788164734937],[144.27548064180021,-36.19826082756112],[144.27223090181832,-36.20208762763264],[144.27124777119832,-36.20876984751623],[144.27180900175694,-36.2114841675719],[144.27066673188938,-36.219843627221415],[144.26766756168456,-36.222040887351994],[144.26685971124115,-36.22587506774982],[144.2704496315431,-36.226788567280025],[144.27298258150535,-36.22940289779554],[144.27103680185385,-36.23261345712811],[144.2735114718154,-36.23544125775856],[144.27128522106418,-36.23901290773511],[144.2709478910986,-36.24389046768046],[144.27506914153486,-36.24736454746755],[144.27368207176931,-36.24839774716451],[144.27527402120003,-36.25371610753969],[144.27376416161658,-36.255018697205784],[144.2816369913767,-36.26262062738088],[144.28172879111395,-36.32772328726725],[144.3318336115749,-36.32771816766982],[144.33188833155208,-36.37085498727755],[144.329889261143,-36.37085435726628],[144.33009588174318,-36.385253997554116],[144.34409374131744,-36.38521971710404],[144.34388029172445,-36.40788432732419],[144.343752471341,-36.48709566746684],[144.3021498115821,-36.48720797744159],[144.26636112200396,-36.48715793729142],[144.2096690615658,-36.4875201872368],[144.20701657189036,-36.50430203744562],[144.2044731412837,-36.51637111753365],[144.19933704161312,-36.51638571709231],[144.1993381016251,-36.5244920074299],[144.17045711162874,-36.52442603690605],[144.1626440315131,-36.565572427283335],[144.1694315014756,-36.57475574698743],[144.1743656419041,-36.58231826720122],[144.1816783415419,-36.61084782713515],[144.18472825128887,-36.6184810771323],[144.1403971421108,-36.61843598729107],[144.14049072141054,-36.64731167695525],[144.1258819221032,-36.647313307270686],[144.12580670167284,-36.662021197083206],[144.06869486209567,-36.66200526743132],[144.06872077220342,-36.72022787714193],[144.06206722218516,-36.71940959701025],[144.05983992220175,-36.73075192678516],[144.06824879196324,-36.73180539678658],[144.0677426119619,-36.73461067723623],[144.0756547115747,-36.743137916951895],[144.07127931157487,-36.76643946679349],[144.06231243171504,-36.76668928684088],[144.05932403141216,-36.781550357007745],[144.04793650178044,-36.79224894685969],[144.0466433814205,-36.79869824738181],[144.04951261211608,-36.799059147369036],[144.0331095816406,-36.88548291692706],[144.0314262016802,-36.885341966837274],[144.03025802170492,-36.89101935713703],[144.02729484160372,-36.890662047111306],[144.02538396150098,-36.89801122736454],[143.99385931226848,-36.89412348724908],[143.9372411319742,-36.88747201697446],[143.89169876231483,-36.88190144685878],[143.89002586210054,-36.89056852696321],[143.89209588234908,-36.893929516760984],[143.88806603189968,-36.895489986941534],[143.87776201153608,-36.894427997233144],[143.8764301917537,-36.902255717254114],[143.86639525185203,-36.90125577714685],[143.865538341716,-36.903942876853314],[143.8672093815193,-36.90665888714218],[143.86328147188837,-36.90956199667331],[143.8630485620914,-36.915400057147544],[143.85888161166162,-36.91567315700748],[143.85669968198994,-36.9171131966741],[143.854158772056,-36.922276306962694],[143.8466469617338,-36.92786051696965],[143.85001898218889,-36.93114847663296],[143.84863709210916,-36.93461151727336],[143.85139806233832,-36.93624447675291],[143.8556751318488,-36.94409646668567],[143.85579817229666,-36.94734950685983],[143.85969516191557,-36.948891446928826],[143.8570692821355,-36.95285451716672],[143.85232475180896,-36.956989267016155],[143.8466011216032,-36.95763996684495],[143.8472286217786,-36.95972058717505],[143.84560719233517,-36.96292539667489],[143.84138041231083,-36.961876976892384],[143.8371273619544,-36.96295210727432],[143.83462791196578,-36.96865042673418],[143.83699581176586,-36.97157397671926],[143.83401387214653,-36.97335003700914],[143.83588530183522,-36.978634516838284],[143.8337711518484,-36.98053896656788],[143.84839283209857,-36.98264086694518],[143.88424441183147,-36.98632550675448],[143.88231764232805,-36.99849863717055],[143.89112699182303,-37.00029099658914],[143.89969741191027,-37.000555506674644],[143.8956988021715,-37.02357274685898],[143.899529002049,-37.02110698674081],[143.95861885193182,-37.027875197088214],[143.973444641991,-37.029378046853],[143.97542465194638,-37.0328130270274],[143.9816997022096,-37.03739000727179],[143.98394667170447,-37.043048027237944],[143.98771669164444,-37.04555897719093],[143.99024668165785,-37.04854698717973],[143.99189477220057,-37.05431402694639],[143.99971668185714,-37.057330946916075],[144.006414581701,-37.05903287703531],[144.010680592052,-37.063484846865094],[144.0125875716698,-37.06675884710081],[144.0137836317582,-37.07401687663337],[144.01205273181765,-37.07682491708838],[144.00751783234583,-37.078094977224715],[143.99915301237255,-37.07896410666207],[143.99357224214472,-37.085054196972784],[143.98839632195416,-37.085806277063604],[143.98535736177212,-37.08745930665688],[143.98117453182314,-37.093420087029436],[143.98201115171187,-37.09615869687465],[143.97900625205216,-37.09958724683099],[143.97473451224624,-37.09334204674282],[143.96994469245635,-37.092609897080074],[143.96993137223734,-37.09700593688749],[143.96457959245686,-37.10109473716854],[143.96580362248997,-37.10439413684797],[143.96347225178255,-37.10765969722538],[143.9651174623265,-37.110365267092675],[143.96180187224095,-37.11618224698177],[143.9612212623267,-37.12516669714446],[143.96288132202235,-37.129319706840505],[143.96035348167746,-37.13166635659501],[143.96004341198747,-37.13481475714303],[143.955244461721,-37.14012584656754],[143.958675611983,-37.14455582706971],[143.9615044723897,-37.14605676679767],[143.9629488124496,-37.14872670706884],[143.962829641944,-37.153782806597036],[143.96167368175156,-37.155353757186866],[143.96347583246722,-37.158104777162826],[143.96355989231995,-37.16351079715974],[143.96111596180913,-37.16432081689286],[143.9589150121079,-37.16859888716105],[143.95946729185303,-37.173098956904646],[143.96166806189117,-37.17323785652717],[143.96256705181005,-37.17670284672665],[143.95997734179662,-37.18130092662568],[143.95420622215326,-37.18588300697919],[143.9550162617911,-37.188436976752186],[143.95158278219756,-37.190965536489244],[143.94941140234056,-37.194460056582095]]]},"properties":{"name":"Mallee","ced_code_2021":"230"}},{"type":"Feature","geometry":{"type":"Polygon","coordinates":[[[144.83391805161057,-37.643988056739865],[144.8429983024525,-37.64503824688216],[144.84622001230264,-37.65141199662969],[144.84544201197775,-37.6547769971872],[144.84909201250423,-37.65639398665721],[144.85181699173148,-37.65899299699375],[144.85555499212148,-37.65906200662029],[144.85807901193147,-37.661937997126536],[144.85682001228096,-37.66352699678349],[144.8628110116581,-37.6704849969035],[144.86757609184505,-37.67104045655495],[144.86633574211814,-37.67792199670522],[144.87444634245924,-37.68403613707748],[144.88226810209716,-37.689121067118386],[144.88348801245638,-37.68217499660983],[144.88658821168957,-37.68050788691723],[144.89334863248058,-37.68097958702327],[144.90106272184516,-37.6807311868947],[144.9054341818342,-37.68120602655077],[144.9057470219285,-37.68887042656297],[144.9095918616502,-37.69401960653062],[144.90240716205895,-37.694686396973275],[144.89780564172906,-37.69830042684865],[144.90372375180397,-37.698990537089934],[144.90326115177203,-37.70407883687324],[144.8974862717809,-37.709022787063795],[144.90296360190212,-37.71474058685036],[144.9022225816243,-37.71646065691239],[144.91020141168963,-37.717903656539406],[144.91458845205892,-37.72381829706427],[144.9182128622779,-37.72413928697073],[144.92441203184902,-37.72878793676755],[144.92423307217302,-37.73186997665161],[144.92855999189365,-37.73528599701451],[144.9288560523568,-37.73751800715811],[144.93283301179892,-37.745467997061354],[144.92941099201346,-37.74536999674851],[144.92671901239814,-37.751461996974015],[144.93457698222682,-37.75659198691561],[144.93439930175185,-37.76059215714311],[144.93844722181316,-37.76116711649769],[144.9376423322169,-37.76888521654749],[144.9384423322831,-37.77155824684513],[144.93633942201708,-37.77411629693392],[144.93707417205422,-37.777774216932116],[144.93873317173782,-37.78085716691749],[144.9403621218768,-37.78761915664335],[144.93734602202215,-37.789450006604994],[144.93568859169537,-37.795070086846785],[144.93625310200312,-37.80171900663117],[144.92965134255593,-37.800186257076106],[144.91649342214538,-37.79821426682353],[144.9118381017131,-37.794674756504214],[144.9041322220519,-37.79188678681724],[144.9028892222949,-37.790757766531165],[144.90398418238797,-37.784581696614794],[144.89792722241455,-37.78061867659007],[144.89596929215048,-37.772813586516975],[144.90194029233444,-37.76961648702488],[144.9016482518322,-37.76544945694188],[144.89816929233245,-37.76465345649824],[144.89409034176632,-37.765796476792865],[144.8894924021211,-37.76209847651367],[144.88429550177707,-37.76098847656106],[144.8852284417255,-37.756015376935764],[144.8820035123134,-37.75589936703808],[144.8778756224288,-37.75941044650514],[144.8729896218181,-37.76166947646653],[144.8706177020571,-37.76639461698418],[144.87424770249206,-37.76889667696697],[144.87437666193932,-37.77097368694202],[144.87124262227098,-37.77276774654653],[144.8651256620231,-37.772303766934975],[144.8607746423001,-37.776127856736416],[144.85837666241267,-37.77597787674897],[144.85265277169538,-37.77322885671213],[144.8512118218774,-37.76845773644797],[144.8540917524063,-37.76537963663373],[144.8538509922321,-37.76242899710435],[144.84829460228102,-37.75973752684895],[144.8496073220838,-37.75471508706118],[144.84676105232688,-37.74791898697233],[144.84520943186251,-37.746674306466005],[144.8394555023805,-37.74704633657705],[144.8381314323641,-37.74223726687427],[144.83498305199058,-37.74161714647236],[144.8373323324098,-37.735255916702734],[144.83244392251748,-37.736435057052375],[144.82755435200184,-37.73425634698132],[144.8297137618077,-37.73241985696854],[144.8304154421643,-37.724596886814496],[144.8364485222226,-37.72767615679683],[144.84151720243287,-37.72878312673596],[144.8410626719671,-37.73368747660985],[144.84995458202658,-37.73448665693934],[144.85096800204127,-37.73127087670982],[144.8495711819616,-37.72633527675455],[144.8429750522563,-37.72316744688554],[144.83746950245873,-37.71749795670046],[144.83798258241978,-37.715624756989186],[144.84155834167962,-37.71317394652098],[144.83805708240126,-37.70958844700922],[144.8383438623692,-37.7060769771396],[144.8353580519093,-37.703427026496826],[144.83084906164692,-37.70558802699922],[144.82523988219822,-37.70345699677833],[144.8248781018872,-37.69837703658273],[144.81784907224986,-37.69946296689079],[144.8105760116723,-37.69876096685451],[144.81230399208823,-37.69515196711834],[144.82022905169563,-37.69254998648809],[144.82068300184974,-37.690207017122376],[144.8188560019367,-37.68755903704913],[144.819833061742,-37.68282801685781],[144.8100068624645,-37.681509957058125],[144.80699795182713,-37.68320295689429],[144.80334218231988,-37.675267026840736],[144.80475010198322,-37.669517006885286],[144.8024270523703,-37.66629302687973],[144.80883682207826,-37.6649700369337],[144.80398298205304,-37.66159097693801],[144.80620491190768,-37.65890196688456],[144.80393294229847,-37.65750694683081],[144.79971010228502,-37.657744006820415],[144.79764409211592,-37.65474998716931],[144.801321102288,-37.65383603670803],[144.8037061221808,-37.65562002655382],[144.80567785236423,-37.652916957063105],[144.81336899246824,-37.65509499677247],[144.81586500190937,-37.64126999651684],[144.8230649917251,-37.64264299689407],[144.83391805161057,-37.643988056739865]]]},"properties":{"name":"Maribyrnong","ced_code_2021":"231"}},{"type":"Feature","geometry":{"type":"Polygon","coordinates":[[[144.37927803179596,-37.43878859674926],[144.38258639224014,-37.423724577070764],[144.38012472179906,-37.42363727718376],[144.38076267207617,-37.41981154664265],[144.37780127243582,-37.415917336767514],[144.38196684215495,-37.393327266672884],[144.41381568169544,-37.39708925674598],[144.41644189205547,-37.395464476519905],[144.41746947221407,-37.38990918679358],[144.41525841197435,-37.38248317655586],[144.44638795160213,-37.3860724768252],[144.4471110118626,-37.38242007718424],[144.44472782183797,-37.379435576653364],[144.44692899162646,-37.367591986737175],[144.45582696172082,-37.36484188673391],[144.46057035208526,-37.33859906676447],[144.46634184183446,-37.33567865668053],[144.47448178205101,-37.33463231702127],[144.48038858233653,-37.33282047705498],[144.48016512191805,-37.32993198658979],[144.4867448322166,-37.32304903705543],[144.48585492157025,-37.318181046634386],[144.49283497236334,-37.31651001698679],[144.4973479421624,-37.31020902698602],[144.5010054921306,-37.30708686681822],[144.49768596203418,-37.30452003694798],[144.49533518232673,-37.304390976788085],[144.49110914161594,-37.299801957050555],[144.49451904222988,-37.29809401691749],[144.49665710177632,-37.294794986919754],[144.49411517225454,-37.2922159370499],[144.54362994240594,-37.29791327688898],[144.54399278183064,-37.295815507270746],[144.56219292167648,-37.29804848661846],[144.56459554226063,-37.29949396690527],[144.56945613222692,-37.27356584715941],[144.57982717230058,-37.275313046641294],[144.58393802204256,-37.262405966849606],[144.58729500200474,-37.26569402666317],[144.59142891150006,-37.26606996709905],[144.5951249821258,-37.262936966738096],[144.59733198198052,-37.25546498669846],[144.5919350223311,-37.25483298696718],[144.59093102205046,-37.25357299719987],[144.59188640191468,-37.248058787168965],[144.5933731217947,-37.247579546724644],[144.59492269230364,-37.24274312720387],[144.59715069207468,-37.24056887722299],[144.59993808175633,-37.2403973668324],[144.60252699226916,-37.243911926720095],[144.60527898204035,-37.24391989671577],[144.60805890223043,-37.241056836967545],[144.6173717619337,-37.24091273713115],[144.61832668186054,-37.238605737024315],[144.62346157150043,-37.236730666759364],[144.62579049160382,-37.23308864727651],[144.62581841214111,-37.23005262725416],[144.62867333177593,-37.22886559683703],[144.63743917226842,-37.222746477117646],[144.6470490419541,-37.22189640687171],[144.64956024190667,-37.21995518723437],[144.64890492180524,-37.21770650712783],[144.65488657151684,-37.213795107380534],[144.65988382218728,-37.21446896720651],[144.65995587156462,-37.20827370682667],[144.66412855144927,-37.20748194695961],[144.67431220205634,-37.20744059670232],[144.67854708218962,-37.21029227684661],[144.68396254174394,-37.211197666776826],[144.69156506214688,-37.219484157024695],[144.69389029197097,-37.21950918712627],[144.70235205184147,-37.21446099695894],[144.7038114314959,-37.21295829729506],[144.7294580418033,-37.21812662676086],[144.73137809190845,-37.220545647081046],[144.76962268204863,-37.22066922700611],[144.76956964192095,-37.215122186975854],[144.77755869211933,-37.21506267709983],[144.77774075188134,-37.21983398681409],[144.78572089169037,-37.21307983713592],[144.80262923169968,-37.21475081696771],[144.80345413216722,-37.21206977736307],[144.81235243194334,-37.21392593681233],[144.8129479619761,-37.20914466714093],[144.85221243191617,-37.20894878715679],[144.85010014144194,-37.22042946715958],[144.86207601188923,-37.221399997360685],[144.8610570016585,-37.22705699693478],[144.87425701173333,-37.22839798688484],[144.87737101178428,-37.226632997280824],[144.8809540321265,-37.22236199700835],[144.88686802162928,-37.221071986838446],[144.8947789219911,-37.22213699683967],[144.9254260016327,-37.22542200719728],[144.92228867143552,-37.22101694678171],[144.92167201212894,-37.21556500737074],[144.92849802161376,-37.216397997032395],[144.93231252163505,-37.21541614726153],[144.93081778159612,-37.20966083700307],[144.94480100222452,-37.20969199741899],[144.94550202142105,-37.214307996801644],[144.96265501220813,-37.214354987077805],[144.96079099182393,-37.20967498704152],[144.96363803143706,-37.20089100734407],[144.98988554190603,-37.201097427170644],[144.97934445164742,-37.22794048723701],[144.9766990119504,-37.23413999726618],[144.98774401216767,-37.24254998689187],[145.00160000170737,-37.23278298685333],[145.00525401141496,-37.23098898743415],[145.01130498142206,-37.22992599713761],[145.01425199184817,-37.22777699706688],[145.02545100193277,-37.236154007393196],[145.03055403192283,-37.245119986806564],[145.03862498152566,-37.25212399707371],[145.03930202199234,-37.25594598737899],[145.03100699213348,-37.2658529971428],[145.0506390321691,-37.26594199698721],[145.05137801147467,-37.2742440071658],[145.05091803182836,-37.2826460069217],[145.05521901179682,-37.28651999681828],[145.05623802202763,-37.27320800745409],[145.05607300150987,-37.26370299743243],[145.1098369916014,-37.26314999721962],[145.1176020019679,-37.26321800690111],[145.11664501142434,-37.266894987410176],[145.12505599132842,-37.26903299681007],[145.12490098163627,-37.27639000747407],[145.12091102177536,-37.27641000714724],[145.12526744216993,-37.29389703713278],[145.19538226163576,-37.29411999714414],[145.22731417198383,-37.29426181697061],[145.22744306136244,-37.305095657040575],[145.2518609021254,-37.30495237711619],[145.25187502184505,-37.31108140725139],[145.25669091164275,-37.31107334719435],[145.25669602215842,-37.31740838691455],[145.26193592216012,-37.317378306945464],[145.2619684815976,-37.329681677068315],[145.26541981161412,-37.327683047504905],[145.27029803191618,-37.32725799704164],[145.2769278214952,-37.332648166816384],[145.2793497414849,-37.33238114723624],[145.27935003164072,-37.33796799726385],[145.27696184159325,-37.337595207265046],[145.270484991988,-37.338910297088546],[145.27045002147236,-37.34069831732308],[145.2742079914111,-37.342101007027125],[145.2728559918742,-37.34660399696605],[145.2702121116525,-37.34736623716021],[145.2701431614629,-37.355507387063874],[145.27423511154953,-37.35552732713848],[145.2742151420008,-37.35980235682434],[145.27138022155918,-37.35977740690971],[145.27137201185576,-37.368061007463496],[145.25650979151857,-37.36796724724591],[145.25831304177208,-37.3716098970403],[145.2658121813572,-37.3732495170105],[145.26583580165928,-37.399597727080014],[145.2656195717805,-37.419353897400654],[145.26149471191337,-37.421252997089645],[145.25584958188696,-37.42562754734743],[145.25234785189147,-37.42592507703966],[145.25042579225504,-37.42824634731286],[145.24152946158605,-37.4334319769838],[145.23975469152023,-37.433387426800486],[145.23484106142632,-37.43799812705258],[145.23368401157748,-37.44380899691441],[145.23413803180017,-37.44684598686567],[145.22771451158007,-37.454477847248604],[145.22935284192727,-37.458660516798055],[145.2247639914361,-37.45815799703751],[145.22227236218035,-37.47259933682853],[145.22546202193777,-37.474310996825764],[145.23351600146648,-37.475232996942964],[145.24103573223454,-37.477722787215],[145.23931873192635,-37.48773899732136],[145.24813950170355,-37.489188887270515],[145.24782254193528,-37.49096293719117],[145.25671032154108,-37.49198086727401],[145.25385756145624,-37.50727213738885],[145.25169482159566,-37.510644236774496],[145.26244254143765,-37.511901167121884],[145.26421326189813,-37.50177000690545],[145.26736219204057,-37.50004395691875],[145.2754830116164,-37.50098592712681],[145.276304952135,-37.49648885691437],[145.29438891196685,-37.49858175706379],[145.29284094225576,-37.50687982705277],[145.29800394197758,-37.50832879670939],[145.29706297198882,-37.51369483697473],[145.31383089184453,-37.51555970706871],[145.30908498170578,-37.519753787263866],[145.3047730521723,-37.5219478268591],[145.31463090179213,-37.5229947470948],[145.31763587152042,-37.5251907368036],[145.32104584220295,-37.525213697346345],[145.3205728819008,-37.52816571681258],[145.32850374193,-37.52913263670937],[145.3280078215875,-37.531959697142895],[145.33380577211173,-37.532611616898755],[145.33259393221707,-37.53959973730135],[145.33871885153835,-37.54029668720922],[145.34133890215057,-37.54347169685059],[145.3473728922022,-37.54413463719605],[145.3478628315615,-37.54126158720276],[145.3609298316855,-37.543325447065605],[145.36641177196074,-37.54512594691816],[145.3660286315089,-37.551679386987985],[145.3644057620661,-37.56279960683823],[145.35581575151906,-37.599590426891055],[145.3547698017113,-37.60248922673337],[145.35660382195826,-37.60548622710261],[145.35669488148372,-37.60869325725588],[145.3526160521901,-37.615229327352246],[145.3578300322026,-37.618673677074284],[145.35607420221626,-37.622554306670985],[145.35843998199232,-37.62748699686877],[145.35591805166365,-37.63010312714364],[145.35319369227395,-37.63992826705033],[145.35388380232973,-37.64391024705741],[145.34779502223225,-37.64867536679607],[145.34578617186466,-37.6557374473507],[145.34389222231013,-37.65601246706212],[145.33867093180785,-37.661299076960844],[145.3355218920709,-37.66236392686315],[145.3325952123163,-37.670568447233954],[145.33036583183465,-37.67193374721298],[145.33238202233647,-37.67998500679218],[145.33559858214505,-37.68209054695433],[145.33311395166368,-37.68651870709389],[145.33133899205333,-37.687700746641454],[145.33050697153882,-37.69216279682482],[145.32657706225808,-37.68896882722147],[145.3181241723527,-37.69130289674928],[145.31939616164217,-37.694083907069164],[145.3186511519461,-37.697366976846595],[145.31491724158562,-37.69962201718161],[145.32056120200548,-37.70666106681378],[145.31903623186068,-37.707924077131736],[145.31378326226988,-37.70699311707931],[145.3123253720222,-37.71217215715162],[145.31237943173767,-37.71557217689695],[145.30408955192036,-37.71598322684226],[145.2990946018354,-37.71278021719272],[145.29613865227387,-37.71387922678878],[145.29359164188085,-37.71223420694826],[145.29070566209674,-37.709684187119755],[145.29231155158408,-37.70244309716036],[145.28698996238364,-37.70317525660614],[145.2827297515561,-37.708565177009895],[145.28496775227117,-37.71167121723589],[145.28624182205886,-37.71652230659749],[145.2831138415272,-37.71594628693765],[145.28128486172722,-37.713819266927956],[145.27722895204974,-37.71544230692229],[145.27272503187882,-37.716051347067804],[145.2756988722876,-37.71041922715287],[145.27266287205447,-37.70794921715375],[145.27222282153272,-37.703770197150945],[145.26749290230427,-37.703468237052256],[145.26851493177276,-37.70732021726718],[145.2641109922963,-37.70735327679875],[145.26407796214164,-37.703005277082205],[145.2657098722295,-37.700282226726976],[145.26869682175317,-37.698823206996195],[145.26693178223854,-37.69564323723281],[145.26643173234064,-37.69048525725823],[145.2648197522757,-37.688946296779214],[145.26647072191892,-37.6863872670189],[145.26458874151726,-37.68365331709587],[145.26525067232092,-37.67844634673609],[145.26352363154274,-37.67653234661377],[145.25651169235368,-37.67207438668329],[145.25651166181098,-37.67057636691157],[145.25123872177306,-37.670074407140575],[145.25142399211387,-37.664958997044465],[145.24681298198132,-37.66443100682561],[145.24328603178418,-37.66261999682311],[145.23780603186998,-37.6641009967205],[145.2365090020419,-37.665431997048316],[145.2248895220139,-37.66342569728021],[145.22397201152882,-37.66714500672403],[145.2200480122643,-37.66653800665443],[145.22014203173853,-37.6580080066233],[145.21044000209125,-37.65680900666583],[145.20847700173576,-37.66194900688635],[145.2053359920392,-37.66121000673641],[145.20431698180843,-37.663919997099335],[145.20003002184657,-37.66663799706395],[145.19834799205412,-37.67335499671488],[145.1998940223025,-37.67611199703704],[145.19840300218718,-37.68253299693101],[145.19174401197154,-37.68950998727902],[145.18804360158458,-37.69027666664502],[145.1832620319223,-37.68967798670222],[145.1796517818472,-37.68607675719562],[145.17861303203637,-37.69118011694254],[145.16887614236617,-37.69012115701853],[145.14294096174842,-37.68677280699237],[145.14370348230432,-37.682624156596276],[145.13753063157435,-37.68309725657497],[145.13346176190228,-37.68471686661949],[145.1252675823071,-37.68206754662405],[145.1187360217078,-37.679377036767264],[145.1123789615474,-37.68232806660854],[145.10625601223146,-37.681627986703596],[145.10354034224554,-37.68294324688993],[145.09784897233817,-37.68204675660004],[145.09136303178224,-37.679391807081885],[145.08646210206985,-37.681276856879016],[145.08431309206006,-37.68015988711735],[145.08449602228958,-37.67656681697504],[145.0873089322101,-37.66770866663464],[145.09105595168558,-37.66703961702513],[145.0914128819923,-37.665062577096066],[145.09458291176415,-37.663032527233554],[145.10111488199522,-37.66251549671981],[145.10332083171932,-37.66136144667736],[145.1027197815391,-37.65812939694758],[145.10607369195802,-37.65608833674372],[145.10188470226112,-37.654534317037196],[145.10330159160256,-37.6505102469902],[145.1066355719986,-37.647779207217255],[145.1034425920679,-37.64407815696408],[145.10230660232253,-37.638391106991286],[145.10778251220725,-37.640092107121596],[145.10959047232788,-37.635390056862356],[145.10969843185873,-37.632030006613505],[145.1126273421302,-37.63047297713704],[145.11363325222914,-37.627883957227475],[145.11910817217043,-37.62783694684321],[145.1227980318444,-37.62347090672925],[145.12314799212288,-37.6211829970847],[145.11746301193216,-37.62210499665755],[145.11624000238524,-37.61772099676059],[145.10948400220377,-37.61594499710164],[145.10506498181033,-37.6123769966975],[145.1026990115914,-37.606453997011045],[145.10495340206893,-37.601684016873165],[145.08197026154454,-37.59896419667924],[145.07954100231896,-37.61352899702454],[145.0449682821908,-37.60983283689396],[145.00855872200404,-37.60627247688445],[144.99035424239713,-37.60474868711233],[144.95262481181786,-37.600342196961606],[144.95300496177816,-37.59641945709493],[144.95508144181193,-37.59485346722377],[144.95578524219258,-37.591378297061446],[144.95865300234604,-37.5905581170481],[144.95694732170872,-37.58576579680889],[144.95755070211882,-37.58156324689608],[144.9632167422301,-37.579377766812506],[144.96240889178665,-37.57746976702981],[144.96534254156953,-37.572252566905476],[144.9637495420082,-37.571347977240706],[144.9633016815334,-37.56699458723189],[144.96553621205655,-37.56023748673346],[144.9639475118322,-37.557336596988414],[144.9607449621488,-37.55659616711973],[144.953101792081,-37.54799314664353],[144.95508144181193,-37.54352654703447],[144.95945652201152,-37.542540956983025],[144.9607280316006,-37.539307436657985],[144.9686865615372,-37.53477737705777],[144.97214183156456,-37.53541943686138],[144.974567882008,-37.53054403673945],[144.97675022220977,-37.52881099661982],[144.97394004226933,-37.5241910272937],[144.9756820822178,-37.52159013661005],[144.9745416017943,-37.51590806715083],[144.97720526202028,-37.51372863680955],[144.9499406421557,-37.51122302678073],[144.9170575318045,-37.507355456651936],[144.89003100232102,-37.5039210070168],[144.88660299167097,-37.5047439972726],[144.87792803193915,-37.505421986962595],[144.87510556214735,-37.502160657225495],[144.87119864165302,-37.50472967684779],[144.86920202184803,-37.50322895664085],[144.86685010217846,-37.508122987012],[144.86898889205528,-37.50955397669165],[144.8672108323589,-37.51212303689815],[144.87153915165473,-37.51322696688017],[144.87050521232229,-37.51553580657397],[144.83969089242592,-37.51170693726907],[144.82134829235252,-37.50906886719985],[144.79912680191654,-37.50613142710231],[144.77311807173487,-37.50291865723009],[144.7700860815812,-37.50187767689875],[144.76627413187703,-37.50284872664015],[144.76249332227212,-37.499485597052995],[144.75927018230408,-37.498964766909374],[144.75753037197418,-37.49483833697603],[144.75193920195028,-37.49701780712605],[144.74586023235403,-37.493891786841544],[144.7454502322752,-37.49214878715927],[144.74051524204052,-37.48930576674755],[144.73853129207424,-37.493391826759165],[144.73151128242068,-37.48703980720817],[144.72654833212275,-37.4866618370647],[144.72262130194244,-37.4837528572357],[144.7195293519385,-37.483691886881566],[144.7189934224299,-37.487079916741],[144.7120874718679,-37.485973987028444],[144.71111139212456,-37.48236996662842],[144.7046644321638,-37.482365046539854],[144.70318852171155,-37.48483407692376],[144.6960506117702,-37.485848167184386],[144.69776768214697,-37.489179186984195],[144.6940817319412,-37.48938422706175],[144.69167569236902,-37.48669424704446],[144.68822078166778,-37.4898923268086],[144.6888428524256,-37.493502346977515],[144.6841199023272,-37.492878396644116],[144.6783439919685,-37.49439947675097],[144.68075299238777,-37.4968234765427],[144.67885809241565,-37.499529546981336],[144.6674112218729,-37.49850766668358],[144.66001632189503,-37.49840178711372],[144.65652239197115,-37.50005485666138],[144.6513940717108,-37.49850296716814],[144.64502851169115,-37.495043986581855],[144.63805193198834,-37.49950194678858],[144.6324093217363,-37.53012151715092],[144.6414451221414,-37.53846792648996],[144.64895689203937,-37.54379510707778],[144.6560927924494,-37.55288042663199],[144.6644814716766,-37.55913123664785],[144.67164555223715,-37.56772169698006],[144.6262073521164,-37.56290684696397],[144.62675208241987,-37.5600144269967],[144.6089889522986,-37.5580810665159],[144.5733461922417,-37.55373813705371],[144.56117629198118,-37.552416737099136],[144.559281762115,-37.55529935651213],[144.555927771746,-37.556851396557434],[144.55622521202142,-37.558900346701],[144.4836978922999,-37.55082074695926],[144.48395893194171,-37.54946015655042],[144.45928336182885,-37.54639694711021],[144.45803306236186,-37.54226996711606],[144.46182997247155,-37.53830798686894],[144.46469595216413,-37.53708902676446],[144.46314685237243,-37.53324899659564],[144.46310510227127,-37.52842895704773],[144.46473168175623,-37.528192787058465],[144.46825656223498,-37.52400068664425],[144.46911249230908,-37.52124364694842],[144.46824543210863,-37.516833596707734],[144.4692933824645,-37.514734546662034],[144.46978117215542,-37.50746268674844],[144.45931486215258,-37.49710099671665],[144.46966685165398,-37.43911998689977],[144.4709621621066,-37.43641220668664],[144.47155284213517,-37.431108796684185],[144.47046744191334,-37.428795726789495],[144.4652239917696,-37.4290679867457],[144.46437194241759,-37.43638884650407],[144.46174354196484,-37.43606933696424],[144.45644651180598,-37.44056077673332],[144.4502030418166,-37.45065023703795],[144.44682945200472,-37.448363966699596],[144.44455645202783,-37.45009223687361],[144.4326144624398,-37.451116586479955],[144.4297566520264,-37.45691466649452],[144.42679548235478,-37.45882692711479],[144.421520032424,-37.4565050971544],[144.41854750175895,-37.45360727696252],[144.4185396217373,-37.4488407669171],[144.41693362175718,-37.446627506969534],[144.37927803179596,-37.43878859674926]]]},"properties":{"name":"McEwen","ced_code_2021":"232"}},{"type":"Feature","geometry":{"type":"Polygon","coordinates":[[[144.98686513193468,-37.77437798655119],[144.98866692242592,-37.77534602658235],[144.99211390190152,-37.782631977105595],[144.99645901250662,-37.78524199648109],[144.99898813205252,-37.78541594683436],[145.00168417205288,-37.78313697647306],[145.0080940118295,-37.78690799705578],[145.00847802185052,-37.78889198708327],[145.0051090017685,-37.7923390071306],[145.0011510120503,-37.79474200714237],[145.00194525211882,-37.796658936925695],[145.00001991183498,-37.798293046762836],[145.00763586205144,-37.80330705715992],[145.00442287214779,-37.80534709711843],[145.00031794230355,-37.80423311668492],[145.00079094213157,-37.807219126872184],[145.00730385190892,-37.80721309692986],[145.00952882166254,-37.81047512658158],[145.01564472189838,-37.81054906672656],[145.01437883216968,-37.81553311711941],[145.01611908177577,-37.824462066937414],[145.01834711208951,-37.8262160166507],[145.02133102171427,-37.82518900690045],[145.02320311166469,-37.82809398683887],[145.02832307220297,-37.83101391674074],[145.02461799237318,-37.83449900667198],[145.01917515216897,-37.83162301666493],[145.01665420190233,-37.83221902698867],[145.01291624193647,-37.83050405669794],[145.0106852516739,-37.83169508666108],[145.00379934252587,-37.83178114656462],[145.00105440183472,-37.833494176524184],[144.99668648210624,-37.834302196869615],[144.99091729204414,-37.832900026856834],[144.98792049249343,-37.82967231655413],[144.9865012621423,-37.82831019702373],[144.9811398919479,-37.8268030068504],[144.974651612179,-37.820895196858004],[144.96825166195535,-37.81922418714175],[144.96062273198132,-37.82075448652687],[144.95526799225203,-37.82334550675725],[144.9479350023669,-37.82338808674767],[144.9323839924974,-37.819274006955865],[144.93182204238823,-37.82083734679475],[144.92479684226896,-37.81998114650669],[144.9128678423199,-37.82104199676045],[144.9070329521729,-37.82330900646062],[144.90556251246068,-37.82288803658178],[144.90649345186102,-37.819157026919186],[144.9054524320075,-37.81529102647862],[144.90643734219003,-37.80884997682403],[144.90960923237287,-37.80180685680085],[144.91242115234994,-37.79957779705168],[144.91649342214538,-37.79821426682353],[144.92965134255593,-37.800186257076106],[144.93625310200312,-37.80171900663117],[144.93568859169537,-37.795070086846785],[144.93734602202215,-37.789450006604994],[144.9403621218768,-37.78761915664335],[144.93873317173782,-37.78085716691749],[144.93707417205422,-37.777774216932116],[144.93876875220957,-37.775448096925324],[144.9705258018943,-37.77928910686845],[144.97150031228082,-37.77266123669001],[144.98686513193468,-37.77437798655119]]]},"properties":{"name":"Melbourne","ced_code_2021":"233"}},{"type":"Feature","geometry":{"type":"Polygon","coordinates":[[[145.29359164188085,-37.71223420694826],[145.29236579186096,-37.71924833664891],[145.29393215188247,-37.72288961719085],[145.29158640184238,-37.72832137716875],[145.2845661415588,-37.731511487054206],[145.28312716174622,-37.733260527014636],[145.2816655219306,-37.74258027694692],[145.28428735210534,-37.747781586898746],[145.2889673519534,-37.75163461691414],[145.29076559230262,-37.75551380670371],[145.2895725523502,-37.7628189272645],[145.27820269168174,-37.76184463703249],[145.2719197721767,-37.76310657709687],[145.26753090193918,-37.76653851710691],[145.2653839320034,-37.76692049704413],[145.2571409918546,-37.76503573662074],[145.25381507204162,-37.766297846641194],[145.24056926226035,-37.764763106796025],[145.23596529222465,-37.79008640666786],[145.22271886170745,-37.78893982682342],[145.22211179191657,-37.79230851698528],[145.21720608226855,-37.79088290709098],[145.2138183718387,-37.81070476703908],[145.21335982231034,-37.81722203662169],[145.19812969245694,-37.81572002687885],[145.17833471240178,-37.818510656504245],[145.15940304208078,-37.81797804715618],[145.15419204178005,-37.81756106697987],[145.14514632217768,-37.817589686736916],[145.13844949222735,-37.81984748661267],[145.11502981179743,-37.81689397654328],[145.11876664168253,-37.796401747093725],[145.10969055183705,-37.79478986652028],[145.10837655193498,-37.792433856524895],[145.10466574175197,-37.79114229692791],[145.09992363238513,-37.78555599681189],[145.09869456190498,-37.78213660658632],[145.09565502230964,-37.78011000706975],[145.08319506233218,-37.780119606971205],[145.07885053203873,-37.77699095714938],[145.07462945182493,-37.77957733660973],[145.06711257230958,-37.78093547688987],[145.07273240218433,-37.76654297672158],[145.07601937194488,-37.76747192706558],[145.07922323227035,-37.76244577698054],[145.07702922205468,-37.7587077368566],[145.07777809181155,-37.75448167660685],[145.08161800247728,-37.754027596793364],[145.08241698205725,-37.751582526906375],[145.09092900176958,-37.754284446848175],[145.09311597188838,-37.75355741698948],[145.09554691186185,-37.74930032665396],[145.09847195219106,-37.74915226688258],[145.1017839921346,-37.75247425692478],[145.10717501212335,-37.75489729690625],[145.11289500235563,-37.75525029675266],[145.11540098219805,-37.753054256869895],[145.1218709318436,-37.751666106853726],[145.12531784214895,-37.74935401714172],[145.12315186206513,-37.7475650671007],[145.12022190166306,-37.747949126776604],[145.11999983183665,-37.74461710674359],[145.12260275157635,-37.74058304659195],[145.12653873167181,-37.74042198717914],[145.1331409618362,-37.74281244700932],[145.1381094915704,-37.738220896734596],[145.1454443822906,-37.738596796960785],[145.15549009209425,-37.73396868657836],[145.16123607238433,-37.737456757147946],[145.16554796239194,-37.73421867662131],[145.1766757522441,-37.73537518715213],[145.18131874240083,-37.729841466835836],[145.18456468161074,-37.73085044668371],[145.1881826320445,-37.730402376735995],[145.19083359188897,-37.73224437666369],[145.19424492172257,-37.73100400658647],[145.19430832212038,-37.72469191689541],[145.19787594174537,-37.72170076663762],[145.2008870119327,-37.722531987232394],[145.20214290161564,-37.71595024719646],[145.20210778197966,-37.71093315722089],[145.22260064161947,-37.71383291681675],[145.2270305019834,-37.71647244664762],[145.23261499213487,-37.715882996671844],[145.2361654215986,-37.71711437716901],[145.23767857171094,-37.72074470685702],[145.2409325822837,-37.72501775663453],[145.24373647222046,-37.72304573664923],[145.24294844220543,-37.719282667066516],[145.2486674020701,-37.720732676918665],[145.24960936200233,-37.718626636630134],[145.25391329203816,-37.71708457727072],[145.25635916201165,-37.711970446984616],[145.26063207232247,-37.70795432702883],[145.2641109922963,-37.70735327679875],[145.26851493177276,-37.70732021726718],[145.26749290230427,-37.703468237052256],[145.27222282153272,-37.703770197150945],[145.27266287205447,-37.70794921715375],[145.2756988722876,-37.71041922715287],[145.27272503187882,-37.716051347067804],[145.27722895204974,-37.71544230692229],[145.28128486172722,-37.713819266927956],[145.2831138415272,-37.71594628693765],[145.28624182205886,-37.71652230659749],[145.28496775227117,-37.71167121723589],[145.2827297515561,-37.708565177009895],[145.28698996238364,-37.70317525660614],[145.29231155158408,-37.70244309716036],[145.29070566209674,-37.709684187119755],[145.29359164188085,-37.71223420694826]]]},"properties":{"name":"Menzies","ced_code_2021":"234"}},{"type":"Feature","geometry":{"type":"MultiPolygon","coordinates":[[[[145.7650169917996,-37.89857998667054],[145.76287302223685,-37.8949920073209],[145.76542499222856,-37.89097398700865],[145.767233011638,-37.88462199681241],[145.7694979815746,-37.880902996986684],[145.77408001205606,-37.879831996986084],[145.7791600119372,-37.876835996783],[145.78495398202645,-37.87862100685117],[145.79287499202852,-37.87770299698706],[145.79513701189762,-37.8749299973085],[145.80135701160359,-37.872194996784266],[145.80557101219466,-37.87201700682709],[145.8029590015043,-37.86803900704128],[145.80173099193448,-37.863527997085384],[145.8032500116389,-37.86068699676675],[145.80801899231082,-37.86170399677164],[145.8087630120634,-37.863262987264434],[145.81706099198965,-37.85576299688621],[145.8116439918246,-37.85563399719472],[145.80479998189807,-37.85199698696389],[145.8041380214501,-37.849524997352624],[145.80781901205722,-37.84599699702067],[145.8095340019358,-37.84277299671618],[145.8112090221741,-37.83613399671331],[145.8088949916466,-37.8354790066828],[145.80863701166672,-37.830251996772745],[145.80332699186886,-37.825874986771986],[145.79382801201848,-37.826351997319115],[145.7956480122588,-37.8219999970612],[145.79543602152984,-37.81479500700467],[145.8041579820157,-37.81401398691274],[145.80961200175355,-37.807548997183524],[145.81507101163288,-37.807236997386966],[145.81997099182607,-37.810147986824454],[145.8252669916173,-37.81059198695104],[145.82803398145708,-37.81226699671891],[145.83178399142415,-37.80822800679565],[145.8348970114131,-37.807188987091926],[145.83842302197246,-37.804336996784755],[145.83790899159385,-37.8013159971013],[145.83915802174133,-37.798622986755674],[145.84510299144318,-37.79771399716417],[145.85049900157335,-37.7998389968991],[145.85742400180922,-37.801096997127885],[145.86267800176765,-37.80610200706411],[145.86439901215527,-37.805912986996354],[145.8689669822059,-37.81089899684057],[145.8710800021122,-37.810832987281316],[145.87709659179677,-37.81625600704426],[145.8868985221885,-37.82126695715425],[145.89156253202452,-37.82494991676221],[145.89486749144694,-37.8258178970031],[145.89796200164955,-37.82395999678392],[145.89852001174782,-37.821386997202204],[145.90294399173987,-37.81720499738653],[145.9072720217782,-37.81694200678492],[145.91470301157258,-37.826068997142784],[145.9190590016741,-37.82799299676873],[145.92637999186363,-37.829645986856946],[145.9267530217769,-37.82263900684849],[145.9313100018384,-37.82135898704725],[145.92637301195384,-37.81327698716338],[145.92338600224303,-37.81149099725516],[145.92298001224364,-37.80700498696568],[145.92484502167298,-37.80509299730953],[145.92883300164704,-37.79783799731367],[145.92237999153275,-37.791914996982776],[145.91805901147282,-37.78600598689285],[145.91870999181316,-37.78199500733982],[145.91816500189654,-37.776137996783554],[145.92370300153712,-37.77160699676765],[145.9367709916046,-37.77157900678634],[145.93640402172616,-37.76519099741058],[145.94361401158764,-37.758231997447034],[145.95367198159823,-37.76245199735097],[145.9602480114991,-37.76392399683905],[145.96357699187223,-37.76595999699012],[145.96832498161095,-37.76469498735323],[145.97274699159757,-37.76516399707041],[145.98141100176443,-37.76865600707454],[145.99027900136593,-37.768788007066185],[145.9995150021119,-37.765446997016156],[146.0034760218476,-37.76852800690071],[146.0083760020407,-37.76769800716533],[146.01254601213233,-37.76877499717359],[146.01663700192,-37.771563007231656],[146.01914298176246,-37.771784006987495],[146.02144902177548,-37.77484099741899],[146.0292330117473,-37.77445799686546],[146.03124598178871,-37.77344498684446],[146.04416100133972,-37.77402300745867],[146.05184198149792,-37.77119300697788],[146.06074200154777,-37.77019799714962],[146.06408500192754,-37.76874199701445],[146.06776799128616,-37.768979997337475],[146.0683569914651,-37.767034996975084],[146.07308301200518,-37.76549200711068],[146.07340502210195,-37.76374099680782],[146.07722299141685,-37.762440006856785],[146.08114400198647,-37.76328399683255],[146.0845720117382,-37.760860997174966],[146.08876400180822,-37.75404300708315],[146.09779899193285,-37.75814299748935],[146.1000169817767,-37.76198499727124],[146.10386901161385,-37.764172997306964],[146.1032715016942,-37.76822865702103],[146.10950855142428,-37.77480762719059],[146.1167185116413,-37.777492497475926],[146.11665357153115,-37.78222556702026],[146.12409501142716,-37.78940399734347],[146.13376101144507,-37.78802600703925],[146.13475502156146,-37.784907996853576],[146.13754800145912,-37.78263699734],[146.13773499207366,-37.77754199682122],[146.14184000186796,-37.774909007398875],[146.14227000203826,-37.77188199716694],[146.14813898145366,-37.76906400712651],[146.15094901137545,-37.769112997288765],[146.15687599141543,-37.76506099715509],[146.15885699131428,-37.76195399748246],[146.15880801157175,-37.75660499753082],[146.16035101180267,-37.75086399741319],[146.16322199151807,-37.747767987305664],[146.1623870119531,-37.74055899742043],[146.1602000112916,-37.73943599740375],[146.15904701194634,-37.73044899748529],[146.1560529917831,-37.72622499754327],[146.1537970014061,-37.72494899736199],[146.1505579918002,-37.7151989973039],[146.147858991851,-37.71477799708018],[146.14539400123664,-37.71067800731755],[146.142381001468,-37.709537997506395],[146.13858500135174,-37.710134996959994],[146.1389709912596,-37.70501900750715],[146.1358300219872,-37.70256399687904],[146.1362440016028,-37.69793699687375],[146.14249499138936,-37.69225999747782],[146.1403679919007,-37.68205099735876],[146.13737802134276,-37.67915899743174],[146.1339259915386,-37.67909700739786],[146.1321589919,-37.668441006906605],[146.13395202202057,-37.66442498728696],[146.13258900195174,-37.65357000720441],[146.13104198175992,-37.65083000738413],[146.13094701186813,-37.643908987335145],[146.13425201171472,-37.64285198745073],[146.13981100139023,-37.63908098706662],[146.14124702125395,-37.63471900725483],[146.139330992008,-37.63254898737292],[146.144160011582,-37.6274290069307],[146.1509959914681,-37.62533398726902],[146.15566499144555,-37.62993998715686],[146.15944201195657,-37.629133997373486],[146.15802599128602,-37.62518498753855],[146.16063899191983,-37.62176398695436],[146.16482500190492,-37.622995997299036],[146.1655449917237,-37.61720998726158],[146.1614060013572,-37.61014398729474],[146.1624519817077,-37.608060007108044],[146.15881899167945,-37.600772007146986],[146.16366101167213,-37.59635399719718],[146.16846499160587,-37.59956198758571],[146.17198199116464,-37.59948499756726],[146.17011699161677,-37.59489799728587],[146.17322500170133,-37.59112598761713],[146.1732500018157,-37.58870199754704],[146.17614401164005,-37.58487199739602],[146.18704999127894,-37.5800670070136],[146.18761800142298,-37.58473200720125],[146.19192300135236,-37.58752999712473],[146.19446599178448,-37.58832399709345],[146.20291202125605,-37.59537099711821],[146.20443301186418,-37.599146997255296],[146.2205250213338,-37.603988007114566],[146.22230300197845,-37.60353998694342],[146.2302720116611,-37.60793599722226],[146.23606402162633,-37.60788299707173],[146.23898701200014,-37.60650400705744],[146.25008801139563,-37.6104029870086],[146.255674011615,-37.61035999764731],[146.26381661174318,-37.606400187353415],[146.27623701171223,-37.60487900707852],[146.28062099152135,-37.60246599748549],[146.2827820120065,-37.60010098736833],[146.28853799144397,-37.59775500750731],[146.2902300212822,-37.595757007589306],[146.2987920016974,-37.59107500699992],[146.30496602113558,-37.59353298737697],[146.3116359914589,-37.598964997382026],[146.31718600157478,-37.59978698718936],[146.31962000121015,-37.59911599767203],[146.32640699147228,-37.60396498757093],[146.32823801134623,-37.60760699715435],[146.3329619513881,-37.60863178766669],[146.33320800174107,-37.612895997261724],[146.33868399157586,-37.61670999712052],[146.34156694134245,-37.61714475699192],[146.34665201131506,-37.62358699732672],[146.3506529917079,-37.62519499741897],[146.355536001827,-37.62488699714237],[146.36181699175083,-37.62763399704682],[146.3655920117137,-37.626654997573674],[146.36764301193278,-37.62932099745188],[146.37656000115834,-37.62816598760456],[146.38264101172683,-37.6219769972445],[146.3840260018926,-37.616377997465996],[146.3834390112449,-37.609665987509636],[146.3848910112392,-37.608355007005706],[146.38988502168644,-37.60892298727113],[146.394049011269,-37.60399999762872],[146.3951160211803,-37.60586998745918],[146.400002021791,-37.6070099974962],[146.4032029913379,-37.604029997391315],[146.4084769913878,-37.608396997663895],[146.41204399117527,-37.60932399705109],[146.41952101154314,-37.61479500742581],[146.42641498127415,-37.61857499750536],[146.4343180016143,-37.61957998703593],[146.43583600173088,-37.61804398713575],[146.44365700139406,-37.61212199741318],[146.4484820117869,-37.615070007224666],[146.45228801194892,-37.614912997266416],[146.45414998147936,-37.616350997679696],[146.45723500187924,-37.62151899750629],[146.4598700112375,-37.62412399731543],[146.46082602171907,-37.62851498743811],[146.46429899125252,-37.6308539975974],[146.46679701112322,-37.63484099764688],[146.4744739919817,-37.64085199737821],[146.47749199177318,-37.63973300719923],[146.4829949813722,-37.64188998710951],[146.48862401179204,-37.64231900730465],[146.49633800144363,-37.65011499714098],[146.49753301140152,-37.655851997594034],[146.50296100155572,-37.66356999735008],[146.50540098127598,-37.664594007071464],[146.5075610216991,-37.67070899756642],[146.5128600119819,-37.67144999716356],[146.5156759914458,-37.67585698751129],[146.51596401198708,-37.678783007468596],[146.51208501113177,-37.68145100757202],[146.51197201115392,-37.68497399762262],[146.5091889917761,-37.68794799739108],[146.50335001159965,-37.68905899726133],[146.50276999187855,-37.69313798713332],[146.50474749194106,-37.69514312742656],[146.49504732180634,-37.78779129748032],[146.48549699155942,-37.87882548728008],[146.47331299134223,-37.99469200688965],[146.48226400156426,-37.99130400747234],[146.4830349914366,-37.98793398696057],[146.49111799193895,-37.98547298730398],[146.4938150120013,-37.98848199703751],[146.4967810020328,-37.988899007427996],[146.50055499162798,-37.98697198690539],[146.50920600137601,-37.98385100709769],[146.51478900212072,-37.98341699695548],[146.51467399171327,-37.98124000695617],[146.51691600160945,-37.976908986827915],[146.51940399179003,-37.975557987358336],[146.52300501167562,-37.96678798751454],[146.52320700146052,-37.96422699737477],[146.52813202129389,-37.9634719970175],[146.53257199129803,-37.964142987407776],[146.5331290114529,-37.96771198704953],[146.53673101140046,-37.969293997443074],[146.53720701160154,-37.9659359872595],[146.5414949920495,-37.965662006906435],[146.54400499185286,-37.96784999686703],[146.54698500189093,-37.967517996970166],[146.5453450114571,-37.97265098726997],[146.54630799196696,-37.97571599734033],[146.55173299162965,-37.976626996949136],[146.5557659816909,-37.97261698704748],[146.5572720117563,-37.975687987080846],[146.5625610118749,-37.97867200744883],[146.56314201165796,-37.982893996929235],[146.56808200191554,-37.98251498749352],[146.57028200209746,-37.9837180070032],[146.57381698143664,-37.98131098742042],[146.57749100201545,-37.98067999696572],[146.58097299153263,-37.97645699709828],[146.5872589913608,-37.97810099745823],[146.5800532316661,-38.0069787768809],[146.5752606315904,-38.03006300693711],[146.56752800189665,-38.02899272686914],[146.56698021193134,-38.03069263712059],[146.56972785205997,-38.03533981729372],[146.5670273716871,-38.039235857375026],[146.5723093514717,-38.04346571717545],[146.56950827146517,-38.058099387132394],[146.55250610152603,-38.05596400715566],[146.55042446156932,-38.05901759710408],[146.53478666186692,-38.05695791716065],[146.5337117719339,-38.062675026923564],[146.52791101147952,-38.084252997093834],[146.52091024194263,-38.08293087744222],[146.51657845155663,-38.08091182684586],[146.51046609158126,-38.080083067267914],[146.50481089144054,-38.080444327348026],[146.49932498151006,-38.07961617695266],[146.496474471705,-38.07802264741113],[146.48846389158427,-38.07776034688312],[146.48366896217703,-38.07547234677963],[146.47949263153913,-38.07472747683172],[146.47571783166347,-38.07530808697972],[146.47701913208238,-38.079021537124945],[146.47667238148438,-38.08721999744505],[146.47922475212474,-38.09013512701283],[146.47749385218415,-38.098533947186766],[146.4799563616517,-38.099668676867566],[146.47897725189088,-38.10379989700281],[146.42440909175372,-38.09654116722449],[146.42174426192125,-38.10904921732399],[146.41903698220008,-38.11050000738948],[146.4193830015694,-38.11450399706688],[146.4161820320225,-38.11553699716636],[146.416196011605,-38.10944999700543],[146.40847801187397,-38.10589899703994],[146.40648197148232,-38.108070997293886],[146.39788009149552,-38.102480646720075],[146.38304499219495,-38.100536997236865],[146.38173950203358,-38.10111186736954],[146.37438201149746,-38.10007299734302],[146.37656007212524,-38.093511436790166],[146.3591280017288,-38.08729299710313],[146.3440360219863,-38.08528600705636],[146.34083124178602,-38.08354940724029],[146.328576991517,-38.086149987331176],[146.3254880320046,-38.090267996917596],[146.3209077918655,-38.0941007370711],[146.31850011196963,-38.1049551868645],[146.32870609199975,-38.10617757729229],[146.32804690195607,-38.10907196729305],[146.32290288183958,-38.11252895712848],[146.32138620224646,-38.11498225699902],[146.31298098144163,-38.11688498710928],[146.31790034188867,-38.119021637203026],[146.32175196209417,-38.11930757675499],[146.32071803174483,-38.124076986838645],[146.32416702165008,-38.124538987010645],[146.3227310017863,-38.13096000692409],[146.32087001141957,-38.130704997193],[146.3191679815356,-38.13847499708012],[146.31273000203268,-38.13758500699901],[146.31178203147297,-38.14210699680558],[146.31153102152132,-38.148865986967756],[146.30700385205253,-38.155508006932074],[146.31476689151526,-38.15817596711203],[146.32380684213692,-38.16293507707425],[146.32834609214962,-38.16475001705568],[146.3339800821682,-38.163566957304745],[146.336981041817,-38.16091403711253],[146.33845090211582,-38.16335600697697],[146.3352851114938,-38.170377997090796],[146.331657011894,-38.170957006690344],[146.32804898155595,-38.16846100673485],[146.32487301212342,-38.16809999687897],[146.3164769819823,-38.16922031721563],[146.31806097144127,-38.17333499691834],[146.31664696209867,-38.17478914684977],[146.31858216229105,-38.17985615690486],[146.3222512816617,-38.18243088712177],[146.32328485178658,-38.18469612720663],[146.31105491172573,-38.185630027288965],[146.31303701206085,-38.195920997025155],[146.3107972219017,-38.20024087698093],[146.30734304153077,-38.201065197141446],[146.3040838818147,-38.20586894723105],[146.29592194185682,-38.20347700695182],[146.29731748183724,-38.20865600662962],[146.29651349145453,-38.21091102713866],[146.29888150174747,-38.21423505720972],[146.30302947167357,-38.216213036660726],[146.29629957204267,-38.21870008671715],[146.29368766196362,-38.22274810691306],[146.2939726920134,-38.22503111724464],[146.29003879151782,-38.22903912678025],[146.28689585223998,-38.23005314708192],[146.28588787152432,-38.23234214689589],[146.28889488222492,-38.23630114724792],[146.2871539418144,-38.239553156924806],[146.2844749922623,-38.240985166684055],[146.28247902193925,-38.244058186934105],[146.2789581218955,-38.2461662067104],[146.2782909817616,-38.24917983666129],[146.27469376174963,-38.25322744719107],[146.2685753722821,-38.25539126704014],[146.2582336415412,-38.26480030695061],[146.25859868183838,-38.26715232698183],[146.2622866721182,-38.27261333686205],[146.25996834225373,-38.27664669657112],[146.2560809816764,-38.27921798723971],[146.25474994163173,-38.28461846717763],[146.2522972516485,-38.298637716748466],[146.24102951235994,-38.30566392709254],[146.23916458198232,-38.30725695691366],[146.23566175155057,-38.31439405685904],[146.23229984163405,-38.31636206677055],[146.22856703170973,-38.32389017719719],[146.25051480188543,-38.32665106722094],[146.25095076237758,-38.33137394661059],[146.24959022165896,-38.33821213659353],[146.2474175617027,-38.33794042695649],[146.2435210023769,-38.35612198672069],[146.2314988920486,-38.35420640660908],[146.22961680205242,-38.355289916591005],[146.22628099178823,-38.36012300715519],[146.22682492169272,-38.36172090697637],[146.22375103231758,-38.365483986791496],[146.2205361119343,-38.36764406689508],[146.21422125193098,-38.36838813714831],[146.2134543116639,-38.37100262684987],[146.21803389243965,-38.373818867147435],[146.2256911921086,-38.375321136788486],[146.23271912220807,-38.37483908714855],[146.2387120520647,-38.37662405689902],[146.2408691019963,-38.37917206702328],[146.23438921159382,-38.38065914664916],[146.23454131164277,-38.38494618704147],[146.22874526195372,-38.41351873713715],[146.23284165241282,-38.41403425688159],[146.2306640220781,-38.42512029659005],[146.2264830219973,-38.424807807166566],[146.22328690245465,-38.44006153689449],[146.24797178180884,-38.44316339676161],[146.2721850016214,-38.44642230675379],[146.27044099166756,-38.454578987021826],[146.2692654419137,-38.456952746576086],[146.23718011189155,-38.45290699699195],[146.23550546175912,-38.460253656684046],[146.23991254174578,-38.46084895712767],[146.23842371172313,-38.46796893661888],[146.26256751242548,-38.47098987651585],[146.2598917321297,-38.48368895650773],[146.25752277231757,-38.48339096659992],[146.25475753239587,-38.4961098067648],[146.27624993218095,-38.49859104649365],[146.29169451235055,-38.50007542695093],[146.2927644319051,-38.50244873700834],[146.29099896209746,-38.504694596884626],[146.28529007234715,-38.50636886652066],[146.2860846016732,-38.50915940679005],[146.28433789228194,-38.51657396646312],[146.28556619200756,-38.520911516673536],[146.29038799182158,-38.527855986691655],[146.29348600186046,-38.525421996875124],[146.29553598249166,-38.52699000647057],[146.30027299212256,-38.524885996706374],[146.30441698251198,-38.52101700707299],[146.30716799222125,-38.521544996515786],[146.31358199209592,-38.51975700676105],[146.3164980124414,-38.52025298657488],[146.32147515162924,-38.52499328673486],[146.32293241215788,-38.52755756667689],[146.32738921209892,-38.53135816711191],[146.32675236225796,-38.53382120667783],[146.32406570246584,-38.53543364659832],[146.32113855199395,-38.5351761669623],[146.3176288916711,-38.5428316464429],[146.3126569321692,-38.546279176506346],[146.31434301246532,-38.54863400655951],[146.31122299190534,-38.551311996765264],[146.3159160218166,-38.55408599711126],[146.31609100195584,-38.55859000649201],[146.31356600208392,-38.56136999659364],[146.31729400242816,-38.56192999648591],[146.3225540121158,-38.56476199700391],[146.32500798219823,-38.56346599665152],[146.33046200193616,-38.56452700711653],[146.33048200202768,-38.56683698699899],[146.33685099181503,-38.570715997068625],[146.3419400017985,-38.5698940067152],[146.35253800212703,-38.57396899704792],[146.3603949918938,-38.574037006956665],[146.36158000180583,-38.57597900688353],[146.36545400173995,-38.57681400685401],[146.36421099210156,-38.579392996964536],[146.36580998252754,-38.58148498682712],[146.369621901689,-38.582207266903666],[146.3705931619708,-38.585067827112944],[146.36798531227683,-38.586595856511735],[146.36725995232928,-38.5893366367423],[146.3757420024471,-38.59264198707194],[146.37826302188404,-38.58977099690148],[146.38569701205148,-38.59207400673079],[146.38636401204826,-38.594912997107784],[146.3916660018058,-38.596704996948766],[146.3941120119165,-38.598457006566264],[146.39807098169672,-38.59873899679033],[146.40501551220518,-38.5969582269727],[146.40836256219026,-38.59912820674379],[146.4092325724581,-38.602628196756285],[146.42766650244988,-38.60498402702467],[146.42814782247405,-38.60256770665389],[146.43978450164647,-38.60396957703611],[146.44032243170324,-38.60105987653189],[146.44865078187257,-38.60206596714211],[146.449723991956,-38.596812707087004],[146.46312814238257,-38.59850045677013],[146.46155306241454,-38.607384626635024],[146.47623153236037,-38.609321906786754],[146.47860385187172,-38.61140642710674],[146.4780544916513,-38.61398643702328],[146.49274370185472,-38.615870276923104],[146.49332164197594,-38.61336524661732],[146.51217436206156,-38.61602804694431],[146.51186338237818,-38.61743306689952],[146.5256022423846,-38.619308906992366],[146.52496232210208,-38.622649916841276],[146.52835029214503,-38.623065886873114],[146.5204163221483,-38.663544106936946],[146.52585726241566,-38.664176036980805],[146.52145014200485,-38.68898858682682],[146.51965865249497,-38.69071531691364],[146.52555559197359,-38.692614236882996],[146.51992466251522,-38.69459632659016],[146.5147117317349,-38.69424239684505],[146.5045699219588,-38.692127536856226],[146.50240590199897,-38.689564546787494],[146.50519483229127,-38.68610746651716],[146.50413086227886,-38.682892486900066],[146.49994091228294,-38.68516254645427],[146.49660496188147,-38.685606586459976],[146.49544798210118,-38.681451596917164],[146.49202906240177,-38.68454664651282],[146.49344103167041,-38.687764666507164],[146.49256707240863,-38.690837696496274],[146.49326904202275,-38.696553716790916],[146.4878561624299,-38.696339797006225],[146.4869221624694,-38.698017827094446],[146.48076626205062,-38.69748089658001],[146.47321645209362,-38.698843016724844],[146.47082052216163,-38.69849404645232],[146.46642267236456,-38.70171112641851],[146.46306171196727,-38.70208016684194],[146.4619507618621,-38.69980616701971],[146.45658384187584,-38.69917823640398],[146.45075899219881,-38.70006932675358],[146.45063193179007,-38.69721029706533],[146.44384497207062,-38.69492136694701],[146.43921513235136,-38.69704845708244],[146.43888419210242,-38.69983648708167],[146.43175534256903,-38.70181659667887],[146.43004436187152,-38.70303962671603],[146.41809554239236,-38.70607281669288],[146.41248764214467,-38.71115994683936],[146.40653073203595,-38.71802705669941],[146.41120273238639,-38.72121800638802],[146.40682580255563,-38.72237708672616],[146.3919088316985,-38.719677256883685],[146.3899958719959,-38.721007296767276],[146.3845988719223,-38.719929336908585],[146.38319088219038,-38.717907326773116],[146.38416087225437,-38.71515931690039],[146.38376477180793,-38.707462256579696],[146.38014777179177,-38.70304327704561],[146.37887373254685,-38.69963825668435],[146.37985960213013,-38.69210516667062],[146.37897856234719,-38.68961414647679],[146.3809864622972,-38.685645066950464],[146.37430047231743,-38.681127066886084],[146.3702355723006,-38.684098146428035],[146.36381259196799,-38.68125815704454],[146.3606246120602,-38.680620187028694],[146.35781053253316,-38.676227156661554],[146.35113253216946,-38.67298517703507],[146.34650459238705,-38.67454624639065],[146.34450658199003,-38.67656629670041],[146.3388256118787,-38.67384633692346],[146.33720661237808,-38.67545637704118],[146.33821073213477,-38.680321426840344],[146.33182082238102,-38.68106849643032],[146.33075195205868,-38.68749258647552],[146.3257189322703,-38.68808559668121],[146.31973300208637,-38.687812646989535],[146.31956503239957,-38.68931965684524],[146.3098381122324,-38.69176271650333],[146.3034821417284,-38.69174173659107],[146.29439627192437,-38.69397683673176],[146.2919443517974,-38.695261846572436],[146.28493938173833,-38.693815896699],[146.28392238193715,-38.69217089664352],[146.2674874918118,-38.68791001655058],[146.2664595424457,-38.6910280267688],[146.2611546322651,-38.69089606683759],[146.25746670217245,-38.69222410684442],[146.25427967178388,-38.689782126621736],[146.252037842449,-38.695350156663736],[146.25262688215386,-38.697512166913036],[146.2442039223171,-38.69581521663162],[146.24264482247963,-38.68807118653759],[146.2453657125757,-38.68367016651],[146.24394072222708,-38.682832176708246],[146.2400118217543,-38.68548222681437],[146.23839487220926,-38.688824226424366],[146.23510596208766,-38.688227276756194],[146.23083806257955,-38.68977831644911],[146.23140512230597,-38.69442732639123],[146.22270027203143,-38.69635641677991],[146.2136033825938,-38.695532496927854],[146.21648038191992,-38.69798346656757],[146.21898939177984,-38.69736845661685],[146.2237162917706,-38.69839842649023],[146.22764124235098,-38.697010366929135],[146.22932524214886,-38.6995943770183],[146.22638531224382,-38.705670476844645],[146.22127538229407,-38.707019536931575],[146.2179474619329,-38.7102575863748],[146.21122858193561,-38.71095365659153],[146.20887560225404,-38.71044867669377],[146.2062146818897,-38.712494736446445],[146.21082664243986,-38.71497769676469],[146.20776068249367,-38.72012080647865],[146.20410276241964,-38.72005284677593],[146.20067979221668,-38.716247856797416],[146.19726083209306,-38.717984896402164],[146.19522190253653,-38.722574986355866],[146.19207498192537,-38.72602804658495],[146.19818888251137,-38.729253006951225],[146.2010198925866,-38.732959016735805],[146.20880574207106,-38.72840688659271],[146.21088471223476,-38.72965685669955],[146.2079588319807,-38.73212492672924],[146.20813582254954,-38.734343946812636],[146.20470194230745,-38.737538986591744],[146.2014339817966,-38.73637603691429],[146.20030194194354,-38.73368101686863],[146.1953760426595,-38.735871086688604],[146.1943290418228,-38.73399508676146],[146.19699894264502,-38.73066902644703],[146.19351597216757,-38.72877906680848],[146.18964704232494,-38.73031911690711],[146.18789113238853,-38.73458917658138],[146.18561229246396,-38.74344124690114],[146.19061524204653,-38.74404719636338],[146.1928422123483,-38.74540418691863],[146.19621492181113,-38.75058098653299],[146.19716728243768,-38.7541121968195],[146.20097726213646,-38.756464176701996],[146.2007533022547,-38.75979220675485],[146.2028983623722,-38.764285216756406],[146.20732436267534,-38.767880186472354],[146.213330362121,-38.77051016636004],[146.21849730185372,-38.771826126374094],[146.21925734216106,-38.77544013632998],[146.22270535200434,-38.77785614632327],[146.22514745264692,-38.78613517666886],[146.226783531816,-38.79771023654628],[146.22766756209046,-38.8008042469661],[146.23212552265483,-38.8081352667973],[146.23424555211525,-38.80966826659609],[146.23990849214047,-38.81113320640544],[146.25153042187424,-38.8095711063556],[146.25577332216633,-38.80756303678196],[146.26558624254727,-38.80530792675485],[146.27161717203873,-38.80560386695114],[146.2692702622735,-38.80789690695914],[146.2678163524609,-38.815157976942494],[146.267717402134,-38.81942801680723],[146.26420245253075,-38.82161410643927],[146.26427249237688,-38.82728320638031],[146.26566252209128,-38.831110286919554],[146.26808459209965,-38.842656506800445],[146.26891372183556,-38.85291869673153],[146.27099189249867,-38.86029379645419],[146.2813339124971,-38.864678716468795],[146.28625498243824,-38.86602166643108],[146.2873010418405,-38.87034071626546],[146.29243115244313,-38.87607369675077],[146.29330719220317,-38.878485716465704],[146.28930427234766,-38.88260482661585],[146.28745134256394,-38.88713390640723],[146.28724348228866,-38.894623966707925],[146.29191763230756,-38.90428098659455],[146.29810664193286,-38.90608589641146],[146.30265568268385,-38.9066148569146],[146.3095216222831,-38.90526973664559],[146.31604253245638,-38.90557463688015],[146.32370942253928,-38.90331350681662],[146.3306232522246,-38.89474032651993],[146.33066822188772,-38.892359306634106],[146.33285516236208,-38.888122236549684],[146.33582604192358,-38.88487514629588],[146.3360550018283,-38.880536126582165],[146.34650980261569,-38.87569093678259],[146.34736872228302,-38.87200889630349],[146.3532466120878,-38.86788580634049],[146.36225153200658,-38.86614667691323],[146.3687103820685,-38.8600504663992],[146.37901630236894,-38.86043714663102],[146.38202730248767,-38.859740046821344],[146.38784120259976,-38.85600880689572],[146.3926170419089,-38.85084660644469],[146.39722006242533,-38.85215159688079],[146.4088709322843,-38.850184466687054],[146.41308197202818,-38.85330247686021],[146.41700590212244,-38.84892239694815],[146.4189468317697,-38.84397342694054],[146.42115767192217,-38.83347145688249],[146.42168845228758,-38.81856152656606],[146.41982546227104,-38.81784654652429],[146.42066138237212,-38.81077149688309],[146.42305330222462,-38.81005744662695],[146.4227592225467,-38.80589744680609],[146.42073026249318,-38.80380744654254],[146.42757813248042,-38.801464326553365],[146.4275410518221,-38.798416306816556],[146.43553889203548,-38.79599916682799],[146.43702984208218,-38.79287814703064],[146.43826467256,-38.78550905649022],[146.43620465235722,-38.78269607672048],[146.43835355187423,-38.77886903692101],[146.44127654224795,-38.780040996863555],[146.44371146175814,-38.77796894635693],[146.4494574321668,-38.78099385664583],[146.45220442191516,-38.78037183700103],[146.46006528252244,-38.782305716462446],[146.46477320200952,-38.78077365672511],[146.46858413212584,-38.78162959689076],[146.46976213248382,-38.785499586531145],[146.47350214240507,-38.78979254700398],[146.4777930819036,-38.790159496806126],[146.4791260919537,-38.79349547645817],[146.47889122203281,-38.79927152690369],[146.47525644256052,-38.80951464666177],[146.47283959176391,-38.817663746469435],[146.4733546417304,-38.82257573693473],[146.47073967198946,-38.83085775698945],[146.47144073250854,-38.83652173635727],[146.47291467205702,-38.83763969681292],[146.47493965257385,-38.843222656695175],[146.46828005240215,-38.86377689668454],[146.4680942224109,-38.87350697685704],[146.4694972525442,-38.87726998669405],[146.47355919261213,-38.88124796635494],[146.47913208192003,-38.88269189658145],[146.48355099182066,-38.882206806413016],[146.48408104185577,-38.88446579680474],[146.48156207237426,-38.8858158569689],[146.48123915228413,-38.891383916668445],[146.48655713205375,-38.89298582631754],[146.48730728190986,-38.90614691696605],[146.4858233324341,-38.908558956496954],[146.48929529226112,-38.91046392638945],[146.48690439199652,-38.9126919765269],[146.484112432585,-38.911593016873084],[146.47914153219682,-38.913819126870045],[146.47937955250944,-38.915691136948915],[146.47346768213245,-38.91737224696423],[146.46214210211937,-38.93088557659895],[146.452247461997,-38.94570686644043],[146.44437886240357,-38.96034813626012],[146.4366773225035,-38.979072466906125],[146.4376523521163,-38.98296549678016],[146.44619733191465,-38.99796944658667],[146.44603738238672,-39.002192526815584],[146.44451154267273,-39.00568963677172],[146.44110160253285,-39.007620746347506],[146.43263988218825,-39.00839898687247],[146.4317908924981,-39.010117046439376],[146.43234098215052,-39.015614136435005],[146.4360859220261,-39.020422156613975],[146.44270183263396,-39.021953006430856],[146.44513069210927,-39.0176828568247],[146.45252256206965,-39.019934736295596],[146.4616124527329,-39.01965058658105],[146.46472944237706,-39.02229057690164],[146.46865337247132,-39.02291154653033],[146.47264442198863,-39.02661556657512],[146.467974472492,-39.02739263643154],[146.46521755186822,-39.03013076658634],[146.47135659270575,-39.03464780622498],[146.46833867196608,-39.03651089640718],[146.46295473249842,-39.03464291687961],[146.46043882267884,-39.03691499626858],[146.46570785235025,-39.04224008667458],[146.46798476269353,-39.039444996728385],[146.47036675256894,-39.040903006563845],[146.47074883211042,-39.04417010666081],[146.47776169207262,-39.043803046787374],[146.47721382215724,-39.04896622648391],[146.4749939323766,-39.05095331632274],[146.47758893256875,-39.05307737679084],[146.48342598226574,-39.06064562655588],[146.4809450726062,-39.06195565667163],[146.48085911191836,-39.0658677563541],[146.4785781627495,-39.066425766404166],[146.46905122193763,-39.06377671630403],[146.46447127195432,-39.06180663621155],[146.45972832266273,-39.05833251622602],[146.45571627233068,-39.05416041672676],[146.44805937241202,-39.056572576222514],[146.4444855526149,-39.06106184656405],[146.44415055198087,-39.06393692663634],[146.4382666120227,-39.06381412629833],[146.43083674242746,-39.06577939639552],[146.42590993225176,-39.07551668648081],[146.42540802194293,-39.08378583674182],[146.43409101261338,-39.08909183677038],[146.44050398212042,-39.09199380646514],[146.43755906207397,-39.09339884641218],[146.4354742519626,-39.10081689647733],[146.43626425198303,-39.102709896537355],[146.4350993921811,-39.10738795619754],[146.43185648209024,-39.10929798629632],[146.4279155423961,-39.10798903655559],[146.42651160226941,-39.11053505631835],[146.4277826420397,-39.11359906670431],[146.4243757319173,-39.11438509624582],[146.42193494191676,-39.123007186715085],[146.4249049123832,-39.12433716642016],[146.4265099924885,-39.12998619665851],[146.42206203196983,-39.12987925637246],[146.42091699259632,-39.12585322618553],[146.41476608231886,-39.1256813464346],[146.41290714280592,-39.12789838616638],[146.40812622262555,-39.129026476603904],[146.40626027266012,-39.13106151640578],[146.39835838240052,-39.131901636815485],[146.39499947195876,-39.13443271661386],[146.38926850251704,-39.1339207866567],[146.3901704523848,-39.13163277643543],[146.38775944243423,-39.13002379661961],[146.38112655276916,-39.12960089659325],[146.37903561255425,-39.13348295663791],[146.36794779234233,-39.133958136456876],[146.36709774264014,-39.132008136429036],[146.36333083266766,-39.13224719676963],[146.35887276250887,-39.12867221669271],[146.35657180246875,-39.12906121652095],[146.3525687721204,-39.12537019634161],[146.346408852639,-39.12554623653862],[146.34383676218155,-39.121098186786696],[146.34436266199998,-39.11379313629015],[146.3423535924435,-39.11042611669261],[146.33981961211364,-39.11047014674838],[146.33471560206155,-39.10649118671958],[146.33431552207844,-39.10167215647243],[146.3319064821332,-39.09883319646304],[146.32467945212917,-39.09397315668033],[146.32330245247792,-39.08967714615697],[146.32144438253414,-39.08788710631297],[146.32242229214566,-39.08235896640342],[146.3207452920205,-39.08045690632433],[146.32156724242063,-39.0779218561696],[146.32427218203048,-39.07683383615068],[146.33627710219744,-39.07886883652449],[146.34041204206036,-39.07539769653596],[146.3425879521213,-39.06991653684507],[146.3424727620508,-39.05994729623173],[146.3348207920864,-39.058521326377395],[146.33519378247382,-39.0562732866393],[146.33234470278668,-39.051335186388926],[146.32914570234698,-39.04969819637573],[146.32367281259818,-39.05298427668361],[146.3182388827833,-39.05334334672333],[146.3168998423427,-39.05199632656797],[146.32015677244019,-39.04938325622575],[146.32636159241446,-39.04111802628197],[146.3202605027027,-39.03522797659913],[146.31612253192398,-39.033389986385814],[146.31185254203618,-39.033303036499404],[146.30852670217334,-39.03806114682329],[146.30567076205233,-39.03958718684111],[146.30394672254556,-39.03645016669096],[146.3071425124065,-39.02810298661279],[146.30302746214232,-39.0234700662854],[146.29793852222747,-39.02413512624688],[146.29057056272495,-39.02370216682457],[146.29032265196105,-39.02652615677113],[146.28391464205268,-39.02488721636731],[146.28531755271,-39.02140620657278],[146.2900604427128,-39.01907718671556],[146.2925133527832,-39.015816166475894],[146.29107127198625,-39.01279918660514],[146.28165025242777,-39.00665720680679],[146.27959114221838,-39.002063216850836],[146.276838131961,-39.000647206625786],[146.27653409266154,-38.998140216832574],[146.27391506253548,-38.99611618658078],[146.26440718217728,-38.995740226198876],[146.26260225207412,-38.99870925625462],[146.25823218267718,-38.994047256389415],[146.25330928196956,-38.99424627674313],[146.25343922237704,-38.992261266355044],[146.26223813255015,-38.99034720623644],[146.2672950223723,-38.991191176287096],[146.26777397264075,-38.98687913655352],[146.27077387227752,-38.9811050667942],[146.2672918126918,-38.976466056416335],[146.26821573265644,-38.97231502678832],[146.26277567273803,-38.96609801652101],[146.25229057267438,-38.950738946510334],[146.2468794421014,-38.93848685674361],[146.2442044325602,-38.93522585645971],[146.23875129227295,-38.92552680687809],[146.23384931242995,-38.91860780662102],[146.21991131209464,-38.902769796286776],[146.2128363327322,-38.89639776684306],[146.19966822273142,-38.882997716805086],[146.18420204257075,-38.86950866642535],[146.172233991958,-38.86286962635864],[146.15893291243052,-38.85416257629676],[146.1478658226404,-38.8463525866639],[146.13993492218708,-38.84191054624836],[146.1354129324042,-38.83857453648592],[146.12314499270855,-38.83154246681397],[146.11671000190057,-38.82891446691373],[146.1104079922974,-38.82544345688067],[146.10015503217457,-38.821305446615824],[146.08532913252088,-38.816291486624095],[146.06784628215811,-38.81248760654604],[146.06319432232334,-38.811772626425494],[146.04775150195331,-38.81103768682265],[146.04044059265792,-38.811621736739816],[146.03267565236004,-38.81355076677827],[146.0228508023521,-38.818167866664005],[146.02150285242055,-38.819714896263484],[146.0159249226656,-38.821782956202064],[146.0089760227516,-38.826302056746194],[146.0067531325979,-38.831932166210144],[146.00357416189408,-38.837645256797934],[146.00168120228295,-38.83929129624103],[145.99784425246438,-38.846554436844386],[145.99659934199084,-38.852200506500225],[145.997129471976,-38.857963556771324],[145.9985825023379,-38.86055057628538],[146.00152750233445,-38.8614245463373],[146.0011006022502,-38.866937606575746],[146.00292264256453,-38.86905061647349],[146.00641974264312,-38.87691067628019],[146.00255483276138,-38.87913770651434],[146.00165288199534,-38.881555736817695],[145.9980848922644,-38.882303746531925],[145.98634507212427,-38.889574856698296],[145.97906555265988,-38.89517707683046],[145.97127626262792,-38.89698399667874],[145.96500706219388,-38.89640799670532],[145.96309446271567,-38.89874102680185],[145.95706951241075,-38.89633003661611],[145.9491626625525,-38.89642904650205],[145.94587369224377,-38.895380046188194],[145.94020381273302,-38.89608206664028],[145.93672299282235,-38.89754296672216],[145.93358593211968,-38.90191104626867],[145.92364884210863,-38.908231016582036],[145.91887117203296,-38.906876186513],[145.9188129522194,-38.90469995632305],[145.9164121327574,-38.90097514672111],[145.91332613229557,-38.89821610660677],[145.9150059719954,-38.895020996553605],[145.9117260028058,-38.891840066317535],[145.91455490273842,-38.8851139867769],[145.91337890203033,-38.883117006740314],[145.9166418220941,-38.87952796619227],[145.91492176212407,-38.8721329961524],[145.90787569234408,-38.857028066660966],[145.90526273213442,-38.85526108637449],[145.90333469241318,-38.84902411671855],[145.89909875226792,-38.84680411675232],[145.9001509022478,-38.84316001623661],[145.89726069229707,-38.83807999646118],[145.89772862203364,-38.83441691617883],[145.89466857210374,-38.82711380630197],[145.89430853272773,-38.82320573625065],[145.88704759222003,-38.81392261642701],[145.88381806253537,-38.804903996774186],[145.87872256222397,-38.79353136639969],[145.87581957194172,-38.788831306463734],[145.8714635126699,-38.7794432263647],[145.86409157273243,-38.76970415654601],[145.86135155211406,-38.76535811623523],[145.84844763214673,-38.748488946329424],[145.84648262225994,-38.74533891645415],[145.83763367233232,-38.73490280662686],[145.833103692035,-38.72880874667547],[145.82731475251137,-38.72336469622772],[145.82063080260562,-38.715509626609],[145.79332398258393,-38.68782954641637],[145.78541699258847,-38.68121460621314],[145.7752490723803,-38.673545686423324],[145.762226131926,-38.66462782670808],[145.75045929225885,-38.65824583635323],[145.73076546250468,-38.648134866438426],[145.72949599209124,-38.64510998649215],[145.7138600123756,-38.645539006589686],[145.70847900231414,-38.64772196676286],[145.7036348326529,-38.64738095647522],[145.69467193232984,-38.64917600674444],[145.687397041884,-38.65229901628344],[145.68554988197937,-38.65564503665405],[145.67894097194255,-38.663075966251704],[145.67488991226926,-38.664866976580804],[145.67403001253996,-38.66696899659491],[145.66716794198473,-38.67026103641679],[145.65866687273567,-38.672432006316846],[145.65975300238946,-38.67460200637835],[145.65665484233193,-38.676980976204824],[145.6500599819462,-38.67695000617011],[145.6419668421592,-38.675055956298955],[145.63856591212172,-38.67243596679913],[145.6347481224699,-38.6726990364519],[145.632911042561,-38.67453801637636],[145.62737498238317,-38.67291900653075],[145.62375586234293,-38.673207996460704],[145.62124601255823,-38.67486699669807],[145.61751312268385,-38.6740119667662],[145.6153249820603,-38.67607099678537],[145.6100020723364,-38.676545006564375],[145.60698816257445,-38.67876196664519],[145.6001751822545,-38.674583006174615],[145.595943002457,-38.67052203662929],[145.58874082254871,-38.66831298684307],[145.5842436622003,-38.665021096632266],[145.57878611208332,-38.65848596646098],[145.57212288271788,-38.65531103639063],[145.56466907212203,-38.65419099678092],[145.56052512215683,-38.65123602667942],[145.55799107265665,-38.644354986662464],[145.55149812254658,-38.633505036652714],[145.54715185221644,-38.62535498673072],[145.54261008242938,-38.61805399677831],[145.52328205204878,-38.59549198631929],[145.51650685217476,-38.589615006681626],[145.51095385246558,-38.583953006390445],[145.50231386235114,-38.5730960362055],[145.49322817221017,-38.5638640163122],[145.48271617209537,-38.555501036605094],[145.47388897217735,-38.55130599647528],[145.46922698265243,-38.55046698647418],[145.4652619124131,-38.55127203627177],[145.4610668519015,-38.54942297662997],[145.45288297238938,-38.548168006640694],[145.4502193525876,-38.548507966866865],[145.44808490247195,-38.54553299657135],[145.4403479923059,-38.5425229966596],[145.43664514209465,-38.54007603626763],[145.42822299253825,-38.53802601633271],[145.4251550527052,-38.53942496655714],[145.4236880427608,-38.53647898662082],[145.4178499025091,-38.537846986689054],[145.4088898821848,-38.53685303658889],[145.40349205206786,-38.537592026301546],[145.39907701210953,-38.5362359865366],[145.3931280224467,-38.53565495623642],[145.37988611225205,-38.53576601624629],[145.37613708234693,-38.5379669663712],[145.372011852374,-38.536297026487844],[145.37021164201929,-38.53159430685084],[145.37036556205504,-38.52741927676349],[145.3639895923579,-38.524185346664204],[145.36389254196789,-38.52073833623655],[145.3713411324536,-38.520031286580235],[145.37646398197384,-38.520293046533816],[145.38231500227005,-38.51911299666263],[145.38924650271534,-38.519572966811715],[145.39350243217228,-38.51867593637547],[145.39831419241466,-38.51630495623905],[145.40482513218663,-38.51614295653931],[145.41308100268554,-38.513433966545996],[145.41824593198862,-38.51351099636436],[145.42463018235605,-38.50956799622294],[145.42783419270015,-38.5051329968676],[145.42812217191903,-38.50116398678283],[145.43421983276133,-38.493047966483736],[145.43182298205627,-38.48441399668642],[145.43252801223056,-38.480367986590984],[145.4281449819407,-38.475176996307134],[145.42124291210072,-38.473234016392794],[145.4200849819029,-38.47062599677917],[145.42559820241468,-38.46578393622415],[145.42948691226155,-38.456846016428784],[145.42935587231614,-38.44773098648662],[145.42801884230516,-38.44581102626996],[145.4290311726634,-38.44255102625592],[145.4334008423101,-38.438763026922146],[145.4338130720074,-38.43486801689751],[145.4328680119892,-38.42870899671585],[145.42614687272894,-38.4163550067388],[145.42335505255633,-38.41245504688579],[145.41664500209998,-38.40724601673804],[145.42519900188222,-38.408571006863355],[145.43020085192686,-38.410518966797675],[145.44033084256884,-38.40793900682743],[145.4443769022192,-38.40869500654706],[145.44849202255196,-38.4117630362756],[145.45355618243977,-38.41265996649913],[145.45947819210127,-38.40870995637988],[145.48134815200365,-38.407164026771554],[145.4838818718221,-38.40844302629049],[145.48588200224324,-38.41193402695893],[145.4893200120407,-38.414939036494616],[145.50130690212166,-38.416798976411854],[145.50835501197562,-38.415833016875524],[145.51338314223398,-38.415895026701726],[145.5188641320916,-38.41370998668604],[145.52064898215323,-38.41138799678066],[145.52722799266414,-38.406030026601016],[145.5348218524094,-38.39792795657164],[145.5378328920541,-38.391831986727006],[145.5421950023776,-38.38676599647145],[145.54621803191907,-38.37608899680167],[145.54893312249166,-38.37168799682223],[145.5489561526006,-38.368145966959894],[145.551354132488,-38.36223701654771],[145.55245103204382,-38.35456595676977],[145.55079396194145,-38.346569016926836],[145.54514482183563,-38.339535956355085],[145.54242612183225,-38.337571986612865],[145.53387902200973,-38.334970977008275],[145.5238688324907,-38.3345389869447],[145.5213610919503,-38.33685801660936],[145.51753790252525,-38.33778896642417],[145.51576203202328,-38.33642501679831],[145.516431952443,-38.33016596658227],[145.51644995198635,-38.319335016609976],[145.51549704248913,-38.317851986500365],[145.52066898224467,-38.306672156714],[145.54180547220915,-38.30938469670393],[145.5453489720688,-38.292231586730864],[145.5536667724234,-38.29357087651487],[145.55815200224654,-38.2961211265465],[145.56348684249573,-38.301977776707496],[145.5693498023004,-38.30455503681095],[145.57834946258325,-38.31108344640618],[145.58159376236785,-38.312362346431954],[145.58413179230303,-38.31562926704329],[145.58479346259517,-38.32076088665395],[145.58868001199386,-38.32626041656117],[145.59361744205285,-38.33009870663644],[145.6056835024564,-38.33245663689249],[145.60926018248932,-38.31471066670589],[145.60713084199105,-38.31526445660947],[145.61242589226302,-38.285715097014844],[145.61472353212983,-38.287994906590974],[145.61891756227377,-38.28907086668328],[145.62178854198922,-38.288609826385084],[145.62504248249346,-38.28607576687467],[145.62954742225222,-38.28670974642618],[145.63507035175553,-38.284657686982996],[145.65999908238683,-38.28719648703841],[145.68027520190478,-38.28959704691442],[145.68149185227782,-38.28223206704424],[145.69093316208358,-38.28308872663434],[145.68963978211056,-38.290119116987974],[145.69872766234423,-38.29113198691724],[145.6997122922524,-38.28566105695079],[145.7326801119383,-38.28937469680058],[145.73653900220938,-38.26887254675758],[145.73294400193453,-38.26859598659626],[145.73635697209173,-38.24897585673223],[145.73144557251467,-38.25105863674048],[145.72452093250328,-38.249172156912714],[145.71912123209395,-38.2493875169039],[145.7139420321543,-38.25194399679478],[145.71292726197169,-38.2508711965111],[145.7151735424588,-38.23863261709516],[145.7129565317786,-38.23926263700739],[145.7162612818936,-38.22159046676756],[145.71469929217588,-38.22140149673797],[145.71741212168894,-38.206726386484235],[145.70859299223548,-38.20692100707786],[145.70080236191706,-38.20592583702984],[145.70289403246224,-38.19481698696372],[145.70784211204904,-38.190822416934495],[145.72972518196465,-38.15397984714748],[145.7484776419797,-38.14282599678118],[145.75494080215836,-38.12653559655528],[145.75790029198043,-38.115638606640275],[145.76278651178004,-38.108945686709816],[145.74873171159325,-38.10247646686898],[145.7434472416787,-38.10085837715855],[145.73921091166457,-38.10053005678861],[145.7453521416965,-38.094535286523715],[145.7472170720741,-38.09120825676581],[145.7450160523043,-38.08698825714448],[145.74821093217187,-38.08358720674629],[145.75196901170506,-38.082810996734196],[145.75444254170458,-38.07919841698716],[145.75272346179648,-38.06580505685239],[145.7556453220896,-38.06136002717337],[145.75392825171284,-38.057644987198366],[145.7572311423152,-38.05413797717917],[145.75467114228306,-38.0499428666984],[145.75686807202342,-38.045685737128515],[145.75508903226503,-38.03998257721491],[145.75601459165514,-38.03710319657647],[145.7552840115975,-38.03211269698228],[145.75804202187774,-38.028606997058915],[145.75718949192702,-38.025726876953776],[145.76468783201148,-38.01921093673479],[145.76460874163897,-38.007185166873285],[145.76195770184438,-38.00239715705644],[145.76126077177898,-37.99927907679157],[145.76253586205286,-37.9907228670024],[145.7605900922828,-37.98802339721194],[145.75669561165856,-37.98596394673695],[145.75601197216773,-37.982549347068975],[145.75269565175188,-37.980398517225694],[145.74732734207188,-37.975434206816445],[145.73957795161155,-37.97179451720058],[145.73384201179144,-37.96363399699407],[145.73106699191126,-37.95883398720873],[145.73380201160847,-37.956294997239745],[145.73662499164334,-37.95568798690144],[145.7367920118108,-37.95331799708737],[145.73486598162086,-37.95018499698977],[145.74164199177523,-37.947845987256315],[145.7421490117014,-37.94318098708419],[145.74684298214876,-37.93850600731001],[145.746484011768,-37.934626997138096],[145.7414359820295,-37.92914098715556],[145.7412519917879,-37.9271169970942],[145.74587402155404,-37.92498200714448],[145.74752900217507,-37.922641996838905],[145.74749400201492,-37.919237997131184],[145.75080699147773,-37.91717098686959],[145.75555601158405,-37.908899996979834],[145.76262401193503,-37.903266996762625],[145.7650169917996,-37.89857998667054]]],[[[145.2790898624665,-38.457098266775795],[145.27354285272364,-38.45914536673506],[145.27650891192533,-38.46113031668807],[145.2806777919363,-38.45914023663857],[145.2808777820714,-38.45719224658351],[145.28483175272706,-38.45587217638304],[145.29014670247918,-38.45673109654777],[145.29279601211854,-38.45825998673109],[145.30151918263502,-38.45818295621965],[145.30374287228932,-38.459309036528204],[145.30972716214956,-38.459663006576996],[145.3102080123548,-38.46537199661708],[145.3040390019227,-38.466129996874265],[145.3005489122966,-38.46856920645346],[145.29695906206328,-38.47616304664644],[145.29081122222746,-38.480247106412385],[145.29124137241647,-38.48711210638762],[145.29550139280116,-38.48917308644479],[145.30117532191727,-38.488199996531776],[145.3031292726446,-38.48536696654316],[145.30550028241223,-38.485335936274026],[145.30402936210137,-38.489986986783904],[145.30694049201847,-38.49435896627076],[145.3042435123803,-38.49734301621755],[145.29967955240906,-38.49669305669873],[145.29724763237354,-38.49975911632386],[145.296537771958,-38.50479414624508],[145.29793379253704,-38.50709014681534],[145.30390676272637,-38.50815507643456],[145.31004168209344,-38.5081550068426],[145.31554763253962,-38.509835956835865],[145.32546848280697,-38.50673581631382],[145.32795044259703,-38.506935786549434],[145.33289831197803,-38.50479971667481],[145.338983332626,-38.50948467653005],[145.34679725266642,-38.51033456647378],[145.35325009210078,-38.50820495629139],[145.35765396240689,-38.508492966483686],[145.35916309255836,-38.51110899635247],[145.36371099244897,-38.515346016283715],[145.36186201255754,-38.51692396670681],[145.3497334222237,-38.51929058641488],[145.34418856214936,-38.52437166662121],[145.34339965268367,-38.529068706498954],[145.3412727627894,-38.53325075646554],[145.34145289207186,-38.537310956810764],[145.3493149124042,-38.54460500678263],[145.35348986233151,-38.54620798645665],[145.35712190194224,-38.550387956747485],[145.36349892266824,-38.55131900658705],[145.361999172725,-38.556476986519314],[145.35863387256657,-38.56028301667536],[145.36108189220857,-38.56582799634667],[145.3515620426975,-38.56724900663408],[145.35014003206064,-38.56331403662517],[145.3448491427851,-38.56235003638928],[145.342604902372,-38.55821003614615],[145.34569583278815,-38.55741497656738],[145.3463251224076,-38.5532649862138],[145.34400891256723,-38.54937996673678],[145.33859410249482,-38.54310300680318],[145.3296599922783,-38.5352289765624],[145.3151401522352,-38.52358496658285],[145.3080391423907,-38.51862804650403],[145.30230901197555,-38.51611002630928],[145.2985581620837,-38.51557298682184],[145.29698712273782,-38.51381700683461],[145.29270706273567,-38.512902956278644],[145.28714293200187,-38.51032795684157],[145.2807050620934,-38.50975799661915],[145.27406593273045,-38.50825895679642],[145.2727321528241,-38.50552996647742],[145.26606600213734,-38.50792099676],[145.2632270320904,-38.50776998644039],[145.25547013261266,-38.503871996574915],[145.24717715270933,-38.50491698663401],[145.24651693229796,-38.50757395647497],[145.24094700204066,-38.50664202621014],[145.23542101197714,-38.50952002648433],[145.23370488213644,-38.515493976392],[145.2297830325404,-38.51802197615638],[145.22725008257817,-38.523815996498534],[145.2247761528284,-38.523940016757095],[145.22169817252546,-38.52812303663203],[145.21738285275012,-38.52606302627896],[145.21648718210616,-38.52431198629308],[145.21072211261628,-38.52526400668595],[145.2070760224563,-38.51957194629125],[145.20094092252785,-38.51660500647223],[145.1977351227397,-38.51847395626714],[145.19182285261243,-38.51469098624605],[145.18721987252022,-38.51581698659192],[145.18537994225701,-38.5133619665866],[145.17368100264883,-38.51343198648308],[145.17233711220396,-38.50995797673853],[145.16754013284128,-38.510738996363216],[145.15695396242674,-38.50943498664969],[145.15240895241638,-38.50967995618351],[145.1494310219782,-38.5115532667018],[145.14908186209863,-38.514689006217694],[145.1447578924454,-38.51584099677964],[145.1420571524595,-38.51491597671859],[145.13650597273704,-38.51627003625807],[145.13513401263458,-38.517711036156854],[145.12787890219303,-38.51754299645182],[145.12118291216748,-38.51811801672904],[145.11656091204574,-38.516882026117244],[145.12104683267327,-38.513462026217994],[145.12156094210368,-38.51069300613721],[145.12551983283217,-38.50932797639648],[145.12629312239167,-38.506383986629885],[145.12861693197934,-38.50527697661689],[145.1326550424378,-38.50846497657568],[145.13865914284494,-38.50587295624924],[145.14388415237255,-38.5057299562298],[145.1477030424606,-38.502224996190655],[145.1489558320575,-38.49845904660554],[145.14828408266786,-38.492305016524256],[145.15113816237786,-38.49051096676405],[145.15277796236882,-38.486277976635556],[145.15192116272556,-38.48398099623701],[145.15574005281368,-38.47947902679187],[145.15738704202187,-38.474784986315996],[145.16242878265504,-38.47078382622456],[145.16684754253706,-38.466157746504244],[145.17407739235276,-38.46504464619186],[145.17797004221052,-38.46257000632534],[145.19381385255707,-38.45648036648669],[145.1976847524051,-38.452686286356546],[145.20625367230588,-38.44987118639862],[145.2145348726009,-38.44882898680607],[145.21975488210558,-38.449846986787094],[145.22968331235737,-38.44971589662296],[145.23635916215423,-38.44720899685324],[145.24341279215562,-38.44688193617997],[145.24730800221195,-38.44869700623507],[145.2556012722711,-38.44920915687129],[145.27697903265286,-38.45113704664542],[145.28066111201815,-38.450441966475346],[145.28991492276288,-38.45009799668378],[145.29197195247409,-38.45305799636916],[145.2800390421586,-38.455054016859975],[145.2790898624665,-38.457098266775795]]],[[[145.33784402270734,-38.49381959623287],[145.33707705279582,-38.49531661645521],[145.34215909275105,-38.49928055646158],[145.34016517238348,-38.502311616461775],[145.33560219247417,-38.5018316668332],[145.33295820265798,-38.49949269652613],[145.3362410527447,-38.494070626758585],[145.33784402270734,-38.49381959623287]]],[[[146.2314112524095,-39.08845099646413],[146.22488925257974,-39.08517298621078],[146.22470416280032,-39.0803499564193],[146.22231615241589,-39.07669891643491],[146.22145307265052,-39.072656886758395],[146.22320200267714,-39.0708808663072],[146.22637900247727,-39.07263788666382],[146.22653606212495,-39.07533091632716],[146.22991216272794,-39.08380396640035],[146.23297115264583,-39.083755996708355],[146.2352951823208,-39.0857319962141],[146.24144215258738,-39.088848026789265],[146.23775430244473,-39.096649126575684],[146.2338883621954,-39.09571110658855],[146.2333612622277,-39.091161046248644],[146.2314112524095,-39.08845099646413]]],[[[146.23450171210837,-39.114355326313564],[146.2385516021752,-39.111866306536726],[146.2392896328598,-39.114403316313584],[146.23689673204697,-39.117738366655914],[146.23450171210837,-39.114355326313564]]],[[[146.23916389207622,-39.019106546691695],[146.2435758624912,-39.01975552628411],[146.24254499270214,-39.02466255631461],[146.23917999258106,-39.02398858652821],[146.23682599241326,-39.021225586320064],[146.23916389207622,-39.019106546691695]]],[[[146.23741857237866,-39.10926927650805],[146.23578552232874,-39.10534120675652],[146.23812448200366,-39.105079206781895],[146.24127151220927,-39.1082822467004],[146.23741857237866,-39.10926927650805]]],[[[146.2239121424688,-38.96971326630663],[146.22398715269333,-38.96669824652186],[146.230566062593,-38.966019216617326],[146.23347003203892,-38.968519216432355],[146.22392123252118,-38.97213827671645],[146.2239121424688,-38.96971326630663]]],[[[146.35623297231663,-39.13884930630969],[146.360309872029,-39.13745725633385],[146.36576487272723,-39.13808218660386],[146.3595389926494,-39.14083228613912],[146.35623297231663,-39.13884930630969]]],[[[146.32170134202792,-39.14456749676908],[146.3173153526875,-39.141940456410225],[146.31405933258338,-39.13693041660715],[146.31935428224403,-39.13844243655289],[146.32458123213266,-39.13826041628448],[146.3298722327993,-39.141674446331116],[146.32544737245817,-39.1472795063121],[146.32170134202792,-39.14456749676908]]],[[[146.31047346278507,-39.157253036684196],[146.30663100270058,-39.15249037614179],[146.30945176210003,-39.15012603616952],[146.31224996210784,-39.15266331618258],[146.3142255227076,-39.15839268633816],[146.31047346278507,-39.157253036684196]]],[[[146.5139608919727,-38.91020843692301],[146.51321494263885,-38.91313647643188],[146.5080741025585,-38.91474957643767],[146.50586709192405,-38.91312562688894],[146.51246786232608,-38.90839246639399],[146.5139608919727,-38.91020843692301]]],[[[146.66206665209174,-38.922112926929636],[146.6645766123692,-38.92347303690155],[146.6642366817809,-38.926633366646264],[146.66027672205718,-38.92607331670507],[146.65906668238634,-38.92201288635404],[146.66206665209174,-38.922112926929636]]],[[[146.67632676223676,-38.941814466788244],[146.6733667621716,-38.938904476534226],[146.6746667124226,-38.937294326558344],[146.67895666197768,-38.940774436425336],[146.67632676223676,-38.941814466788244]]]]},"properties":{"name":"Monash","ced_code_2021":"235"}},{"type":"Feature","geometry":{"type":"Polygon","coordinates":[[[144.7038114314959,-37.21295829729506],[144.7095340816397,-37.21241173688998],[144.71149402143502,-37.210108686794776],[144.71609795194485,-37.20879564704033],[144.7160911220537,-37.183584736932815],[144.71454162161342,-37.18357110732028],[144.7141381522867,-37.17648134718679],[144.7118074121966,-37.176440647035605],[144.71207463224758,-37.168832556735225],[144.71009476153102,-37.168790596896656],[144.71025101179663,-37.15954098743225],[144.71677199203847,-37.15961498686363],[144.7192550217221,-37.16050500685617],[144.72654337162578,-37.159626427226684],[144.7255129015869,-37.157879177363746],[144.72570869209804,-37.14388608723984],[144.7311325922228,-37.144451017260714],[144.7329740118928,-37.13353300743846],[144.73521756150137,-37.12651406714099],[144.72800498179694,-37.12561442695213],[144.72015500158443,-37.1209129871901],[144.71626300210693,-37.11797098688026],[144.71534700168985,-37.11549999735161],[144.71706100162498,-37.11106799693209],[144.71417199182346,-37.107712997348585],[144.71371001162905,-37.104873986963405],[144.71635699193678,-37.09700899710227],[144.7170190314366,-37.090246006965224],[144.7197470020537,-37.088013997064216],[144.72722198144925,-37.08403099695498],[144.72509001158207,-37.07956698684607],[144.72631003153577,-37.07720499698453],[144.72624400176915,-37.07330499732673],[144.72459803214875,-37.07042199737904],[144.72834800169156,-37.06669899747094],[144.72770801134044,-37.06016200699291],[144.7252040015034,-37.05709400739331],[144.72565500159013,-37.05415000695641],[144.72307602195272,-37.04889098700545],[144.72443199204318,-37.04524299694456],[144.7237346613292,-37.04102847741625],[144.72607697172015,-37.035971996890574],[144.72591298157008,-37.03185498741866],[144.72714099203822,-37.02975199692399],[144.72609501168765,-37.02573700748361],[144.72597901133668,-37.01882399721118],[144.71380703147636,-37.00213699729074],[144.71463802162322,-36.997955996845526],[144.74303400131615,-36.997718996875065],[144.7430700219624,-36.98388099701852],[144.74718273211533,-36.981180247493285],[144.752340001484,-36.97646800715802],[144.7494235113196,-36.97294904708124],[144.74851634134174,-36.96777080718679],[144.75345084199463,-36.96299388684487],[144.754838651972,-36.964475457263944],[144.76347684186268,-36.97021925722997],[144.76599290170088,-36.97363178748788],[144.77097278164868,-36.97126110715735],[144.7804558819798,-36.971274967331425],[144.78045442131915,-36.96960553742741],[144.7965727514266,-36.965539447337264],[144.7912674019699,-36.952030166978204],[144.79901748143803,-36.95578927699719],[144.80244034204662,-36.956614587161674],[144.80631613142475,-36.95564284756519],[144.80020658137965,-36.939435117157004],[144.80144531144404,-36.93789243713633],[144.80426662151078,-36.92588831725796],[144.81657650175038,-36.911632686986664],[144.8197095918994,-36.90341820691572],[144.8223858015899,-36.89970902722579],[144.82870271154871,-36.89636444738076],[144.83723616147049,-36.89272934708164],[144.84787131162756,-36.88514190694694],[144.85356322142238,-36.88025039745223],[144.8509125616152,-36.87945426760887],[144.85297933175906,-36.87503146752776],[144.84869497152172,-36.874911327635274],[144.8441816316167,-36.87221312709254],[144.84061730162227,-36.86750054750578],[144.83021545202928,-36.85969853706358],[144.83118891138687,-36.855469787461594],[144.82143936175942,-36.85549039726512],[144.8121765319292,-36.8434137476262],[144.81108000158102,-36.83984398727943],[144.80361757165,-36.839857397569936],[144.7985469618585,-36.832621307305175],[144.79422696186055,-36.82132459735941],[144.787313541807,-36.80532981706402],[144.7867501220541,-36.799701487075936],[144.79200506165034,-36.799703637099576],[144.79170262135202,-36.78003665743143],[144.78476653141394,-36.780526067581924],[144.7848061013039,-36.77065776754039],[144.79474139198948,-36.77067108705225],[144.79468526165726,-36.75072293717854],[144.775123561505,-36.750608647414005],[144.7669270813244,-36.74725738747843],[144.76284036122934,-36.74952413714303],[144.75741587180974,-36.75012065715345],[144.75284461123022,-36.75302343720296],[144.7503159713847,-36.757556727519756],[144.74089583127693,-36.75578588727486],[144.73450800202139,-36.758590657601566],[144.72882177137583,-36.75820444727721],[144.72295020121913,-36.76098842698925],[144.715144311219,-36.761285957516286],[144.67914075181142,-36.76122918755683],[144.66615912128378,-36.762611857290956],[144.6661648920612,-36.72585270749413],[144.6671055718941,-36.72540259720618],[144.5200985016732,-36.72529316724613],[144.51927622159133,-36.71910098715729],[144.52075152208755,-36.71599490758404],[144.5188834817424,-36.71439722739456],[144.51991417186846,-36.7110746973985],[144.52466366179365,-36.70698716705011],[144.52656411155763,-36.70228655702264],[144.52506432208847,-36.697372197127926],[144.52244891127472,-36.693603447505346],[144.52472845188524,-36.68996105705282],[144.5286160612959,-36.68977979734063],[144.53305486169356,-36.691410427133775],[144.53448552131002,-36.68760737764546],[144.5319176313748,-36.686044607532494],[144.52979293157318,-36.67954453745703],[144.53102229131085,-36.672278037388956],[144.5283334818502,-36.67042124759551],[144.52874640145376,-36.66584736707896],[144.52514750159224,-36.662955827210915],[144.52612738120922,-36.65950010741547],[144.52971336150028,-36.659425047631224],[144.53739106190932,-36.6555072474395],[144.53970155127797,-36.64912112710781],[144.54588816150314,-36.64654244747104],[144.5437929417142,-36.64171296732457],[144.54560126116095,-36.64027088760514],[144.54839808135642,-36.63337741722738],[144.5507643417312,-36.63079901721313],[144.5564008515241,-36.62787022750389],[144.56015027129797,-36.62704475734165],[144.55958040164134,-36.62431585730226],[144.56364478153358,-36.62105795699798],[144.56341151151216,-36.61852715761489],[144.56038643119965,-36.61692020718016],[144.56326931179598,-36.612816927101235],[144.57009098151968,-36.61196651756919],[144.57109035188333,-36.60792876718578],[144.57490127121991,-36.60650792763215],[144.57896748187875,-36.60248915725907],[144.57740689173622,-36.599227477337884],[144.5812811818262,-36.596830857246225],[144.5868180118603,-36.59796207705061],[144.58988953147974,-36.59418035745015],[144.58341169193102,-36.58523849743869],[144.58533622193448,-36.582984177161734],[144.58879909170915,-36.584009907470204],[144.595015181947,-36.57892283706398],[144.59815944174824,-36.57515642717721],[144.59671762146277,-36.57003641724746],[144.59401406166512,-36.56682755712035],[144.58684251161299,-36.56204846716523],[144.58721904136263,-36.557899387029536],[144.59576581150344,-36.55655089730207],[144.60183141147334,-36.55448729720764],[144.60535260167288,-36.55459466741633],[144.60886872178094,-36.55713320745848],[144.61175952192482,-36.5537394871642],[144.60934067147838,-36.5529467676393],[144.60888599189227,-36.55003652709537],[144.60640201179115,-36.54716147707459],[144.6080436012262,-36.54522493767824],[144.61512698163313,-36.54267741730594],[144.61710984194292,-36.538408267679024],[144.6163102712715,-36.534518457130254],[144.61006643117625,-36.53264808720313],[144.60876722113696,-36.52878887769682],[144.61345079178832,-36.528687087631425],[144.61862722132366,-36.52723341750342],[144.62464753183016,-36.52838901744362],[144.62643855152112,-36.52490995732138],[144.61786152162998,-36.5198295671428],[144.61291332166897,-36.52072675728706],[144.61025474141596,-36.516765687289194],[144.61141069172692,-36.51285491750813],[144.615911401319,-36.5092401673849],[144.61953012160896,-36.50905736776322],[144.62349840152876,-36.50395922712425],[144.62141903161475,-36.5017822271945],[144.61274338107845,-36.50234191715761],[144.6117923014495,-36.49748966756567],[144.619638121564,-36.492734867445215],[144.62344909120623,-36.4943039277025],[144.6239224512587,-36.489730587466944],[144.6232446112913,-36.48468464751276],[144.62153747179008,-36.48232070742501],[144.6238231416057,-36.47857445708322],[144.62985491192026,-36.4778516776516],[144.63385885136358,-36.48063392716798],[144.63892403173753,-36.47459591709696],[144.64308849113897,-36.47245886763022],[144.64830351140057,-36.47237813727415],[144.64884418131894,-36.47416562710966],[144.65474386155753,-36.47264220729515],[144.65352636137823,-36.47120984748874],[144.65351487192575,-36.46545839744387],[144.6572746914957,-36.463349437385666],[144.65923489180244,-36.463761727494564],[144.66130670149502,-36.45918970780562],[144.6699758518219,-36.45863198772418],[144.67154652106194,-36.457117817201535],[144.66984588177002,-36.45188908729675],[144.6700741113443,-36.44893565728283],[144.67373459161684,-36.447265977275116],[144.67193065145716,-36.443104457143804],[144.6631855413865,-36.441650687741955],[144.65918448104367,-36.43914410731621],[144.65979002190196,-36.435071707720944],[144.6614503313292,-36.43273970766061],[144.66447359165494,-36.43275986714726],[144.66655945189692,-36.42906806778874],[144.66551760110173,-36.42772220760992],[144.66925870157777,-36.424316967663856],[144.67426128105447,-36.42550028780095],[144.67195474157813,-36.41885595737818],[144.67018861150873,-36.41865380714701],[144.669052441202,-36.4127044475699],[144.6652738917584,-36.41083784761062],[144.66817764111713,-36.40659263781623],[144.57639277103561,-36.40680151717231],[144.505004431551,-36.406867397716944],[144.4797857112713,-36.40666391707759],[144.4300992110853,-36.40668587706322],[144.4292449213349,-36.41090093777201],[144.41570207192683,-36.396324267093206],[144.39975409114336,-36.4075230573037],[144.39075407153442,-36.40778235741197],[144.36939887144268,-36.40784939750035],[144.36947088129415,-36.39894245735627],[144.3683707316337,-36.39567321742653],[144.3625347518302,-36.39671792744717],[144.3589970613755,-36.39442418743476],[144.35832130190641,-36.385183257678804],[144.34409374131744,-36.38521971710404],[144.33009588174318,-36.385253997554116],[144.329889261143,-36.37085435726628],[144.33188833155208,-36.37085498727755],[144.3318336115749,-36.32771816766982],[144.28172879111395,-36.32772328726725],[144.2816369913767,-36.26262062738088],[144.27376416161658,-36.255018697205784],[144.27527402120003,-36.25371610753969],[144.27368207176931,-36.24839774716451],[144.27506914153486,-36.24736454746755],[144.2709478910986,-36.24389046768046],[144.27128522106418,-36.23901290773511],[144.2735114718154,-36.23544125775856],[144.27103680185385,-36.23261345712811],[144.27298258150535,-36.22940289779554],[144.2704496315431,-36.226788567280025],[144.26685971124115,-36.22587506774982],[144.26766756168456,-36.222040887351994],[144.27066673188938,-36.219843627221415],[144.27180900175694,-36.2114841675719],[144.27124777119832,-36.20876984751623],[144.27223090181832,-36.20208762763264],[144.27548064180021,-36.19826082756112],[144.2772824313932,-36.19788164734937],[144.27884988107118,-36.19437119765083],[144.27844849134434,-36.19073015760987],[144.27674351139294,-36.18816191746198],[144.2806678816617,-36.1848230876253],[144.28207010151453,-36.17843894724157],[144.28100017118024,-36.17422397756704],[144.28878478188784,-36.167145027785295],[144.28955340110622,-36.16368408773392],[144.28655602124383,-36.16321355726773],[144.28506459149668,-36.158453907298515],[144.2865240115753,-36.1534435176228],[144.28316955138743,-36.15233679775814],[144.28664607106285,-36.14932861752592],[144.28556964141745,-36.145004857591516],[144.28695026127932,-36.13835736725967],[144.29013623165585,-36.131874107550225],[144.28923662100104,-36.12918770762938],[144.29146498099655,-36.125661327299774],[144.29507618148924,-36.12578957785259],[144.29584224140737,-36.12284370731395],[144.30225854096918,-36.12543335740328],[144.30407149123116,-36.121025697528644],[144.30872736143237,-36.11303909781753],[144.3069356518353,-36.110161437612945],[144.30905316152135,-36.10537010722541],[144.31482144159006,-36.10027520774608],[144.31866803122986,-36.101198517564356],[144.31796858139015,-36.091067667443305],[144.31372308137364,-36.08565345744316],[144.3127885011015,-36.07497034791411],[144.3064457115776,-36.07199008772362],[144.30625091100998,-36.067873587802666],[144.30775464138827,-36.06485408747602],[144.3039332315258,-36.06130439722946],[144.30717867127245,-36.05569749751847],[144.31012918153493,-36.05254731746418],[144.3138325114466,-36.050544987734014],[144.31728851180424,-36.050404937832845],[144.3150982915808,-36.04668704732156],[144.31647817123084,-36.04420375736719],[144.31390773097854,-36.04265549763547],[144.31074012126805,-36.04359445781098],[144.30825936162725,-36.04070825752663],[144.3091572214655,-36.0369201575972],[144.30691583140688,-36.032257347690596],[144.30436346166485,-36.032345627898856],[144.2981145514781,-36.02836485725403],[144.2934540109357,-36.02454487724932],[144.29248632145715,-36.02023280743042],[144.2842632017368,-36.01725101786232],[144.28268100172184,-36.01434932783182],[144.28017107108874,-36.01357236732674],[144.27916127128458,-36.005979507858406],[144.27631153133578,-36.00327716743875],[144.27700054095533,-35.999577357907825],[144.27986725097816,-35.99856079745104],[144.2773753216851,-35.99576774784444],[144.27830195096868,-35.99273671755617],[144.28169170147245,-35.98895295764563],[144.28881468141378,-35.9880754479495],[144.28741753165238,-35.98546842780073],[144.29140238099765,-35.98442748787681],[144.28809720148797,-35.9807475574301],[144.28416133098696,-35.97429771758916],[144.28005698145438,-35.96999705776665],[144.27214779148485,-35.964080817963556],[144.2677341717629,-35.96006645755837],[144.26005030172448,-35.949007257413555],[144.2593112209093,-35.94663449792759],[144.26029620116046,-35.94186863751235],[144.26330723092363,-35.93313558796274],[144.2629641715032,-35.93146320787323],[144.26647164173338,-35.92930662773135],[144.28358317167684,-35.92456784773792],[144.28856378105667,-35.92365488793484],[144.2946582214387,-35.925450647581116],[144.3015122610553,-35.92874501731848],[144.30151441162207,-35.93028438769341],[144.30619944113747,-35.93415500732784],[144.33556753091855,-35.934196677694125],[144.33088286162757,-35.92756214780321],[144.3386361516746,-35.92521845752536],[144.34404082156405,-35.92635722745625],[144.3460356213822,-35.928128427887536],[144.3497662816381,-35.92430100741447],[144.35007011163012,-35.92102293794721],[144.3534102212313,-35.919532887379376],[144.3521491114382,-35.916140787535575],[144.35477499121822,-35.9123775273072],[144.3539066616983,-35.90844894743045],[144.34830468134825,-35.910054177657756],[144.34712029127377,-35.90687834796365],[144.34241438131795,-35.90738954731627],[144.34417262148415,-35.90063422800531],[144.3435616808527,-35.894326487475794],[144.3497969114943,-35.89372745769567],[144.35022348099855,-35.89130752776161],[144.35723699134107,-35.8889062473265],[144.36171540115456,-35.886296437497855],[144.37011025090942,-35.8853900477605],[144.37204165122813,-35.88422247793723],[144.37759859094817,-35.88538913800164],[144.38189628128603,-35.88436997735705],[144.38838602081728,-35.888462357332294],[144.39465146090356,-35.891635217382394],[144.40048091085322,-35.89306586790336],[144.40413493134056,-35.895019497632646],[144.4085384710667,-35.8988908875996],[144.4073297914452,-35.90162961774935],[144.4081869611943,-35.90421687775224],[144.41577815114655,-35.90447962741472],[144.41776394086253,-35.90098918751629],[144.4211110609162,-35.90264744802625],[144.41694531153402,-35.90572156766332],[144.41577323107379,-35.909058257962165],[144.41836320159865,-35.911177987363075],[144.42080053128882,-35.91084281770512],[144.4201604511061,-35.906673997831376],[144.42379703170053,-35.906589817510515],[144.42278122126888,-35.91023639776192],[144.423936251705,-35.912884107539575],[144.42685598119422,-35.91441594741285],[144.42607650134408,-35.91795045750853],[144.4273270810854,-35.9193653178803],[144.43337846162265,-35.92069360803587],[144.4345397712826,-35.924188597502464],[144.43934517145274,-35.92465175796076],[144.43913507167744,-35.93116391739715],[144.44613051150978,-35.93487330783045],[144.4536173612434,-35.937105447732186],[144.45767230163867,-35.93576734790633],[144.45844147152434,-35.93839752777232],[144.46182163161416,-35.93840597777116],[144.46182719128748,-35.93442218753068],[144.46620607136066,-35.93334295740765],[144.4676028914404,-35.93506700798883],[144.46387277107206,-35.93803469773036],[144.46442698129667,-35.941173487805344],[144.47034267131022,-35.93951432788088],[144.47204881098665,-35.94162339791004],[144.4665509408865,-35.94440053771454],[144.46883543121416,-35.9468014678398],[144.4719572412182,-35.94588478745172],[144.4756018716159,-35.94769207789159],[144.47859917152826,-35.945114147385574],[144.48085053108994,-35.94681991797415],[144.47767743087647,-35.95144028796067],[144.48125804103879,-35.952831397597805],[144.48133540125608,-35.95702430778911],[144.48418103141256,-35.959580737611695],[144.4888265413436,-35.9578210880169],[144.48722742156022,-35.96350230772903],[144.49157476088556,-35.965206537598526],[144.49335339101214,-35.96821834740771],[144.49732641134173,-35.96845444768281],[144.50023776134606,-35.96403546758971],[144.50099949138442,-35.958165577509675],[144.50337660161122,-35.95899109767965],[144.502901620998,-35.96294822796875],[144.49928565134942,-35.96764039750649],[144.50128871117673,-35.97067818768625],[144.50571956148406,-35.97134434755376],[144.50951356105227,-35.96949117792491],[144.51282746140674,-35.96512194771771],[144.51490951099527,-35.967157927548676],[144.51086255123295,-35.96951508786823],[144.5098535509294,-35.97276318785057],[144.51424049158575,-35.97418213786618],[144.51789140120724,-35.969148897862155],[144.5202254012835,-35.96969783762142],[144.52169040169662,-35.972580817419804],[144.51753351149975,-35.97722410788405],[144.516075461352,-35.98253134791259],[144.51641753082896,-35.9865354474052],[144.51236959100476,-35.98921163733541],[144.51526859097052,-35.991796557429865],[144.51578555165358,-35.994439667955255],[144.52039045144562,-35.99596057770456],[144.52654843146436,-35.994016337899716],[144.52975436150814,-35.99440419775268],[144.53444370114028,-35.998554267461905],[144.542339511602,-36.0017794777424],[144.5470827717107,-36.000488417883915],[144.54674316092257,-36.00464575791747],[144.54904326127496,-36.00523356779853],[144.5535734311168,-36.00294643768454],[144.55495516129633,-36.00597608802121],[144.55677035105836,-36.01364745767586],[144.56154993095225,-36.01227554794289],[144.5611951215679,-36.007959727834056],[144.56516850122355,-36.01041110779996],[144.56382544172038,-36.01619749773648],[144.56640249087823,-36.01825988768191],[144.570814591549,-36.01801575798008],[144.57066788139178,-36.02315045795849],[144.57314182102294,-36.02461547738833],[144.57805294122394,-36.02112750786329],[144.58194241104556,-36.02237771753933],[144.58644478162265,-36.02718239735535],[144.58134288171317,-36.030369587583436],[144.5833812812637,-36.03374566764041],[144.58327528095853,-36.03902533735905],[144.58902546087256,-36.038609257898145],[144.5898383616445,-36.04215885752325],[144.59205359096546,-36.043393167707244],[144.59791840129967,-36.03776026740915],[144.59952015135016,-36.037639098012406],[144.60390081098595,-36.04249482757986],[144.60973755166248,-36.04106097741561],[144.60968968133935,-36.038959647476894],[144.60607290141039,-36.036372977913544],[144.61075884091912,-36.032978227426725],[144.61515276148518,-36.03152436794984],[144.61518121113025,-36.034995087953284],[144.61870343169738,-36.0396350376449],[144.61407598149682,-36.04109331774708],[144.61318743089984,-36.04295049763493],[144.61756885140875,-36.045606497442364],[144.61698787138863,-36.04830800738843],[144.6135418414322,-36.05142120799188],[144.61145490141533,-36.05546276737929],[144.61095678109868,-36.05908523735776],[144.60848644101685,-36.06332592760594],[144.60891434092602,-36.0649482478341],[144.61543469144888,-36.06739462761239],[144.61090908145547,-36.070197747318204],[144.61675352159224,-36.07665952767404],[144.62215222127827,-36.0762078776081],[144.6209761810443,-36.071019907934804],[144.62763679092242,-36.06661823752747],[144.62785003120788,-36.06432399748499],[144.62466023131333,-36.063235737451485],[144.6197248709727,-36.06317113741901],[144.61968138083483,-36.05934533756229],[144.62488185108379,-36.06201453733326],[144.62740796127346,-36.05834848774911],[144.62499898151538,-36.052081427657946],[144.62935917124082,-36.051041027329326],[144.63274405107913,-36.048097317826546],[144.637464261316,-36.04764029756438],[144.64140101126765,-36.055541868042276],[144.64630735153304,-36.056287257780134],[144.64615373153458,-36.05175942774153],[144.649637351494,-36.05107063782737],[144.6531913616425,-36.05324038738722],[144.65347300145035,-36.059447248027745],[144.65226897150876,-36.06260541794177],[144.65414699123835,-36.06702268731685],[144.6529217610561,-36.073875967717655],[144.65639845141132,-36.07457487756963],[144.65722258112436,-36.07075134732752],[144.66007767143907,-36.07256470756762],[144.66254191106188,-36.07670486773256],[144.66629494116484,-36.075200567665014],[144.66570109098163,-36.07162872798255],[144.67179842124403,-36.07080995735214],[144.6736511012961,-36.068222967790334],[144.67853841165044,-36.06927308799373],[144.67956512134148,-36.06229860770133],[144.68298900153792,-36.06251801765488],[144.6878992916956,-36.061260688024426],[144.68964355138107,-36.06234890784162],[144.68789887128403,-36.06620008772151],[144.69239173139718,-36.06935121775731],[144.69153758088567,-36.073120407434644],[144.68648050151901,-36.07519518756998],[144.68549838150372,-36.08180116749948],[144.68249625135005,-36.08496099755631],[144.68423489117512,-36.087770677996936],[144.68478098152792,-36.09148582803529],[144.6839073214051,-36.09513779731012],[144.68908417135194,-36.09547176786322],[144.6925601412584,-36.09130227755034],[144.6980257312972,-36.093525548011904],[144.69835261116108,-36.08803358783923],[144.70110268123253,-36.08816737777626],[144.70325075160457,-36.09143550732948],[144.7061395008946,-36.092914937582776],[144.7116357109082,-36.09142455772082],[144.71512722166904,-36.08629035744532],[144.71947274100762,-36.0861657876034],[144.71965977114803,-36.090450857453945],[144.72602897114126,-36.090635107532634],[144.72334590101693,-36.094712417688505],[144.72523109109915,-36.09904775772292],[144.71913068141205,-36.1006803677547],[144.71965352156863,-36.10641399772072],[144.71760326156135,-36.11008866732664],[144.71840233097288,-36.11356512781465],[144.72328496110467,-36.11412677741578],[144.72710824125954,-36.1179129880214],[144.7325842508573,-36.117169517632135],[144.73514643110053,-36.115379187713856],[144.73130140093602,-36.11234087756367],[144.7403471609626,-36.1075723673754],[144.7433654616897,-36.108845807688915],[144.7447940911136,-36.11636345771702],[144.74758741147275,-36.121228897667656],[144.75449153126812,-36.12224236747885],[144.7574258413128,-36.118682847876],[144.7641319616398,-36.11961055790746],[144.76850547158426,-36.11581615781509],[144.77155483156227,-36.11601716754118],[144.77114259108512,-36.11920038767108],[144.77357444105206,-36.12081401779182],[144.7734502408792,-36.1254377675674],[144.77582008104037,-36.12887062786322],[144.77797432104174,-36.12991936756854],[144.78077130113726,-36.12831689736867],[144.78686772140625,-36.127680877855106],[144.788111111032,-36.12496596785015],[144.78550039122072,-36.123009197517824],[144.78803810135562,-36.121262427733484],[144.79199023136326,-36.122561177778394],[144.79374593109392,-36.118185947568676],[144.7970834616319,-36.11365039802718],[144.79953620102245,-36.11612016782733],[144.79553376086727,-36.117822068055986],[144.7975774110707,-36.120221437609366],[144.8020004415435,-36.120176537721626],[144.80578676141434,-36.123842467770864],[144.809117891456,-36.12231699788597],[144.81011472138405,-36.11763014757289],[144.81337399159284,-36.11467911742602],[144.81277016112685,-36.11282023740894],[144.8078283508825,-36.113559197358626],[144.80745977122305,-36.107242837667805],[144.81334318117524,-36.11058632791175],[144.81634023135595,-36.10986583761538],[144.8103767114434,-36.103807907469],[144.81143047120426,-36.10225874773911],[144.81720853123144,-36.104987217397365],[144.8189314613189,-36.107749777683225],[144.82415110161597,-36.10256268756834],[144.830220591291,-36.102789917497766],[144.83503156101588,-36.09869459804969],[144.8408062110383,-36.1007549076027],[144.84337091105596,-36.09673584765381],[144.84220054098802,-36.09364109791581],[144.84370299126704,-36.09149583758427],[144.84156184151598,-36.08695032806958],[144.84203954132954,-36.08288471747051],[144.84481879137635,-36.083178107443075],[144.84687662148653,-36.081015737837504],[144.85061017162258,-36.081335187372055],[144.84952800084426,-36.07622289739029],[144.84719241164825,-36.07391846754107],[144.84915349140564,-36.071222488088985],[144.85292867126861,-36.0740755178902],[144.8565301915158,-36.07229219797324],[144.85387638131692,-36.069441327563695],[144.86314080116517,-36.06885881742172],[144.86433041134984,-36.065517857868294],[144.8634601414689,-36.059111428024636],[144.8665771014687,-36.05961765744409],[144.87482352079252,-36.05762794775672],[144.88594091084866,-36.06157460802741],[144.88857456105595,-36.063568028113615],[144.8956345313666,-36.06360210780583],[144.89854991121334,-36.062517518045944],[144.90096027078366,-36.06372256771909],[144.90500109145933,-36.06122429804118],[144.90732927135085,-36.06343734788624],[144.91362318084506,-36.06305132803671],[144.92210492104417,-36.065587407573375],[144.9326139315657,-36.067049187579194],[144.93397048106948,-36.069091717726046],[144.93771103087826,-36.06998545792928],[144.9380798611676,-36.07329091792915],[144.9365467711509,-36.07586956763491],[144.94010243150453,-36.078328478086604],[144.94360990083646,-36.07923603769624],[144.9464830607631,-36.082332047925846],[144.9517767608672,-36.08245873793025],[144.95384313126075,-36.079429307992655],[144.96472797084598,-36.079335367529005],[144.97062970104005,-36.07654202805881],[144.97389383113452,-36.07612857772819],[144.97649150111974,-36.073558438114226],[144.97923431100705,-36.07355066767157],[144.98240541157068,-36.071557947809616],[144.98326936090533,-36.06816518797579],[144.98687657108152,-36.064295717940404],[144.9859317015061,-36.056509717963614],[144.98405363147086,-36.054846597523806],[144.98205675115446,-36.048277727648575],[144.97259778136845,-36.04531458777899],[144.96780814124168,-36.0420781475889],[144.96553093086104,-36.03698287815819],[144.9667016108477,-36.03289230816057],[144.9656264415387,-36.0285292278151],[144.96224421083207,-36.02671398759429],[144.9620509311122,-36.01914785771899],[144.95838823110262,-36.01961734782527],[144.95421104077693,-36.018527507739066],[144.9545127507449,-36.01672983801704],[144.94633763160343,-36.012795097609654],[144.94645080136291,-36.00512169816368],[144.94193328159696,-36.00169533766482],[144.93622087134898,-35.99954190745789],[144.93210162146082,-35.99516968788648],[144.9296944607912,-35.9905978876968],[144.92360663111134,-35.98876780805817],[144.9240440513659,-35.98139941805446],[144.92625646087518,-35.97376995807273],[144.92928005088268,-35.97213335770155],[144.93090441152887,-35.96855382784582],[144.93680007090822,-35.966182437817444],[144.9415310411655,-35.96678693747698],[144.9453891409191,-35.963164458048674],[144.95006619069977,-35.963422847818755],[144.9568226912429,-35.961758168127105],[144.95745476114814,-35.95782893750189],[144.95398990070677,-35.95249493774204],[144.9552933310312,-35.946612947508754],[144.95288909078454,-35.945128427818545],[144.95008416149702,-35.94016643801749],[144.9513594107727,-35.934816657996166],[144.9490119512385,-35.931998617721014],[144.95001580150057,-35.926371608026415],[144.95203348140905,-35.92423356774252],[144.95287749083928,-35.91653399820097],[144.95528482129052,-35.91531704814658],[144.9590473807221,-35.91131976807592],[144.96099692072136,-35.9118628977045],[144.96501955141082,-35.90556350802867],[144.96727763126913,-35.904267767731355],[144.96722981125163,-35.90099118786377],[144.9647453110259,-35.89590331782017],[144.96826643115688,-35.89151372821312],[144.97314938108892,-35.88777148769098],[144.97500074151586,-35.88343340814526],[144.9696999707721,-35.87841791821447],[144.97239138085556,-35.87477571792588],[144.96889934098695,-35.87053821780705],[144.96969415148573,-35.86787791801941],[144.96817873133065,-35.8658422881002],[144.97078487063234,-35.86359658770883],[144.97128506066738,-35.86089688822769],[144.97590002069228,-35.860643558129595],[144.97934411118592,-35.85835470785231],[144.98777203062133,-35.8575646181309],[144.9933733614894,-35.85589594780744],[144.99475183078448,-35.8523864582601],[144.99867285123554,-35.85500633775051],[145.00032660116457,-35.853631418022935],[145.00016341141338,-35.850158907575526],[145.00374768131218,-35.85149027760194],[145.00478408113023,-35.85471984768672],[145.01354814116186,-35.8576398881309],[145.0203208913301,-35.8560011178825],[145.0227632506875,-35.853517967765384],[145.02457670131113,-35.84713004800094],[145.03004389124945,-35.84956036802717],[145.03766829101943,-35.84563104813056],[145.0370246508133,-35.84202406803405],[145.04097572080886,-35.841653688059885],[145.04710203072224,-35.837093358274664],[145.05120602092873,-35.83881802793536],[145.0545318706731,-35.83747374818075],[145.05440677128664,-35.8352409778872],[145.06105531140054,-35.837309577791146],[145.06900668086595,-35.835032797927646],[145.07323296142692,-35.83091151814175],[145.07286174072064,-35.82775698776661],[145.07542039058484,-35.82713331816406],[145.07548905061861,-35.831467157950144],[145.07774550093305,-35.831055237828096],[145.07742345131044,-35.827408368068106],[145.08571023104167,-35.82742619781881],[145.0871655009036,-35.825949188231434],[145.0920151511864,-35.826098107866834],[145.0932658513019,-35.828657197676705],[145.08916472133134,-35.83115278781565],[145.0909099206546,-35.83562457812422],[145.09342662099172,-35.83484012814677],[145.09443220140898,-35.83177159793236],[145.09861480138923,-35.82839934798522],[145.10398477115592,-35.8285534778594],[145.1103104208241,-35.824018368050375],[145.11400034068515,-35.824057788190196],[145.11679788132946,-35.825591547912175],[145.1212740606261,-35.82058102788811],[145.12250539126754,-35.82688978787062],[145.12418585080493,-35.82945419802733],[145.12740467077475,-35.82791319828461],[145.13422955107725,-35.82760751770724],[145.13463911098162,-35.83268558818157],[145.13835797096786,-35.83362310818251],[145.13879231089933,-35.82976952825923],[145.1407739414155,-35.8288187479704],[145.14385001100186,-35.83219246800307],[145.14840790105671,-35.83357513765415],[145.1542002407037,-35.8304326982667],[145.1593812911728,-35.831300107799336],[145.15750192127535,-35.83810838830482],[145.15304684070978,-35.84113935833252],[145.1636072905611,-35.84293693817513],[145.16835230058803,-35.842476037631435],[145.17239856056267,-35.83876921797975],[145.179220280592,-35.84176448786641],[145.1823686906099,-35.84065147779403],[145.18282025124535,-35.835103388339604],[145.19089676141974,-35.83470197786235],[145.19277678079922,-35.837534427897864],[145.19697069056892,-35.83497735765726],[145.20737846095798,-35.837973578334335],[145.21310495139963,-35.835798027881516],[145.21709308139225,-35.837391328034364],[145.21592467054998,-35.84142318778897],[145.22278353142477,-35.842450937986264],[145.22435320083983,-35.840893218134376],[145.22282035067335,-35.835942427652185],[145.22444641093205,-35.83268861787262],[145.22913613055147,-35.8333474979189],[145.2346135109784,-35.82983143816996],[145.23807748118926,-35.83317092792235],[145.2407217611613,-35.83364280822254],[145.24651515093876,-35.83041214821785],[145.25295828138152,-35.83501982817342],[145.26073978122338,-35.83584951821317],[145.25961104088233,-35.83929801772216],[145.2640680510291,-35.84252900770194],[145.25771838130856,-35.84860844798942],[145.26644780140447,-35.85256994766043],[145.2679347808976,-35.85189357777197],[145.2715163208163,-35.84527443805286],[145.27688710086335,-35.848756567827124],[145.2786595811235,-35.85335606803926],[145.28066408095015,-35.85337009782323],[145.28414643069172,-35.856571848165956],[145.29173574136846,-35.853838058028245],[145.29273364118998,-35.8579738582146],[145.2968513010601,-35.86053303805679],[145.30188854113374,-35.85850442794772],[145.3074725506865,-35.860464387924075],[145.3099993211379,-35.859866987656815],[145.3116175211379,-35.85624850789329],[145.31804353058965,-35.85500724785827],[145.32227671111036,-35.851556068177786],[145.32475520070844,-35.85076719802725],[145.32747289100553,-35.85361922819128],[145.33322780054948,-35.85492810776101],[145.33541032131268,-35.858070467939015],[145.34148527094797,-35.862384778239615],[145.34453755134902,-35.86246702826474],[145.34790031107178,-35.860311998176925],[145.3506684911794,-35.86114892817536],[145.35239640062835,-35.86579521792311],[145.35482574070235,-35.8670490376887],[145.3581709509377,-35.86601054821209],[145.3605010110032,-35.86127041805436],[145.366075131003,-35.86017344815471],[145.36996966103462,-35.858307917898316],[145.3745580713513,-35.859522058283666],[145.37831412069198,-35.858000427993744],[145.38052666135525,-35.854551428181374],[145.38715023099923,-35.850141937759076],[145.39204690090057,-35.85071411768692],[145.39794981058256,-35.84967454771375],[145.40435998093923,-35.850852968209615],[145.4103282412615,-35.84878286836962],[145.4119458106442,-35.846411448388125],[145.41022941130893,-35.844111428279376],[145.4112422105878,-35.83546529785318],[145.41677052099968,-35.837941307713486],[145.42088668068328,-35.83588979837946],[145.41519939092393,-35.83346204833703],[145.4202536405975,-35.82814825784114],[145.42497795074524,-35.82874133773704],[145.426678501104,-35.83241408806398],[145.4294246913517,-35.83445730774083],[145.43194698100646,-35.83339491800169],[145.43442064126162,-35.829852517855734],[145.43667721105197,-35.829864538000905],[145.43902523113488,-35.83472085832805],[145.44229259067276,-35.83564240821364],[145.4443528408443,-35.83277187825346],[145.44756224108013,-35.8312610277332],[145.44816503129698,-35.82614035807498],[145.45033186118707,-35.821678988312286],[145.45373953128413,-35.82182557782519],[145.45486843062702,-35.8245601181172],[145.46020954111682,-35.82721246778848],[145.4643652805718,-35.825228427989124],[145.46454235109076,-35.82134717804465],[145.46909065073166,-35.81817496816524],[145.4677407505576,-35.81449322825334],[145.4715216212479,-35.81132175783368],[145.4763604612045,-35.8123145084539],[145.47765594054033,-35.81084113842209],[145.48375967129905,-35.813789997933206],[145.487716380918,-35.81255391803923],[145.49019510048487,-35.814719637801],[145.49430099062812,-35.813982618291085],[145.49455981053285,-35.81019945785854],[145.5035435005666,-35.80989366827074],[145.5065470608382,-35.812031577995334],[145.5123478212926,-35.81256330809266],[145.5127490412378,-35.81538106799737],[145.51577033065985,-35.81718545804585],[145.52132176101222,-35.81865130815262],[145.52401412061488,-35.81670991782926],[145.52366896093326,-35.81383890775526],[145.52784247086123,-35.81199696787148],[145.52661346056814,-35.80842979831007],[145.5281937606463,-35.80615927785635],[145.5323900006459,-35.804858398128005],[145.53622956096868,-35.808511498166006],[145.5395833905392,-35.80788525794677],[145.5418964913104,-35.80909441785358],[145.53689749072174,-35.816137657990154],[145.53667321103973,-35.819912428313714],[145.53876359070586,-35.8218131682301],[145.54263499091556,-35.821364387836006],[145.54479675071417,-35.81512485790149],[145.54831513098353,-35.81276940819449],[145.55471127055375,-35.81466772800929],[145.5622675510757,-35.813018507995174],[145.5628407507872,-35.81621683824713],[145.55799305074692,-35.81742083783165],[145.55715903058265,-35.82007940847013],[145.5594860507491,-35.8236144184695],[145.55732130045897,-35.825788218421714],[145.55799665119457,-35.828230528084475],[145.56155205103676,-35.828128927886794],[145.56532544055736,-35.82575793780843],[145.5675272310817,-35.827668458431205],[145.5637028909148,-35.83163467823159],[145.56390219114377,-35.83408927827703],[145.56928096080694,-35.83418953809597],[145.57120827109614,-35.83722363784451],[145.5745320304609,-35.837713898250676],[145.5770657610591,-35.84276551822373],[145.58051545075193,-35.84738611837137],[145.58240018089668,-35.84849922835459],[145.59245928098798,-35.84886090782384],[145.59372711107773,-35.85105751846338],[145.5919978209181,-35.85616709816748],[145.5881493906302,-35.857735708316],[145.5867361206011,-35.860613068041495],[145.588694950977,-35.862565427802465],[145.59675138110987,-35.861037018268355],[145.59804621096373,-35.86297251845474],[145.59520889112198,-35.867483118158376],[145.5956803206949,-35.87026539792717],[145.60113500069454,-35.8750080982217],[145.60540139103298,-35.874273378440186],[145.60238731059113,-35.87119108802957],[145.60313390132208,-35.867782897757245],[145.60849257118076,-35.870432537804305],[145.61102641047515,-35.869947988062314],[145.6140214008189,-35.86588047827247],[145.62498403091453,-35.862165717915104],[145.62862287077186,-35.8656602482686],[145.62732676081873,-35.86824194776601],[145.61925956078392,-35.86910521813288],[145.6148573909886,-35.87257064797453],[145.61568321043268,-35.87476191830901],[145.61894799090737,-35.87556579839676],[145.6224451610546,-35.87318975803569],[145.62600675118742,-35.873482958245845],[145.62825440070696,-35.87610510808594],[145.62090303129116,-35.880357438162974],[145.6204186605883,-35.884012107742684],[145.62532013108648,-35.88310292829748],[145.6272990711484,-35.87989186832553],[145.62936152129402,-35.87999440811072],[145.63154117104153,-35.88465316804935],[145.6322145706364,-35.88865464791355],[145.6367788611877,-35.88931055792494],[145.63944568078847,-35.89402880811765],[145.643401400464,-35.89465954828807],[145.64771174087772,-35.893337808022764],[145.65036495100193,-35.89890310830666],[145.65586360083987,-35.90004661802112],[145.65883356052655,-35.9026492278543],[145.66152787126995,-35.91241590821661],[145.66715915107133,-35.91232528782785],[145.668914400746,-35.914715787999924],[145.66835365078612,-35.91841485779058],[145.6704551911213,-35.91992627833221],[145.6749155807302,-35.9183702283512],[145.67768413094367,-35.92050128834779],[145.6735052913112,-35.92317785844089],[145.67386457071237,-35.92589298801717],[145.67878326101632,-35.92638234780607],[145.68046069053625,-35.928825918187655],[145.68536242064755,-35.9306917383439],[145.68755537085116,-35.92946257774497],[145.68624483125956,-35.92559870814025],[145.6884363109211,-35.92310736829765],[145.6956286506838,-35.92047202819792],[145.69843330059527,-35.921115487830406],[145.70276352072622,-35.92403821809686],[145.70184353089093,-35.92675092780935],[145.69770882099675,-35.924740838048216],[145.69550297098564,-35.92677240799159],[145.6976197808841,-35.930167128013814],[145.69616985060816,-35.93408207795141],[145.69732734063155,-35.9365017479123],[145.7001677407964,-35.93702835782829],[145.70645620111014,-35.93209270843757],[145.70968477049578,-35.93328139820639],[145.71302782118124,-35.93698651803154],[145.71786443062098,-35.93678578779832],[145.7214566407286,-35.93538162781021],[145.72251710102313,-35.9383679782254],[145.72630059120084,-35.94231180828658],[145.72724157107106,-35.94516162785165],[145.7251497010999,-35.94632044797179],[145.72219743103778,-35.94444994804059],[145.71719731114828,-35.94513590839064],[145.71612928075078,-35.95016860782502],[145.7216821708655,-35.95165673789145],[145.7261821106014,-35.953832178418956],[145.73002928055294,-35.95108717796354],[145.73349958119164,-35.95109679812919],[145.73679988105272,-35.95481886785378],[145.73213538073654,-35.95597773830239],[145.73065929062125,-35.95766077802195],[145.733784251017,-35.96034955837956],[145.73957079114044,-35.95907620820823],[145.74380732058052,-35.95905764823105],[145.74360719120656,-35.96257142824399],[145.7469643705948,-35.964157178386166],[145.75416990121917,-35.961350008364015],[145.756865170465,-35.958347648209006],[145.7629579309975,-35.96144866818014],[145.76396585062773,-35.96534990823475],[145.76610523069772,-35.966687877904214],[145.7685203612205,-35.962990948343695],[145.77206875061023,-35.96300133777833],[145.7782112409785,-35.960243567835846],[145.7813894310464,-35.96379063779574],[145.77854373082138,-35.96746497821931],[145.77688314111978,-35.97244142791395],[145.78455155115222,-35.971989578444074],[145.78686350118144,-35.974816187806496],[145.79319636072813,-35.97363283816487],[145.79254346068808,-35.977136018194194],[145.79344458051247,-35.98281733834071],[145.80330114104993,-35.98364381833428],[145.80601783062374,-35.98283912821127],[145.80844421074886,-35.98441616792746],[145.8067319804948,-35.98855505779705],[145.81215892051847,-35.99183842779495],[145.81557619091097,-35.990523758082496],[145.815488910598,-35.98661860783602],[145.81135263044868,-35.98410219842164],[145.81786343098176,-35.98231167804762],[145.8249363612871,-35.984672588042145],[145.8289744609657,-35.982050048437905],[145.82819998113845,-35.98001350838783],[145.8249055104453,-35.9781041481119],[145.82729410114132,-35.97555339810611],[145.83148406101878,-35.977013878141676],[145.8355513406728,-35.97674263791784],[145.83683462088706,-35.98301072832],[145.8442602908584,-35.98300524815387],[145.84781839103624,-35.981658967918634],[145.84876747101544,-35.97888989794187],[145.8444388211396,-35.97503543798379],[145.84827342096534,-35.9729629281067],[145.85380203051625,-35.976609597828684],[145.85931912097024,-35.97410408816133],[145.85931305105387,-35.971565227889066],[145.84899786103801,-35.96925833786935],[145.85405916068993,-35.964872028125725],[145.85260397077803,-35.961630068190466],[145.85500712046988,-35.95964369785483],[145.86059509069477,-35.960539588144094],[145.8705638409297,-35.95547580803103],[145.87636484123436,-35.955343768312304],[145.8798551608291,-35.957725498024345],[145.88312091058606,-35.95728044822688],[145.88526786075892,-35.95535835812233],[145.88840483073164,-35.95710508809282],[145.8914060212475,-35.95647916801148],[145.8944264204391,-35.95324953833911],[145.9026933608773,-35.952495758012205],[145.9080074904676,-35.9535650580166],[145.91024372060326,-35.956440537988634],[145.90879267102656,-35.95840358821529],[145.90374781054436,-35.959727197829196],[145.90075565079206,-35.96152883827879],[145.90013798088074,-35.964452298441415],[145.90293333053413,-35.96885574818837],[145.90490083055087,-35.964073078162436],[145.91074094080798,-35.966759927983986],[145.91257686099178,-35.96920220779833],[145.91508628048345,-35.96799956832619],[145.91488964106443,-35.96454216836009],[145.92433796042437,-35.964288447933406],[145.92691223109304,-35.9650892083129],[145.92794847101092,-35.96814652840526],[145.9250234010373,-35.9705695181111],[145.92534341058592,-35.972424277835465],[145.93462453101355,-35.972692248295225],[145.93556610107692,-35.96981868833719],[145.93873299123683,-35.96854300800575],[145.9435768905051,-35.96281604805214],[145.9460736006322,-35.96133393781363],[145.95308674086874,-35.96113366788489],[145.9545937204534,-35.96445009829796],[145.94949324078047,-35.96462730780602],[145.94503466127685,-35.96580414849598],[145.9446904106903,-35.96954108802406],[145.94701658105052,-35.97058074844159],[145.95069423082313,-35.97494173790311],[145.95101356124536,-35.9778038079236],[145.9464340110124,-35.978898498449276],[145.94489544127242,-35.98111770844519],[145.94641435048408,-35.98464153805085],[145.9521777005985,-35.98387879811299],[145.9521469108421,-35.99153708815637],[145.9565439404774,-35.99305761778265],[145.95980178056826,-35.99588710796777],[145.96366336039526,-35.99601550843998],[145.96217208066676,-35.99962248800302],[145.95826918103162,-36.00449323815704],[145.95902102061885,-36.008070028177755],[145.96334733128162,-36.009000107977684],[145.9677715205812,-36.00583767823397],[145.97131357055997,-36.005651997820664],[145.9734696610908,-36.007933228027596],[145.96943513041882,-36.01355118831992],[145.97181564076888,-36.01567277815698],[145.97494944058698,-36.01361692845582],[145.97529773089744,-36.01103940800345],[145.9787651704019,-36.009439038315044],[145.9817095909851,-36.011727138360776],[145.98669456078733,-36.01325727787669],[145.99134298125986,-36.012457687837845],[146.00181824117783,-36.008261027979714],[146.00383222092574,-36.00503483795866],[146.00676214090362,-36.00339475825875],[146.00994009112125,-36.00436777795713],[146.01312307100628,-36.00695191794251],[146.01731897054435,-36.006357888020325],[146.02005892109412,-36.000985588141],[146.0243458011059,-35.99790548836146],[146.02835471092772,-35.996816478233704],[146.03148761063386,-35.99471350816807],[146.03360858063039,-35.9952304778778],[146.03809860116888,-36.00098257797041],[146.03976671066778,-36.00187251805518],[146.04353244115228,-35.99970751838694],[146.04672643078936,-36.00288161813245],[146.05128131058967,-36.002124578445496],[146.05137027075233,-35.99581447833284],[146.05601523091437,-35.99867246781254],[146.05772327052765,-36.0130438779425],[146.0608022506555,-36.01539191828371],[146.06466713089287,-36.014836897837036],[146.07435488092045,-36.016661918501526],[146.0770647909088,-36.01834593843334],[146.08052573110228,-36.01752689832346],[146.0846126110975,-36.01941291794903],[146.08799651087384,-36.018726908347816],[146.09219946039028,-36.021265967819396],[146.09554039105168,-36.020292878417024],[146.09554736107995,-36.01561474832473],[146.08958147051334,-36.01315675797924],[146.0895494410819,-36.010691718012595],[146.09345337108465,-36.00954463797741],[146.09604733102768,-36.01221466790834],[146.09996026125128,-36.01309162783018],[146.1029042012358,-36.01176954821396],[146.10461018101205,-36.00847443795522],[146.1115510410043,-36.00664128789386],[146.1123250608941,-36.00903531800802],[146.10758313119035,-36.012030457976984],[146.10767818103227,-36.01436853821091],[146.11315907117694,-36.015509458336936],[146.117913031119,-36.018074447964096],[146.1192266411522,-36.014958438004015],[146.1244663309482,-36.014302037930214],[146.1252357712267,-36.01008965834423],[146.12843468093655,-36.00937925844196],[146.13062570066066,-36.00676521842719],[146.1309552610974,-36.004116208002465],[146.13476087049227,-36.00254674799839],[146.1371352004332,-36.00380613798138],[146.14064999103468,-36.008522418059776],[146.13878874105478,-36.00995477790266],[146.13327936084085,-36.00947949830384],[146.13169024110326,-36.01054065817187],[146.1330848908532,-36.0148255379283],[146.1310073103832,-36.017830788516825],[146.13368591049073,-36.019958547970425],[146.13729675075894,-36.017696567985844],[146.141671860603,-36.01659816815459],[146.14372201101574,-36.014426598025466],[146.14644020077606,-36.01434578846541],[146.14566384077497,-36.01782665786408],[146.14744487119995,-36.02156561795903],[146.15468016121307,-36.02515924854599],[146.15716443057173,-36.02131464852968],[146.16021548117914,-36.02411825853408],[146.1635486009891,-36.02414884834735],[146.17387367067641,-36.01972631821725],[146.1752339311207,-36.02478863799247],[146.17791516059697,-36.02751340829173],[146.17727462047688,-36.03404073806656],[146.17523815050757,-36.04175572831724],[146.1784761809498,-36.050794717957984],[146.18164208116625,-36.04933863810003],[146.18551699109375,-36.04558953831914],[146.19214689116555,-36.04754341823928],[146.1934878611874,-36.044777388222556],[146.19809778076524,-36.044443277900186],[146.199423820787,-36.047716258251214],[146.19772584050833,-36.049290297910765],[146.19635088093108,-36.06118137815809],[146.2004548010689,-36.0645112983801],[146.19960380094912,-36.0668243181013],[146.20224472122197,-36.072878297841974],[146.2009747109211,-36.07461331831708],[146.2005207212411,-36.08085834850933],[146.19839576092807,-36.08642941787898],[146.20448765099303,-36.08526128807139],[146.20632659041456,-36.08692824829136],[146.2152344509602,-36.089042058206616],[146.2121495105104,-36.093710128420526],[146.21617152046403,-36.095761038007886],[146.21265956045397,-36.0983341079321],[146.2106725705888,-36.102888148460444],[146.20622965051726,-36.10336022817197],[146.2063746305193,-36.10505023788688],[146.2111425511792,-36.10584712834463],[146.21564256098367,-36.111065048214215],[146.2158436012493,-36.11451803785837],[146.2105535806446,-36.11366013841953],[146.2088695808467,-36.111915188305076],[146.2056416708245,-36.11352425831321],[146.20676266050125,-36.11594420819777],[146.2059667010572,-36.123055237906165],[146.2045287507139,-36.12577025825489],[146.2085016605507,-36.12590717798271],[146.21479966097274,-36.12780904819757],[146.21868564083957,-36.127605997870575],[146.2290926611353,-36.13158982787061],[146.22999732122025,-36.128675607930376],[146.23579169105977,-36.12850170802472],[146.2380536705048,-36.12952668850096],[146.24131571111786,-36.13326264829255],[146.23873374098892,-36.13576667807313],[146.2435847306598,-36.13856659837075],[146.24131775119187,-36.1401336382684],[146.23837775121825,-36.139488698445405],[146.23714876068811,-36.14235970802392],[146.23979180098505,-36.143302668221075],[146.23921879081814,-36.152328697820224],[146.23548078054665,-36.15712572814713],[146.23624571128246,-36.16489070817481],[146.2338507308698,-36.166632747975626],[146.2288467311566,-36.167114818477785],[146.2293287410869,-36.169452828250215],[146.23343273129336,-36.16984075838819],[146.24220470099104,-36.168403618442305],[146.2464856107994,-36.176511538076426],[146.24528961089814,-36.17880455779529],[146.23922973050168,-36.181051667946704],[146.23843677053242,-36.1845586878124],[146.23575683103684,-36.188204748400096],[146.23309080105517,-36.1878477883992],[146.23405476072867,-36.182996758447516],[146.22092279085007,-36.18296796839754],[146.22098291060047,-36.186711037860825],[146.13105195126298,-36.186790737953025],[146.13130584121345,-36.19911365826733],[146.13125616078494,-36.24219160828075],[146.13142465059627,-36.25512164815298],[146.08482481113384,-36.255186897917866],[146.0369030405438,-36.25506324820894],[146.03290020063835,-36.264079627820784],[146.0311977710041,-36.265443018312595],[146.03093781113725,-36.29900862818922],[145.9907067512565,-36.2992157178499],[145.93109305061245,-36.299047287631886],[145.8603752513852,-36.29897432785455],[145.798448031355,-36.29896973777546],[145.79850402065176,-36.33083052775713],[145.79014202138848,-36.370694997526016],[145.7854546212191,-36.394521868096994],[145.77708801090344,-36.43501303785282],[145.77543394117419,-36.443753737719334],[145.77100018122357,-36.44443466788399],[145.76837762071852,-36.441421197827545],[145.76612579133794,-36.44172916793089],[145.76531939077537,-36.43731071792218],[145.75649293106915,-36.43497296793863],[145.74440916127816,-36.43388459747029],[145.73983283150542,-36.432416788006556],[145.73883996135115,-36.429225837747914],[145.7351697711887,-36.426133258107434],[145.728404641429,-36.42576929810119],[145.7244273514069,-36.42460811768785],[145.72440289117998,-36.43447302783621],[145.7313156312089,-36.442633037563596],[145.73130840156745,-36.48525028747234],[145.732190751094,-36.48632587792293],[145.7318700210966,-36.49903641745645],[145.6315603213268,-36.49904631780178],[145.6317226810346,-36.56329847803149],[145.61472780092404,-36.56329288764671],[145.62377002158846,-36.57814700753001],[145.62626801091645,-36.58607099784796],[145.62626600138515,-36.590055987741515],[145.63449299104772,-36.59036199791958],[145.64253201093203,-36.58974700756563],[145.64450498168884,-36.59078499758124],[145.64454702104752,-36.62309099767],[145.63470564114007,-36.622292037758825],[145.63465501119236,-36.6317338078791],[145.58937589103033,-36.68193943731774],[145.59585442138348,-36.68638778766844],[145.59755149166884,-36.69089904744657],[145.59702446087138,-36.69521444748462],[145.58477076126962,-36.708923147732285],[145.57218099114033,-36.70156499748826],[145.51593913128823,-36.701648287307655],[145.51360900115426,-36.69969499725632],[145.5134730016101,-36.687043997362935],[145.49817169105023,-36.68704884760522],[145.4981870216988,-36.69996999764391],[145.49419502176391,-36.6999729974751],[145.49413403154605,-36.71558300787698],[145.49601600116796,-36.71558300787698],[145.49603199118002,-36.73022277736455],[145.45324399092902,-36.73037499776881],[145.45309701127718,-36.7740610074768],[145.45516699110155,-36.774059007839654],[145.45512002178864,-36.77822500742207],[145.45663999101225,-36.78105400746954],[145.46175999107643,-36.78637698768738],[145.47224615115206,-36.78759911748936],[145.47753901133137,-36.7887140076697],[145.4814150216951,-36.790464987451905],[145.48213750164385,-36.79217451740172],[145.4863050018425,-36.7922270078631],[145.475240421047,-36.79974368766261],[145.47132200121868,-36.82000993777966],[145.46363780149858,-36.825787687802844],[145.46263362155486,-36.82870787734418],[145.46669599101753,-36.834501997625054],[145.46977101137162,-36.83371998736829],[145.46983003158414,-36.84007899737373],[145.48431509155438,-36.84028722730169],[145.48450401175023,-36.856981997362425],[145.48176900103618,-36.86585298722085],[145.4818249912312,-36.87035699780339],[145.4765960012686,-36.872038007431875],[145.46792601101694,-36.87022899716166],[145.46614302136626,-36.87556199731317],[145.46123800162437,-36.87552798745505],[145.45997003139743,-36.87887498777736],[145.46019501176545,-36.88330899774628],[145.45499661123486,-36.891261497130586],[145.4604150010937,-36.8924309974117],[145.4644450015617,-36.8967289872695],[145.4678300116558,-36.90169399744332],[145.46383801172087,-36.901673007165634],[145.46384399180573,-36.909814007291736],[145.45750701168683,-36.91178099735906],[145.45820799135757,-36.91526698737025],[145.45477801160038,-36.92007798710903],[145.4552220012346,-36.92422600740322],[145.45278701165583,-36.93158800729964],[145.4473989911418,-36.93592599709424],[145.44661501163046,-36.93870199720627],[145.44153099178837,-36.943636997235814],[145.4373290115541,-36.95209299714566],[145.43169202116252,-36.956979997649505],[145.43019902116032,-36.96156799736905],[145.4264140119315,-36.963857997522226],[145.42543800135843,-36.965826987380325],[145.42614201194496,-36.97018199744184],[145.42368702137637,-36.97570398759268],[145.42420601135368,-36.977341997496154],[145.41872401178955,-36.984412997131024],[145.41864801162157,-36.986307987635115],[145.4130630013456,-36.99242299726353],[145.4156661815967,-36.99427976751038],[145.42017627139703,-36.99540502754972],[145.42152082120523,-36.99729008731056],[145.4257087212457,-36.99901926771986],[145.42324993170178,-37.004827947232656],[145.42745364119295,-37.00584045767065],[145.4289349918426,-37.01469499766624],[145.42949399188433,-37.021685007330554],[145.42523101155072,-37.02505299702992],[145.4191959911314,-37.027140007116145],[145.41507401126313,-37.02988780769636],[145.41108306145875,-37.03055885752391],[145.4086351514113,-37.035907937337136],[145.40499227183005,-37.03869597769026],[145.4009293112759,-37.03939503743801],[145.3971064416511,-37.04224109713423],[145.392791011383,-37.043749987386484],[145.39273064190093,-37.07628636744641],[145.37474293116196,-37.07617552734253],[145.3747209916078,-37.084983607408994],[145.3722940015266,-37.084981627377346],[145.37220914127496,-37.093918677524435],[145.36764718185188,-37.092361717552706],[145.36620624191536,-37.09763377702056],[145.35587141203243,-37.09765188737886],[145.35281647171985,-37.10139293702692],[145.3415656719625,-37.10135804714458],[145.341521621276,-37.09973002725764],[145.33151682164862,-37.09968312760813],[145.3229149713062,-37.10187720739329],[145.32103701176374,-37.103798247485436],[145.30434527173904,-37.10372140718969],[145.30314128132332,-37.09962137733789],[145.28829648201435,-37.09959852718159],[145.28930147134014,-37.102313537059956],[145.28856055167358,-37.10648156715507],[145.2908285516276,-37.11082756748563],[145.28993963182305,-37.11681163732071],[145.28720268164636,-37.12045668711892],[145.2882387320197,-37.12221668734244],[145.28460487152392,-37.12907777760378],[145.2846080012544,-37.13854600699672],[145.27903201186047,-37.13953799744399],[145.27890200138432,-37.14305898715742],[145.27337301184613,-37.142007007108774],[145.27255100125888,-37.14022399761568],[145.2677221918907,-37.136171997080005],[145.2571000017282,-37.134988997547985],[145.25495500179784,-37.1386629975288],[145.25204500196142,-37.14141098697915],[145.24320200157592,-37.14392798714775],[145.23770200157017,-37.14150099729097],[145.23174100143203,-37.13741298735768],[145.23118701129462,-37.13435399758124],[145.22856174147057,-37.13463138752005],[145.23003280191864,-37.14150241729573],[145.23228281131244,-37.1446794275577],[145.23116883208814,-37.14698444742279],[145.23214389134532,-37.1528474674569],[145.23502991155354,-37.157291486987404],[145.2317319518038,-37.15726850746912],[145.23172107140908,-37.16753358695604],[145.2323350815839,-37.168555597175136],[145.2410859516522,-37.168623487458504],[145.24113202175155,-37.17697955740439],[145.2345181413362,-37.177877617574694],[145.22948819198942,-37.18006168724221],[145.22536832136538,-37.18608077749811],[145.21951639197408,-37.18611485754922],[145.2194374013145,-37.19108387714895],[145.2075335820412,-37.19111700746249],[145.20745858169815,-37.18710698751122],[145.20201865203546,-37.18717005692242],[145.20216472169398,-37.19984214688963],[145.1963688220235,-37.19988919697724],[145.19638090166913,-37.206096277086445],[145.19113494163247,-37.203811287331064],[145.18637201201233,-37.20483335695172],[145.17487838146408,-37.20491081720159],[145.17596601130444,-37.208205997418034],[145.1745270018474,-37.2139840868896],[145.17202284199172,-37.216803686957476],[145.16961516209585,-37.21726159754216],[145.1653178715083,-37.21505634730944],[145.16359802174406,-37.21732499730056],[145.16632297132685,-37.21987746701962],[145.16945926127494,-37.22491763744224],[145.16952734189542,-37.22663438707462],[145.1772039813941,-37.23593642703385],[145.17282099152843,-37.23847898682127],[145.16777377207032,-37.24024625723299],[145.16822414153964,-37.24284212682407],[145.17161101204468,-37.247022537341536],[145.1706789515469,-37.24976754747716],[145.16588664162708,-37.25167265708503],[145.16736898132183,-37.255282007119064],[145.1728809918029,-37.25821599683758],[145.17312949186157,-37.261160916902085],[145.16553500149902,-37.26927000707046],[145.1651943917843,-37.273189577435105],[145.16300300195437,-37.27762798716364],[145.16813942142528,-37.281286176886766],[145.17193035145013,-37.27850283681615],[145.17182523149384,-37.26630287740627],[145.1806408916537,-37.26441584717132],[145.18058078178478,-37.27177064686556],[145.18701938202355,-37.27173634744282],[145.18691893151018,-37.27824570704957],[145.19263698138144,-37.27933799731871],[145.1955495719591,-37.27829591692585],[145.19538226163576,-37.29411999714414],[145.12526744216993,-37.29389703713278],[145.12091102177536,-37.27641000714724],[145.12490098163627,-37.27639000747407],[145.12505599132842,-37.26903299681007],[145.11664501142434,-37.266894987410176],[145.1176020019679,-37.26321800690111],[145.1098369916014,-37.26314999721962],[145.05607300150987,-37.26370299743243],[145.05623802202763,-37.27320800745409],[145.05521901179682,-37.28651999681828],[145.05091803182836,-37.2826460069217],[145.05137801147467,-37.2742440071658],[145.0506390321691,-37.26594199698721],[145.03100699213348,-37.2658529971428],[145.03930202199234,-37.25594598737899],[145.03862498152566,-37.25212399707371],[145.03055403192283,-37.245119986806564],[145.02545100193277,-37.236154007393196],[145.01425199184817,-37.22777699706688],[145.01130498142206,-37.22992599713761],[145.00525401141496,-37.23098898743415],[145.00160000170737,-37.23278298685333],[144.98774401216767,-37.24254998689187],[144.9766990119504,-37.23413999726618],[144.97934445164742,-37.22794048723701],[144.98988554190603,-37.201097427170644],[144.96363803143706,-37.20089100734407],[144.96079099182393,-37.20967498704152],[144.96265501220813,-37.214354987077805],[144.94550202142105,-37.214307996801644],[144.94480100222452,-37.20969199741899],[144.93081778159612,-37.20966083700307],[144.93231252163505,-37.21541614726153],[144.92849802161376,-37.216397997032395],[144.92167201212894,-37.21556500737074],[144.92228867143552,-37.22101694678171],[144.9254260016327,-37.22542200719728],[144.8947789219911,-37.22213699683967],[144.88686802162928,-37.221071986838446],[144.8809540321265,-37.22236199700835],[144.87737101178428,-37.226632997280824],[144.87425701173333,-37.22839798688484],[144.8610570016585,-37.22705699693478],[144.86207601188923,-37.221399997360685],[144.85010014144194,-37.22042946715958],[144.85221243191617,-37.20894878715679],[144.8129479619761,-37.20914466714093],[144.81235243194334,-37.21392593681233],[144.80345413216722,-37.21206977736307],[144.80262923169968,-37.21475081696771],[144.78572089169037,-37.21307983713592],[144.77774075188134,-37.21983398681409],[144.77755869211933,-37.21506267709983],[144.76956964192095,-37.215122186975854],[144.76962268204863,-37.22066922700611],[144.73137809190845,-37.220545647081046],[144.7294580418033,-37.21812662676086],[144.7038114314959,-37.21295829729506]]]},"properties":{"name":"Nicholls","ced_code_2021":"236"}},{"type":"Feature","geometry":{"type":"Polygon","coordinates":[[[144.9720608421535,-37.69099901703187],[144.9707000517032,-37.68769600716367],[144.9725130019652,-37.6811790368137],[144.9725130019652,-37.677362036838865],[144.97438786232,-37.676024006819596],[144.9762699523161,-37.671743956920125],[144.97413298242608,-37.668885026546455],[144.97592112211828,-37.667706017159155],[144.97498011170532,-37.664774006656536],[144.97234704180974,-37.66371802694252],[144.97476082216465,-37.659250986620364],[144.97456394199713,-37.65235797706722],[144.97627714243168,-37.650083026616784],[144.97444655195244,-37.646872466534596],[144.97157663224903,-37.64525930702872],[144.9702338718848,-37.64050515677642],[144.96550957161853,-37.63589480713931],[144.9585475221654,-37.63442015658967],[144.95743584172996,-37.63189799693903],[144.95903173206986,-37.62847286656112],[144.95549616163925,-37.62574838681889],[144.95568625233983,-37.616315407102],[144.95187134178846,-37.613181947065556],[144.94685401197484,-37.6069753866725],[144.95234869215744,-37.60682174712881],[144.95262481181786,-37.600342196961606],[144.99035424239713,-37.60474868711233],[145.00855872200404,-37.60627247688445],[145.0449682821908,-37.60983283689396],[145.07954100231896,-37.61352899702454],[145.08197026154454,-37.59896419667924],[145.10495340206893,-37.601684016873165],[145.1026990115914,-37.606453997011045],[145.10506498181033,-37.6123769966975],[145.10948400220377,-37.61594499710164],[145.11624000238524,-37.61772099676059],[145.11746301193216,-37.62210499665755],[145.12314799212288,-37.6211829970847],[145.1227980318444,-37.62347090672925],[145.11910817217043,-37.62783694684321],[145.11363325222914,-37.627883957227475],[145.1126273421302,-37.63047297713704],[145.10969843185873,-37.632030006613505],[145.10959047232788,-37.635390056862356],[145.10778251220725,-37.640092107121596],[145.10230660232253,-37.638391106991286],[145.1034425920679,-37.64407815696408],[145.1066355719986,-37.647779207217255],[145.10330159160256,-37.6505102469902],[145.10188470226112,-37.654534317037196],[145.10607369195802,-37.65608833674372],[145.1027197815391,-37.65812939694758],[145.10332083171932,-37.66136144667736],[145.10111488199522,-37.66251549671981],[145.09458291176415,-37.663032527233554],[145.0914128819923,-37.665062577096066],[145.09105595168558,-37.66703961702513],[145.0873089322101,-37.66770866663464],[145.08449602228958,-37.67656681697504],[145.08431309206006,-37.68015988711735],[145.08646210206985,-37.681276856879016],[145.09136303178224,-37.679391807081885],[145.09784897233817,-37.68204675660004],[145.10354034224554,-37.68294324688993],[145.10169099224822,-37.68747071704961],[145.09964199167894,-37.68946799696049],[145.06823834192198,-37.68606301688694],[145.05990360203603,-37.695207156881416],[145.0582193120823,-37.699982546779765],[145.0408058520836,-37.698273547106815],[145.01140200216773,-37.694851547085705],[144.9720608421535,-37.69099901703187]]]},"properties":{"name":"Scullin","ced_code_2021":"237"}},{"type":"Feature","geometry":{"type":"MultiPolygon","coordinates":[[[[143.66512885240718,-37.236655096521595],[143.66254731257118,-37.248686806423294],[143.65501962183143,-37.286295796407636],[143.64805685192945,-37.321695316658875],[143.63920764238867,-37.36526067649184],[143.63650299203633,-37.37975867637895],[143.6322132221443,-37.39976765637617],[143.62831298242077,-37.40080572627387],[143.6269910620728,-37.4067078866262],[143.62987821236166,-37.411179596471854],[143.6243896622826,-37.43719235627469],[143.62312538233488,-37.437029816597665],[143.6212411723146,-37.4458778265629],[143.61984425252194,-37.44786481670386],[143.62283728274176,-37.45160579638499],[143.62000963236576,-37.4649617863692],[143.61656268253455,-37.46464679675086],[143.60953551240985,-37.4658173169157],[143.60923786192865,-37.46714243685428],[143.61693275249897,-37.46665478666408],[143.62149671247022,-37.467720886684525],[143.62027057229452,-37.47379543651068],[143.61827256279574,-37.47624631639667],[143.61326749229076,-37.50083333676448],[143.61172201270972,-37.50190559619918],[143.60941262198065,-37.5072652663835],[143.60053428277018,-37.52066700655955],[143.59499855227403,-37.52726731647322],[143.59929110245184,-37.52795189657518],[143.60605111271275,-37.53492485673849],[143.62203374241506,-37.525151736352036],[143.62540874258193,-37.52947873638159],[143.63242970265307,-37.5326576865683],[143.63633166265038,-37.533403646378176],[143.6494534824646,-37.53304653678271],[143.64881349211348,-37.5362214362889],[143.66855882228288,-37.53844263648538],[143.6621882227145,-37.57240728671533],[143.65262950220276,-37.62418815635461],[143.65272600282384,-37.630637906629985],[143.65164133203402,-37.64705282631469],[143.64221258247255,-37.64622879622817],[143.64196452258832,-37.650303436607565],[143.59530311259635,-37.64430818663921],[143.59604471228758,-37.64633912616431],[143.58734892242094,-37.6500829362885],[143.58663647216244,-37.65372443630545],[143.53653818245357,-37.648311566372094],[143.53338637231232,-37.6640829067338],[143.5296110325492,-37.66566959634288],[143.49482642230348,-37.660878536557526],[143.49986929211897,-37.65679640665152],[143.48790686226494,-37.6551288860853],[143.48972123276343,-37.646810826509835],[143.4829338023268,-37.64597615645934],[143.4768811228257,-37.6487807462918],[143.47744815290775,-37.65173272610453],[143.47322137288342,-37.65361417637111],[143.467176242824,-37.653737136410726],[143.46514765287634,-37.65499712654637],[143.46057387252236,-37.68312941620754],[143.46004429230624,-37.68456284607889],[143.44815387230372,-37.746034996120905],[143.44071192216452,-37.784849476087665],[143.44207019284042,-37.78843048619388],[143.44113780266093,-37.79440127623913],[143.4423769423571,-37.79957906619622],[143.44062877230522,-37.80632122641363],[143.44589988247483,-37.81152585618775],[143.44779675245238,-37.821400286641435],[143.44621451291152,-37.82296034643506],[143.4459837626645,-37.8277649164463],[143.44743635285195,-37.830958006606885],[143.4453307422502,-37.835103066122265],[143.44538220224118,-37.839410276362514],[143.44164289300588,-37.84063652631326],[143.4437294530354,-37.844425156251674],[143.4415777328084,-37.84541265651897],[143.44448474305156,-37.851043846265895],[143.4438579624267,-37.85499576613376],[143.44085233243672,-37.857326676402096],[143.44055314224312,-37.85943139655217],[143.44536782290845,-37.863805946630876],[143.44764155231732,-37.868595646154624],[143.45240615280395,-37.87327313646274],[143.45246412288586,-37.87785242647466],[143.45111953265342,-37.88126152644178],[143.44550641229557,-37.88318672651682],[143.4438359923298,-37.88742383610584],[143.4460291329762,-37.89326277634595],[143.44651980266588,-37.9004999365029],[143.44393034238408,-37.90093139641375],[143.44277508287757,-37.90566935640378],[143.44848397262786,-37.91015495601258],[143.45072894247295,-37.90789568632266],[143.457533272915,-37.91032667635498],[143.4608352122015,-37.9142943360819],[143.46266977233597,-37.91431610618951],[143.46874691296225,-37.92070286626537],[143.47252225272535,-37.92355100597466],[143.47711727284593,-37.92436604629322],[143.48082564230626,-37.93087070638118],[143.4796272025806,-37.93580899648485],[143.47721988290922,-37.93765022653748],[143.4794104624588,-37.94084998660359],[143.5934498225882,-37.954668866072154],[143.59731659288093,-37.96218629641502],[143.60823538249576,-37.95861742624871],[143.6123080924657,-37.95989444646059],[143.6192774425271,-37.96601977633822],[143.6188745121896,-37.97095472640326],[143.62191190301476,-37.97340786611592],[143.62441525259004,-37.97819100599209],[143.6221306823123,-37.98206306627553],[143.62970487254614,-37.9811779161642],[143.63452188254305,-37.985482946345066],[143.64025377275786,-37.984482906304315],[143.64311573248958,-37.986899896095565],[143.64833469276198,-37.988519885995565],[143.64708777275717,-37.99228794622905],[143.6496437627098,-37.99338292594086],[143.65363704274395,-37.999338366016076],[143.6540180622734,-38.00583503631903],[143.65624756223096,-38.00748935655417],[143.6550089723038,-38.011984066551385],[143.6467921228241,-38.013154146550654],[143.64448616276113,-38.01172617654311],[143.6381442122638,-38.01170624647597],[143.6337742928855,-38.01249129621073],[143.63265111221776,-38.01633378632953],[143.62876466253212,-38.02165958630889],[143.62933487265025,-38.02342370606166],[143.66239755263354,-38.02712385639363],[143.67240892253886,-38.029400186408154],[143.70787443241377,-38.02698763654674],[143.72241213276138,-38.02663349659328],[143.73557596228986,-38.027397396380536],[143.7487077929296,-38.02468225639438],[143.7642044825722,-38.02010706626374],[143.76813940265572,-38.019762036426286],[143.82971461245188,-38.02236308630301],[143.82315403267563,-38.05579198643667],[143.81859156300942,-38.08015038607756],[143.82456311296227,-38.08096377607828],[143.8284104625769,-38.09219392660132],[143.82433546280132,-38.09188659614355],[143.82186043261532,-38.10434510649625],[143.82063144298357,-38.10513000637653],[143.81092328233441,-38.120597766160856],[143.80986536247545,-38.127698846178205],[143.82573903282204,-38.12972980612165],[143.90068641302065,-38.1385420063303],[143.89963956220265,-38.14446013636378],[143.90267201229378,-38.14595199649596],[143.90218587280805,-38.149102976228974],[143.90407515291972,-38.15281601616247],[143.90948018303368,-38.1535610261049],[143.911283062283,-38.15057995662189],[143.91376203247978,-38.153085026510006],[143.91221797223687,-38.15947296655201],[143.9186554028691,-38.16101465601592],[143.91894098268781,-38.15929099618317],[143.95328175241966,-38.16303537605737],[143.978314402858,-38.16605816607368],[144.0024599930044,-38.169183006251615],[144.00312702264557,-38.16554299648625],[144.06240715277352,-38.17239937638443],[144.05981842282202,-38.18671152640184],[144.0550410123595,-38.186260996219325],[144.0497670123096,-38.21473299614479],[144.05581225286184,-38.22427600598695],[144.05239001298915,-38.22547398639825],[144.04610099302502,-38.258943006392286],[144.05049599246772,-38.25945898595106],[144.04771298297138,-38.2735439966047],[144.04549600283391,-38.27213600591014],[144.04095000288018,-38.27247899647576],[144.03891199230011,-38.274545996186816],[144.02738401287039,-38.281065986245224],[144.0297838926946,-38.28503601623836],[144.0269609827283,-38.28584999604154],[144.0256059926999,-38.293708996358795],[144.01614712262693,-38.29539320620718],[144.01277700300705,-38.31374000631784],[144.04001695243898,-38.31698309650583],[144.05857198251752,-38.318899985898476],[144.05790743222656,-38.3225982261351],[144.08264800263674,-38.325416006057786],[144.080998022937,-38.3350769965619],[144.08464725270892,-38.33529625628816],[144.0889350229511,-38.33299900617423],[144.09653801227458,-38.33173199643016],[144.10355900288846,-38.329865996340004],[144.10771898239162,-38.331615016489735],[144.10874047287086,-38.32461654656376],[144.12805298305827,-38.33085500623954],[144.13610090255213,-38.326176725918835],[144.14090018250022,-38.32217883603528],[144.1505324229314,-38.32145894654587],[144.15224602221795,-38.326791996501],[144.14935803290265,-38.33097699624038],[144.14993396259425,-38.33277691593203],[144.15881485302012,-38.336132496398434],[144.16145610297465,-38.338283636364324],[144.1616354624009,-38.34043339629929],[144.16537000248042,-38.34272099635341],[144.16670940224716,-38.33651450591634],[144.2031020229026,-38.340929996343625],[144.20235771299423,-38.345384866099565],[144.19898898306806,-38.351432996177735],[144.19606099267142,-38.359567006585905],[144.20545003220573,-38.36992298620965],[144.2040710230232,-38.38081199631787],[144.20813500226689,-38.3797099859115],[144.2281279925702,-38.37265599638918],[144.23425400244628,-38.372946995953065],[144.22933891259007,-38.398384056370396],[144.2150438328276,-38.40166195620547],[144.21077892291277,-38.403673995937694],[144.20002211301843,-38.406674956385544],[144.19564306226528,-38.40909002657828],[144.1935089822555,-38.411624966157746],[144.19316701249141,-38.4143720362892],[144.18869905277967,-38.41415900595803],[144.18178489251434,-38.417671965932016],[144.1790690725097,-38.42348004632653],[144.17939410274244,-38.42936702645129],[144.1690808423078,-38.429373955959335],[144.15042095278446,-38.43011897588533],[144.13895893305272,-38.43250802611367],[144.13164301295467,-38.43572498603728],[144.12822409235693,-38.43959903619272],[144.12512017230182,-38.44624301628439],[144.12098304234624,-38.44800998619031],[144.11859806287762,-38.452541025991515],[144.11730333273675,-38.45821623651146],[144.11084111309418,-38.460902025937784],[144.1083085224581,-38.46363035590292],[144.10663259312466,-38.46778338648239],[144.10487807288203,-38.469148016216316],[144.09365615306277,-38.468469955894925],[144.08346385257778,-38.46898502636429],[144.06737794266897,-38.469111035824746],[144.0489352927308,-38.471677946494765],[144.04373711318576,-38.47294502620346],[144.03649748251317,-38.47577506610074],[144.03324058295843,-38.479673126203956],[144.03421860306275,-38.481561125911554],[144.03094093266205,-38.48444100586222],[144.02924569314325,-38.48761815586315],[144.0229201324083,-38.49098794591794],[144.01805614321702,-38.49277203635213],[144.015312952444,-38.495819966175546],[144.0111600229192,-38.498506016250715],[144.0013291128764,-38.510583015943446],[143.9983558932035,-38.512401036158124],[143.9931935824895,-38.51741164630109],[143.98981774239786,-38.519744706427225],[143.9797280429931,-38.53227599581356],[143.9769211230389,-38.54017097588802],[143.97729408288362,-38.542715005957625],[143.98181785312732,-38.54466296578882],[143.98679700274477,-38.54805101580254],[143.98601294238503,-38.55149602578797],[143.98175412304784,-38.555154976001766],[143.9766731026805,-38.555820975797744],[143.97686056311403,-38.56092040589719],[143.9730781024056,-38.566362965885105],[143.9666978728974,-38.56702598631299],[143.9641299524195,-38.57193000637351],[143.96026212301305,-38.57562099639163],[143.94866085273418,-38.57669053635178],[143.94505501248875,-38.58076700632406],[143.9386959832212,-38.583044006193525],[143.9331969632775,-38.588471995840756],[143.92654882291387,-38.59053694637338],[143.91952812245583,-38.59722197605515],[143.92153295286255,-38.60088803624427],[143.91921385314188,-38.60718100594701],[143.91571284269693,-38.6117190060119],[143.916388932746,-38.613956046205],[143.9124361325952,-38.61818099606196],[143.9109349228896,-38.62212695600194],[143.90773489298056,-38.62625301614748],[143.90193311293828,-38.62980097608453],[143.8986571232854,-38.630516045802196],[143.89570800271665,-38.63318202608241],[143.89144812246906,-38.635151036150795],[143.89229809311954,-38.63952900631496],[143.8897910532651,-38.64223296578783],[143.88609098333967,-38.64417803635139],[143.88358105270657,-38.64792896623734],[143.87753592264707,-38.6509539558845],[143.87342796278543,-38.65207201584307],[143.87021603289378,-38.65538995627071],[143.8707769328724,-38.65702698611541],[143.86495500271994,-38.661384956340214],[143.86341816313524,-38.66933997614637],[143.86600693261258,-38.67180101600349],[143.86137299298238,-38.67276500587512],[143.85765996306236,-38.674722956176595],[143.85271103277105,-38.675257015891944],[143.84206190303146,-38.67907894622642],[143.840322022633,-38.68320500584954],[143.84067516294763,-38.69074097598993],[143.8370078626654,-38.69279297603845],[143.82936107328524,-38.69255799592029],[143.81589889258973,-38.69328202596071],[143.8108779533452,-38.69303201569157],[143.8053868933732,-38.695022005977705],[143.8013941128023,-38.69789300596916],[143.79737112278673,-38.697297025875955],[143.78944285260053,-38.698779945786804],[143.7766470026568,-38.70252603603479],[143.7762308329486,-38.704694025739485],[143.77091691266583,-38.7059730260167],[143.76293209263412,-38.704968995863055],[143.76075914342033,-38.70677600571249],[143.75506105321637,-38.70813303625909],[143.7538849132694,-38.71025703611177],[143.74946195286518,-38.713303985721595],[143.74180297334664,-38.71462797603331],[143.7285549725743,-38.71779804563526],[143.7261321731339,-38.72190798595151],[143.72266106311312,-38.72225097580008],[143.71661305305486,-38.72568203610742],[143.71123284339225,-38.725328965954155],[143.70848318295256,-38.727861026244284],[143.69852091316415,-38.73027897578877],[143.69215392302652,-38.73380498577683],[143.6853711629311,-38.73535999593686],[143.67771792274888,-38.74070897591507],[143.671353122704,-38.74852602611556],[143.67041390263338,-38.7530420355487],[143.67115584278608,-38.756453035651575],[143.67961289278958,-38.761180876004744],[143.66860120300132,-38.76662499558747],[143.66544636284266,-38.77042506583637],[143.66436662290542,-38.7774570861995],[143.66626768262543,-38.779072056041905],[143.66151396343193,-38.782744015883885],[143.6541850932207,-38.78627497553101],[143.64500399301343,-38.791716035958835],[143.6401281730098,-38.79066095559151],[143.63727011286477,-38.79142704614165],[143.62837598306825,-38.79193201576744],[143.61603084305537,-38.79550899607174],[143.6097769328458,-38.80039697584048],[143.60372785289402,-38.806499976189],[143.5970869035443,-38.81137400604327],[143.59524697328104,-38.81540898559569],[143.5893800330413,-38.81842803563215],[143.5854351928622,-38.82214701596943],[143.58313802281427,-38.82654899579721],[143.58452688292218,-38.829850005523575],[143.5799350733805,-38.83566094570999],[143.57205217350602,-38.84151096598684],[143.5627519333359,-38.84593597553394],[143.5598139428935,-38.850353005920866],[143.55565093337287,-38.85493796582701],[143.5533141628923,-38.85565401579381],[143.55014184331483,-38.853917985639995],[143.54361217277088,-38.85343595556462],[143.5274240229046,-38.85608798575654],[143.51825916333934,-38.85522695611985],[143.51133997340673,-38.85769295549706],[143.50255704336425,-38.852406985972536],[143.50166495340503,-38.84913198590043],[143.4993429629058,-38.84706701596672],[143.49282589303036,-38.843892985701245],[143.4938389132948,-38.84069195549077],[143.4929810527412,-38.83762997558463],[143.48663604348027,-38.83053095596653],[143.46819215296867,-38.81484998558122],[143.46551305339793,-38.81013596612982],[143.45761609309267,-38.805391975494466],[143.45048016303815,-38.799969025887535],[143.44634412273905,-38.79808595577369],[143.44368590271046,-38.79481698595947],[143.4336368332076,-38.78933498581098],[143.42740884298718,-38.78266201600895],[143.4228041129768,-38.78176203564259],[143.41822416299348,-38.78207198582763],[143.41534201272754,-38.780972985560595],[143.41051802282087,-38.78285902590835],[143.40731292282032,-38.78222697582077],[143.4053959431568,-38.779508975454355],[143.40142405290794,-38.778825955929285],[143.4017649635582,-38.77634896593185],[143.3968171328048,-38.772421015694015],[143.38353708283813,-38.76570197609636],[143.37304993281904,-38.75971301606314],[143.36394913301498,-38.75745303607282],[143.35689817280658,-38.7543500058434],[143.35210693278026,-38.755331005839466],[143.3474060632715,-38.754237955869925],[143.3419340529734,-38.75577695613295],[143.33200703307662,-38.755680025761016],[143.3273410927611,-38.75718204575163],[143.32331916275757,-38.75489298560861],[143.31425402337533,-38.7522050457851],[143.30358507320733,-38.750088955985426],[143.29894395334307,-38.75146704560707],[143.29554697319784,-38.755565996083085],[143.28115199358933,-38.75876198608777],[143.28063288323776,-38.76171902591649],[143.27846785357153,-38.762568005941255],[143.273385003336,-38.761282976090186],[143.27149211289517,-38.76418899558132],[143.26754796352054,-38.76300700593455],[143.26484112307546,-38.766320005899786],[143.26555502321492,-38.76921801576465],[143.25775596310592,-38.77060301578598],[143.25148690280903,-38.770110995797175],[143.24978914351593,-38.76819696568795],[143.2404399631291,-38.767309995748775],[143.23888513298414,-38.76798302570557],[143.2335531430894,-38.76608600574431],[143.23117714318036,-38.76235495547644],[143.22026915311184,-38.76028495565713],[143.2148371133523,-38.75697700569305],[143.19967103337865,-38.744979015611],[143.19651889355575,-38.744177045961315],[143.19534494280308,-38.74103999564579],[143.19031104356398,-38.740193995984214],[143.19041904351903,-38.735648005571896],[143.18877096285775,-38.73353103544164],[143.18294005314573,-38.73134194572207],[143.17600717288823,-38.724927015515206],[143.1734630433923,-38.72073302541999],[143.16756190339134,-38.71556901557815],[143.16403283317013,-38.71134701543426],[143.15788908336387,-38.70649502577884],[143.15471496356253,-38.70653696572635],[143.15122403311332,-38.700831955692905],[143.13833314320917,-38.690933046101286],[143.13634813323094,-38.68847900559398],[143.12985408358293,-38.683926985481854],[143.12297986331347,-38.676794035819334],[143.11984786282082,-38.67550101560592],[143.11214892354354,-38.669307025634325],[143.10434591354226,-38.665632965963226],[143.10255997292586,-38.663389965469364],[143.09641512358164,-38.66019903567795],[143.08706017331568,-38.65683994592417],[143.08616592290824,-38.654558015702314],[143.08083290354415,-38.651018035715964],[143.07158194315386,-38.64962304607873],[143.0716060728007,-38.647515946105514],[143.06545907288967,-38.64814298583147],[143.06106096347946,-38.647520005486435],[143.0549899233122,-38.64787002554714],[143.05816801276882,-38.64500396607784],[143.05335804286878,-38.640572995486096],[143.04485018325454,-38.639547005422365],[143.0435091431641,-38.637727005591955],[143.0382261635546,-38.63680999599003],[143.0391488528273,-38.63405897608816],[143.03654318334455,-38.631734985646595],[143.03027486325948,-38.63152701590145],[143.02415917322935,-38.6283419954872],[143.02167517336525,-38.62624598556563],[143.01053785328628,-38.62379996585435],[143.00315890289627,-38.62403800559483],[142.99962219340185,-38.62295614574968],[142.99455997297682,-38.62306296587279],[142.9870849235127,-38.621868035860345],[142.97897987296344,-38.62528100605489],[142.96907410361302,-38.62474801589261],[142.963173003138,-38.62255696569026],[142.95553487351725,-38.622075025785826],[142.94766492285757,-38.619782005928776],[142.94399185359464,-38.624399996066295],[142.93960203293952,-38.6223920057177],[142.93726202313405,-38.62309796593372],[142.93793986310135,-38.62621997563517],[142.93568412335435,-38.626985965608945],[142.929267132988,-38.62113200562601],[142.92648397347307,-38.621401016006416],[142.92455615294074,-38.61881495595808],[142.92038584281184,-38.61811787581143],[142.913913003286,-38.61859993565588],[142.9021701935527,-38.61063878541003],[142.89184441329792,-38.60969874562012],[142.88883349312923,-38.6108237855962],[142.88552155289872,-38.60861472573719],[142.8817946134648,-38.60820670596067],[142.8743798535327,-38.60994668549656],[142.87173386316834,-38.60490861571341],[142.86811696286517,-38.603567575913615],[142.86537107355304,-38.60578403574955],[142.86109221280185,-38.605630526081924],[142.85763000328885,-38.60167500539435],[142.85930017352297,-38.59955647559591],[142.85697720296182,-38.596220466072715],[142.85387423332426,-38.594998425964064],[142.85275627366497,-38.59227139607146],[142.84558435350695,-38.59099846576823],[142.8399003533782,-38.58740151556203],[142.8324974934287,-38.588206615776066],[142.82603549297505,-38.58518869561995],[142.82812442365864,-38.5808856454393],[142.82241743294682,-38.576944775911805],[142.8188344835715,-38.57657583572111],[142.81762852315035,-38.578760795557635],[142.81106454325075,-38.573476975697155],[142.8076015333389,-38.571536045907955],[142.80424956328096,-38.57165307578281],[142.80056660356678,-38.573521095572104],[142.79674862347207,-38.57320413572663],[142.79402459286575,-38.569766125517624],[142.78783664325252,-38.569203175700274],[142.78432359358604,-38.565204195577124],[142.77794762299058,-38.56297525552263],[142.7749586028502,-38.55920427551878],[142.77320258331937,-38.5589483055577],[142.7644745627986,-38.553134425557396],[142.7603865230784,-38.54957347592641],[142.75746061317997,-38.54982451580794],[142.7539697132735,-38.545664625608005],[142.7500447932358,-38.54416769592295],[142.7470958828728,-38.540482815884374],[142.73505424317028,-38.532518115425006],[142.73206131356181,-38.52908424559616],[142.72062433347025,-38.520696415440085],[142.71718432312468,-38.51924943579174],[142.7127632931999,-38.51578540573234],[142.707895253505,-38.51413738590644],[142.70649522284648,-38.51209038608131],[142.70076322303714,-38.51047836571509],[142.6939251734326,-38.50394227596445],[142.69104108280564,-38.503554015434496],[142.6892261230123,-38.49935320604479],[142.68687012319475,-38.498858165635816],[142.68434107281917,-38.49534410596286],[142.6793760132769,-38.4931970558789],[142.67634206299925,-38.493146016066504],[142.67208298315063,-38.48914492590142],[142.67039201332437,-38.4903939356154],[142.66535804311846,-38.486816955920524],[142.66290104301856,-38.48373994606072],[142.6588230832941,-38.48176795549617],[142.65197010279118,-38.477194925658985],[142.64436211344483,-38.471012815733864],[142.63200715304927,-38.4640097558523],[142.6263501634645,-38.459919755995465],[142.61752227364036,-38.45649484566705],[142.61511524322648,-38.452687865692496],[142.60609434317706,-38.44879096603102],[142.60307035341924,-38.44815499607261],[142.60202733301762,-38.445648005493624],[142.59918336294785,-38.44534500590221],[142.59210641357998,-38.439624085692785],[142.5845775235893,-38.43666216569034],[142.5831474532677,-38.43472817548226],[142.57854655367368,-38.43276021587501],[142.5702796329984,-38.42642128562116],[142.5641667232541,-38.4237563457857],[142.56331871362588,-38.42200437606063],[142.5559418131914,-38.419307425599165],[142.54828491327274,-38.41502348606795],[142.54064101287454,-38.41223098595772],[142.53790665343908,-38.41017491588856],[142.5272681732272,-38.405934665913605],[142.51713738308467,-38.40382677584575],[142.50902650336755,-38.403354895677154],[142.50038950284636,-38.397028025969945],[142.4921805827957,-38.39387112557928],[142.48335170302815,-38.39369824539793],[142.47886180286386,-38.395027305467046],[142.47358897331875,-38.401712385637424],[142.46980491360918,-38.40170102539616],[142.4671860433833,-38.39880448576544],[142.4592681631117,-38.397100565948264],[142.45328815282545,-38.39148360544646],[142.449015243413,-38.38967663577903],[142.44721218360232,-38.38698466595109],[142.4379862529707,-38.38270374592801],[142.43593225327697,-38.38001777547676],[142.42651628314871,-38.37415685560544],[142.40462741281132,-38.36272019541577],[142.39041548290822,-38.35644438571942],[142.38278256351612,-38.35398647571474],[142.37903087369943,-38.351871985879],[142.37220493338486,-38.34941795601674],[142.36287484309617,-38.35012474606952],[142.35423299346905,-38.35010587561761],[142.34810811367362,-38.35136597577134],[142.34394214330587,-38.351327025921535],[142.3371512831015,-38.353438135483096],[142.33423438330536,-38.358388215411026],[142.32873142335077,-38.35710929557228],[142.31936859306313,-38.35887341554555],[142.3172056429968,-38.35998345569712],[142.3130886631513,-38.357109495627924],[142.3093706628528,-38.35632154538519],[142.30404078310065,-38.35905962595166],[142.29998085346227,-38.36011769603939],[142.29498783295853,-38.359729745447595],[142.28934395338698,-38.36188984583393],[142.2860670537408,-38.36451390572891],[142.28208603301525,-38.36254193547586],[142.27670210342907,-38.3620859956358],[142.26881919367315,-38.36286310564699],[142.26152832309677,-38.36458621559695],[142.25100351300603,-38.37026040548445],[142.24503368332694,-38.376755535374144],[142.243034753055,-38.382208595677135],[142.24324379371657,-38.386427615569666],[142.245053753487,-38.38910461563401],[142.24949774345203,-38.38951557595758],[142.25385164317387,-38.391249525797626],[142.24480880357027,-38.39646469548811],[142.24253284364454,-38.39573572569251],[142.24317480310276,-38.39225768553233],[142.23776992300753,-38.395244765754086],[142.2344629531555,-38.39445779537064],[142.23288695331257,-38.39225479599122],[142.2296950333939,-38.39281784596134],[142.22637291345455,-38.3916699755586],[142.22456207333516,-38.393419895510526],[142.21927015369195,-38.3922349458827],[142.21784114338237,-38.394444995599024],[142.2132522129412,-38.39446305538615],[142.2116352337517,-38.39282905551866],[142.2045103529752,-38.393223166001796],[142.19860841347372,-38.3950252454102],[142.19416045295512,-38.39386328583188],[142.19091746291423,-38.39412633547234],[142.1830475535771,-38.391030395360076],[142.17671765308097,-38.39181849578465],[142.17231367318035,-38.39000253536924],[142.16294682293184,-38.39194866591736],[142.1549648532546,-38.390322735929544],[142.1535878931292,-38.39187876530553],[142.14818089300994,-38.38969402574584],[142.14580000357074,-38.39148686536799],[142.1434509333573,-38.38657885536793],[142.13701594344766,-38.38103887562264],[142.13347099370716,-38.37983691598358],[142.12968700316787,-38.38003995560936],[142.12852301293512,-38.37793494572404],[142.12403103317095,-38.3779460153361],[142.11972001363088,-38.37427002584131],[142.11278702377885,-38.37152808577141],[142.10929007371894,-38.371911125588355],[142.09879807369563,-38.365752185517174],[142.08733320360946,-38.36149725584043],[142.07381327291927,-38.35589732574123],[142.0585813131976,-38.34706338596799],[142.0566183029606,-38.34517037562441],[142.04818432349023,-38.339662385461544],[142.04449935334642,-38.338595425976344],[142.03802831314613,-38.332596445749054],[142.02686526352073,-38.3253985055064],[142.0144782135066,-38.31689160556581],[142.0102602432603,-38.31498864551152],[142.0021681931298,-38.31008270541275],[141.99020115312177,-38.30381880596461],[141.97036015327296,-38.294549995747815],[141.95324815351054,-38.28723214539772],[141.93290911329518,-38.27940337561149],[141.9213921229563,-38.27564448549866],[141.9056692330335,-38.2714986556255],[141.89831934314302,-38.27029774572045],[141.88974633321274,-38.267380815621884],[141.88489135322547,-38.266292865507026],[141.85584958365783,-38.26263721590143],[141.83921470339737,-38.26092241583347],[141.81960088299235,-38.260184635631106],[141.80400399346627,-38.2588118057463],[141.79503802359983,-38.25748788563028],[141.78183411304005,-38.25494200562517],[141.76964523317423,-38.25355913579828],[141.75680730344766,-38.2530792656416],[141.74201447347457,-38.253109415812354],[141.73624554302557,-38.25365046534295],[141.72161273354726,-38.25606664588265],[141.7079669138514,-38.259051785776315],[141.70399794312715,-38.259406815328376],[141.6935901134493,-38.26257995571117],[141.67861835344462,-38.268316135230286],[141.66836758341444,-38.27486027570859],[141.66380863334751,-38.27547732579751],[141.655609893904,-38.28257845526363],[141.65100297380093,-38.28403851560865],[141.64380520372228,-38.28825357522921],[141.63731948325363,-38.292910665754206],[141.6323181838762,-38.29422095558913],[141.60821726335564,-38.307004965238825],[141.6014905033367,-38.31346004563304],[141.59921969345243,-38.321074075223024],[141.60072772316764,-38.32422809571155],[141.60461971366195,-38.3282921053907],[141.60719669364954,-38.3294360758204],[141.60978370332725,-38.33345308567432],[141.6099707631121,-38.337212105466634],[141.60793099363076,-38.3422720555589],[141.61959767383874,-38.342392065535556],[141.62359358324176,-38.34170101553214],[141.62226670329517,-38.345379055796094],[141.6211328632183,-38.3542771156987],[141.6256479135156,-38.36020412559578],[141.62505891333657,-38.36199212520866],[141.63205202383733,-38.37115410525375],[141.63390407327205,-38.37511715572279],[141.63651904391128,-38.37717213558902],[141.64266502333612,-38.37829910542297],[141.6414261037272,-38.38314014548761],[141.6427771133207,-38.383702155255506],[141.64636017318878,-38.388982165185006],[141.64997221360628,-38.392430175578646],[141.6415152633158,-38.39215525531305],[141.62915410364647,-38.39292503547778],[141.62612351396635,-38.394708415568466],[141.62585855317832,-38.39687944533699],[141.62814758359144,-38.40043943545324],[141.62776812353738,-38.40470603526735],[141.62402976382128,-38.40582253567443],[141.6172437536211,-38.400249575682324],[141.61686871327814,-38.396577545689325],[141.6147776634688,-38.39420553525185],[141.60299382318485,-38.39269169554935],[141.59417389333245,-38.38910676528154],[141.59012392331564,-38.388337815463096],[141.57865208320118,-38.38794398535061],[141.57292217377156,-38.38975711556391],[141.57051222383296,-38.39198917527615],[141.5695603033809,-38.39556324564385],[141.56751235384058,-38.397869295157],[141.56708742376176,-38.40144735511519],[141.56521450376803,-38.403961415657065],[141.55794760383674,-38.40558253577424],[141.55671372377648,-38.409532595763345],[141.55701474383835,-38.41294462577163],[141.55559386328207,-38.41648067525062],[141.55752190390166,-38.4223547251255],[141.55567599355354,-38.426047805722966],[141.55199507391333,-38.42761486558903],[141.55129613341828,-38.43092090572297],[141.5450852237647,-38.43203801577738],[141.53907728395802,-38.4307750955866],[141.53570830340186,-38.427615105562595],[141.53130833358068,-38.4262791652979],[141.52501727354252,-38.42140119570792],[141.52507019329593,-38.4166541555189],[141.5212711631621,-38.41471019561012],[141.52180110360274,-38.411225145345306],[141.5257440537265,-38.409095055348814],[141.52846495370406,-38.4052469756719],[141.5249278839852,-38.3976349651304],[141.5219248438382,-38.394695965756846],[141.51911478337374,-38.38997896557899],[141.49920264324265,-38.37846512535049],[141.4731315735735,-38.367271365780205],[141.46989697379743,-38.365478015398224],[141.46101955356346,-38.36209645557245],[141.45020960382845,-38.35986353544783],[141.44554760352378,-38.35959258536419],[141.43505769388005,-38.360237715186805],[141.4243857837632,-38.36189189556458],[141.41262694359358,-38.3657520855013],[141.4067220836691,-38.36934121513877],[141.4048131735718,-38.37196927562677],[141.4053812232418,-38.37518229563806],[141.40857226370974,-38.37830729544412],[141.41090250343822,-38.38789536576506],[141.41340665341247,-38.394206405470335],[141.4117116735068,-38.39572643510962],[141.40644172396054,-38.396162495595064],[141.39974375404807,-38.39430755562052],[141.39538770375947,-38.390072575094344],[141.38595668325695,-38.38662465507759],[141.37431880393532,-38.38675678571138],[141.37079575332478,-38.38296076551565],[141.36656974405506,-38.38039679517195],[141.36409074331547,-38.37701079510413],[141.3646175136015,-38.37004171573298],[141.36642648342848,-38.36750968555994],[141.3683282438344,-38.36051357525929],[141.3716391240529,-38.357117505602226],[141.37572303331945,-38.35533542545036],[141.37878794403335,-38.35233636546352],[141.38350582404036,-38.34935128528935],[141.39030369379884,-38.346715145594416],[141.39165258336828,-38.34395209541149],[141.3962684435051,-38.34082600538467],[141.39785941377215,-38.338065945677236],[141.39616924344654,-38.330284865597484],[141.39210405327387,-38.31972882538045],[141.38769193373844,-38.31180177544382],[141.37702079347778,-38.2974857154205],[141.37073673401062,-38.28970469527517],[141.3615586233966,-38.27999966564837],[141.3574396034772,-38.27459763548197],[141.3516476033934,-38.27030662571322],[141.34629856347456,-38.26474158563355],[141.3387435738316,-38.25866855559648],[141.33282155339026,-38.25217747558846],[141.32237153343678,-38.24322644550401],[141.31321310311392,-38.23606997556394],[141.30611958342234,-38.229672485724144],[141.286776663466,-38.214003525303326],[141.2843216737957,-38.21243052558529],[141.27278971393085,-38.20278851562735],[141.26140576318718,-38.194122515789104],[141.24679383325108,-38.183595535424026],[141.22966189358428,-38.172223555527005],[141.2277758734588,-38.17064857545708],[141.19980113356547,-38.15372980541342],[141.19790014391404,-38.15305879568361],[141.18442525385385,-38.14491882553091],[141.18002627397607,-38.143789845344656],[141.17716829378114,-38.14168184577099],[141.16667935341965,-38.13619591537319],[141.1480815832965,-38.12582399527705],[141.1283676833823,-38.11625011575619],[141.11969177323283,-38.11256414559262],[141.11738680311336,-38.11245817515569],[141.10548692385086,-38.10615322539255],[141.09635400388552,-38.10328028537081],[141.08691605377888,-38.096975305570666],[141.07869611319634,-38.09322135514889],[141.05957120357965,-38.0856684855896],[141.0499032335563,-38.08080953551174],[141.03780833363894,-38.07535958549293],[141.01519552359048,-38.067036715455984],[140.99080392351533,-38.059799035528876],[140.96579600369677,-38.05599834575113],[140.96696355395298,-37.993787255425275],[140.96888655322715,-37.87599148540537],[140.97147512327857,-37.766557135286384],[140.97201085336116,-37.73075218545755],[140.97356764363002,-37.71804905581025],[140.97211565351714,-37.71758807569789],[140.97221818363045,-37.69045280580826],[140.9726057635564,-37.66311252562537],[140.97292464302433,-37.65426643592003],[140.97239554340686,-37.643460315718386],[140.97267987366902,-37.62527691560001],[140.9736651332962,-37.50787613562667],[140.97387226324116,-37.46209307586513],[140.97317342335742,-37.35823707581238],[140.99224969279481,-37.37415338556704],[141.00363035300956,-37.37760407560174],[141.02378459360133,-37.39137029599821],[141.04640769295307,-37.40186007581253],[141.09529609300967,-37.445612225568944],[141.09759971296137,-37.449838975672584],[141.16823747319512,-37.41988031567985],[141.1890735728168,-37.422112855789884],[141.23083139318473,-37.42624007563298],[141.26103649272335,-37.42967484569478],[141.25870943303096,-37.426565785755315],[141.26058396280573,-37.4208328755711],[141.2637753832611,-37.422984785601464],[141.26863466348368,-37.422038155961864],[141.2715373231859,-37.41560829588023],[141.2713947533638,-37.41337016559963],[141.27394537318773,-37.406941565750785],[141.27148224298426,-37.40298920577398],[141.27618852304602,-37.39717618578528],[141.28043182308835,-37.3955731060808],[141.2791182328181,-37.393093515830174],[141.27306875311598,-37.39257377587001],[141.2717500828728,-37.39154839600469],[141.27435432313595,-37.38577228563996],[141.27019741317613,-37.382886275637],[141.26544865268295,-37.38191633602029],[141.26185803349173,-37.37712751557922],[141.25366656321546,-37.37595365582914],[141.25025592328805,-37.37372921563876],[141.24847250334437,-37.3692427960981],[141.24313762267107,-37.36928375625433],[141.24175741333926,-37.36660976567942],[141.2373560232816,-37.36575288624867],[141.23267855308936,-37.367407966199124],[141.22088098295464,-37.364574135569676],[141.22066318282072,-37.36158640594572],[141.2172316732326,-37.35541295565398],[141.2210037727725,-37.348705266104474],[141.24720708343457,-37.35157688606517],[141.34570923271554,-37.36278045579472],[141.3886741130426,-37.36737664613734],[141.43153047329005,-37.372302016236816],[141.43150609301324,-37.29753578613642],[141.48185999294626,-37.29751700619908],[141.5314440025448,-37.297642986045034],[141.52989100316648,-37.293448005693236],[141.524765013136,-37.28998700618727],[141.5266840032291,-37.285247985904704],[141.5235909932131,-37.28232398596582],[141.5185869926016,-37.281133996383254],[141.51901900320152,-37.27904799602049],[141.52281902327877,-37.27859699606773],[141.52335100289508,-37.27487899639249],[141.52098701256304,-37.27405199626752],[141.51674399279506,-37.26680298610685],[141.51363000262555,-37.26530299606008],[141.51087300295,-37.26067099608423],[141.50611600310904,-37.2599650060336],[141.50480700322987,-37.25633099620831],[141.4993240029426,-37.25696298623209],[141.49844899265184,-37.25541100636736],[141.49221702289478,-37.25094898599231],[141.49299501333815,-37.24990199635724],[141.48950798337387,-37.246358996167075],[141.49012400308,-37.243020996029685],[141.4961840227153,-37.239342996015246],[141.4965850126918,-37.23567200639763],[141.48980699300617,-37.23469300587518],[141.49102598259216,-37.230698006033776],[141.49614598265632,-37.22662198622179],[141.49477300296596,-37.22362800574919],[141.49098102281047,-37.223215986224275],[141.49132499312267,-37.220707006196584],[141.49445301318028,-37.21825599578111],[141.50024201289096,-37.21781398595363],[141.50613301270894,-37.2136329858809],[141.50975800323957,-37.20966799572949],[141.51105901260433,-37.21156900634103],[141.51494502301378,-37.21120599579893],[141.51983602274908,-37.208249985860576],[141.52890101301097,-37.204262996156885],[141.5334190232571,-37.20350000604379],[141.53948700286418,-37.201024005725],[141.5426070225258,-37.20216498589697],[141.55233299317376,-37.197786995775715],[141.5571480026225,-37.19444599600181],[141.56274301294425,-37.19214599644792],[141.56602002308324,-37.19214899628265],[141.56901999278864,-37.190336996401605],[141.5761780025345,-37.18812198584295],[141.57982599263136,-37.18534698632463],[141.57907099277105,-37.18281199614107],[141.58363700269774,-37.17851599611943],[141.58657400319666,-37.17335799582296],[141.5925959926544,-37.17050998629737],[141.5958738031924,-37.165509956468874],[141.59502799263996,-37.16255698599998],[141.59900700293588,-37.161093985934194],[141.60614399300238,-37.1629079859433],[141.61243900293286,-37.1658849862342],[141.61552099241698,-37.16577800615295],[141.61861699292453,-37.16372600635457],[141.62062299293777,-37.1659589858977],[141.62412400248442,-37.165393006034584],[141.62937701249942,-37.15733599622609],[141.63256700283685,-37.15545398622801],[141.6341029926153,-37.16418800585616],[141.63984802248783,-37.1654219863075],[141.64095298262663,-37.16242299637088],[141.64565801313182,-37.159404996473135],[141.65590900324923,-37.15778999626658],[141.6582290228447,-37.15629499624538],[141.66838299311485,-37.1551879962623],[141.6706870128168,-37.156235006132036],[141.67162798280555,-37.16107199623498],[141.67539099319134,-37.16201898647402],[141.67783798246577,-37.16125599618479],[141.68146101287246,-37.16246700647608],[141.68367601312298,-37.16650699649359],[141.6899179928073,-37.167891996347564],[141.69229899273924,-37.16490099614534],[141.6968390126081,-37.17243299591035],[141.6998830024574,-37.17520699610225],[141.70257100253602,-37.18106000605862],[141.70791201241454,-37.18473299647583],[141.7137600125748,-37.18338898600303],[141.71661401323303,-37.185764995965144],[141.71905499277818,-37.18347299608076],[141.72456901279054,-37.188015006473236],[141.72697198281932,-37.18707300595291],[141.7278080223964,-37.183736986350965],[141.7312420131313,-37.1804890061588],[141.7308559926807,-37.17814999585733],[141.74018999243754,-37.181442986062436],[141.74344400301038,-37.18115500636273],[141.74361500271456,-37.17860200637818],[141.74041800282302,-37.17526498632991],[141.74658398323766,-37.17369800627375],[141.74924600313986,-37.177862996341545],[141.75423300313463,-37.17381699600597],[141.76303099253448,-37.17473500590112],[141.76776099261124,-37.17941098615183],[141.77186600240555,-37.179285006093664],[141.77270072325575,-37.17309221631066],[141.7779329929675,-37.1767120062528],[141.78095300318856,-37.17421600610525],[141.77916198259925,-37.1713329959192],[141.78646399318345,-37.168789986293056],[141.78535698308917,-37.17218699638757],[141.78630598311827,-37.17419999626704],[141.79204900256113,-37.17267598615044],[141.79652799268632,-37.173236006213635],[141.80505202287398,-37.16938800610758],[141.80687100262813,-37.170386006417495],[141.80595798282118,-37.17408700609512],[141.8095130125575,-37.17724299633673],[141.81454800235133,-37.17468799596969],[141.81583102295247,-37.170005996127685],[141.82200401292133,-37.17388999582794],[141.82518100283997,-37.169364985885444],[141.83275501251245,-37.17204399616305],[141.8364450132218,-37.17069498616752],[141.84229198301443,-37.16633500632438],[141.839871012544,-37.16438898587547],[141.83878900256406,-37.1605759863576],[141.83540002281472,-37.16021599590245],[141.83467699309705,-37.15742599617639],[141.83646100233554,-37.15503699594357],[141.84053801254078,-37.152510986083506],[141.84429299288624,-37.15224998622048],[141.84965801293566,-37.148917996065094],[141.8532030031004,-37.14773599637626],[141.8571839825034,-37.14914800605752],[141.85779401314142,-37.1465400060979],[141.8604770131972,-37.1458170062832],[141.86288298270074,-37.148749996356024],[141.87421101241964,-37.146532996051796],[141.87600302295235,-37.147116996540426],[141.884927012749,-37.14448999604352],[141.88685399245816,-37.14067700620115],[141.89323700315052,-37.1373569961649],[141.89877701232237,-37.13644799606103],[141.90093000276718,-37.13443900606229],[141.90441100234094,-37.13590699631957],[141.90887499239744,-37.13484800594524],[141.90975800308408,-37.13296300632565],[141.90629601276007,-37.128635996362114],[141.90787000307168,-37.12653299640774],[141.90352500295933,-37.12409099595644],[141.90498300280146,-37.11903499617217],[141.90815901265813,-37.11711599653943],[141.9092670028144,-37.113894996186275],[141.9158720024848,-37.115208996355435],[141.9200969930651,-37.120079986572634],[141.923351992683,-37.12125100658661],[141.92547399304715,-37.12514599626468],[141.92603601232653,-37.12966498606988],[141.92400501309734,-37.13625999626249],[141.92527200236393,-37.14198700615381],[141.92832402315187,-37.14531398641277],[141.92483002315933,-37.14981200629335],[141.9241430131896,-37.15209000654593],[141.92737801271605,-37.15532999596918],[141.9280539931707,-37.16046698634017],[141.93447500259956,-37.16671199628924],[141.92840800305453,-37.16759200613562],[141.92832000319092,-37.16951398620519],[141.934295012556,-37.16976599587782],[141.92984501286168,-37.176480996465415],[141.93004298268565,-37.17957399637409],[141.92062201253458,-37.18208699641784],[141.91989598244385,-37.185955995857434],[141.91170400282283,-37.189838995942274],[141.91043500312662,-37.19296399586817],[141.91050201295525,-37.19849099653405],[141.9127719927961,-37.20236099654029],[141.92055477273723,-37.203210665854336],[141.92127674244287,-37.19830261649603],[141.9381954831466,-37.20007234607797],[141.93717410316012,-37.20668083615696],[141.9424842325524,-37.207638346527844],[141.94470518234516,-37.210563346299395],[141.95231598252002,-37.209451216084815],[141.96584875283062,-37.21013900638507],[141.98924598256502,-37.212419006245135],[141.9911304423169,-37.213232685970766],[141.99577456255417,-37.22262071600716],[141.99803453246787,-37.224022696138434],[142.00282146237745,-37.224472615884544],[142.0156592825096,-37.22314644614172],[142.02556016232987,-37.224000296289546],[142.03381504288538,-37.22293615595827],[142.03816398300856,-37.223986106019346],[142.04183891268244,-37.22373504623637],[142.04498685288144,-37.22211899639662],[142.05250099253513,-37.22282699627904],[142.05694560233772,-37.22056381600452],[142.0654199925211,-37.21864099614046],[142.07937799294788,-37.22364700655191],[142.0839251625082,-37.21960036630079],[142.08556204297454,-37.21499031657566],[142.0885819427028,-37.21309223592284],[142.0883448728077,-37.20964022650641],[142.0846318330062,-37.20485024607193],[142.08756665239565,-37.19852514611684],[142.08647662315516,-37.195752126078204],[142.08674453311224,-37.191030096176846],[142.08981600242603,-37.184398996612344],[142.0923930129563,-37.1706479959127],[142.0981038825935,-37.16675167658365],[142.1080366930306,-37.16438451596791],[142.10966999281217,-37.16050298656036],[142.10798099299137,-37.15411399630642],[142.10730699242362,-37.14554599655566],[142.11016202255118,-37.14118599617765],[142.10822901245146,-37.1358640062968],[142.10801801256423,-37.1297600065698],[142.1112918723116,-37.11913813639405],[142.1139477630086,-37.116098066127776],[142.11448770259668,-37.112054046401425],[142.1177716423398,-37.1118759764946],[142.12225253240177,-37.10966990597151],[142.13337200295612,-37.10945399635179],[142.1417620027068,-37.11172999600952],[142.15266995235106,-37.10723745653516],[142.16415672246555,-37.10589230611121],[142.17194370292887,-37.10859918636891],[142.1778796328841,-37.10778609609354],[142.18134702298127,-37.11077199648091],[142.19141601262555,-37.10855298640301],[142.19342300258216,-37.103623996176474],[142.19891600291518,-37.099157986113],[142.20196200229572,-37.09502699599475],[142.20189699301525,-37.08888798661324],[142.20625502229248,-37.087295996111784],[142.21189299274604,-37.09082599621605],[142.2161150224791,-37.100717996182794],[142.216637002948,-37.107060006464295],[142.215703992931,-37.11140199629394],[142.22177902251636,-37.115776006538425],[142.22247401222077,-37.12057499636833],[142.22749601237555,-37.12123599620456],[142.23284100268916,-37.1233950066628],[142.23581002273812,-37.12898100655202],[142.23599901300253,-37.13252898602653],[142.23475101232432,-37.137078996049226],[142.23525500223303,-37.13925599655672],[142.24068299238726,-37.142501986631544],[142.23974202239856,-37.14767399601835],[142.24782399253323,-37.15199600645279],[142.2550113924602,-37.15673141606752],[142.25915118232734,-37.1572191262169],[142.26525117250117,-37.162705066223765],[142.27531013245527,-37.16981390651111],[142.2890860425773,-37.17799172651077],[142.30192491284004,-37.18525356649318],[142.3093858830087,-37.188872465985476],[142.31665493260846,-37.19471241596745],[142.3287578526847,-37.19920437649903],[142.33441688234348,-37.20543136616347],[142.34238294285706,-37.21126338604151],[142.3503098628754,-37.21487426616908],[142.3557078124682,-37.219253176509234],[142.35882684308478,-37.225509176443865],[142.36906663300724,-37.22890699614884],[142.3792724630187,-37.23045389647072],[142.39202031238355,-37.231784786278716],[142.4034603224925,-37.23738569623605],[142.4166935423851,-37.25221660621612],[142.4230896226665,-37.26009657614094],[142.4551282627518,-37.2654432966688],[142.46343424307392,-37.27607326652546],[142.46562427285454,-37.281597276450505],[142.49031995265335,-37.28754406643258],[142.5014018727305,-37.292560986224935],[142.50398373236672,-37.291606956416615],[142.5125086024792,-37.29386588651047],[142.516351462314,-37.293226816023115],[142.59893202241616,-37.29290685638344],[142.59567206230122,-37.29050491665189],[142.59219711288094,-37.290375946076246],[142.59325003271704,-37.28616190636433],[142.5886611022758,-37.28514997616256],[142.5816930323137,-37.27408296637684],[142.58147093284285,-37.27000894622716],[142.591585632362,-37.264485796011485],[142.5970625321902,-37.26197571648958],[142.59353553258572,-37.2588717261466],[142.59621645214318,-37.257126676221326],[142.59611239219902,-37.2497116366827],[142.59304136216133,-37.24056260607012],[142.5964112221682,-37.235410546473915],[142.60026511241634,-37.23491446622852],[142.59785611289533,-37.226905446447745],[142.5982190628128,-37.224411426699255],[142.59524410220493,-37.217598446554575],[142.59247115294153,-37.21546149646188],[142.58769027228703,-37.21471155607172],[142.58061336244506,-37.20434565648583],[142.57747637270938,-37.19739664610122],[142.57504134270636,-37.19505164620238],[142.56432922220074,-37.18234564666761],[142.56242917218714,-37.178304616742544],[142.55702922294446,-37.173121676073364],[142.5427734121364,-37.157417986257485],[142.63561149220982,-37.15726339637428],[142.63597448255152,-37.157430396333496],[142.66725210226744,-37.157318086288385],[142.71708248291753,-37.15729965657425],[142.71704617211537,-37.14289150647792],[142.73500749214793,-37.142780396465405],[142.73933201246845,-37.144991366588386],[142.7404450727162,-37.14833942620865],[142.7454190426477,-37.149014416545285],[142.75051995261376,-37.14724037660045],[142.75389598224987,-37.14997941651587],[142.7574889325693,-37.15005840657471],[142.75848381225487,-37.14497734620843],[142.76484693245018,-37.14191141623072],[142.76873914213346,-37.1428471863737],[142.76780868243353,-37.14824079664571],[142.76963120244824,-37.14844422633306],[142.7684486422419,-37.1544160461509],[142.7771610428565,-37.15536638668484],[142.7769020828146,-37.15716841614629],[142.78176223260635,-37.157675486684326],[142.78344222232485,-37.16355546667326],[142.78365545272888,-37.16888711658802],[142.79461034204175,-37.17018453626294],[142.7949522426355,-37.16833747683048],[142.82390108238528,-37.17167297682897],[142.8233620527906,-37.1744363763481],[142.83164897265905,-37.175476316234565],[142.83134299210025,-37.17705099669331],[142.8373731220911,-37.187770396672434],[142.8378845626267,-37.19164076661922],[142.865283912716,-37.19470723656219],[142.8767127127485,-37.19535813646541],[142.8763217623436,-37.19742116618068],[142.88396267225025,-37.19829406637558],[142.88342568272958,-37.199679086679126],[142.91916334260964,-37.203620456386226],[142.92341231281813,-37.20545445624379],[142.92463429199745,-37.20426643625478],[142.9539739824391,-37.20777836671909],[142.95820645239243,-37.18341127624046],[142.95707246229688,-37.183275286723976],[142.9584932620048,-37.17481627631696],[142.95757321198235,-37.17180426651701],[142.96047813274413,-37.17139325679393],[142.96128205215993,-37.16703818643213],[142.96935088263692,-37.16671210653021],[142.97339691264293,-37.170194106742706],[142.97260701233552,-37.174792116805],[142.98279887264596,-37.17577804666375],[142.9867928821122,-37.17664301667731],[142.99238778283944,-37.176482976251705],[142.99452876280893,-37.17734795680394],[142.99352191217383,-37.18307198655283],[143.0489100024001,-37.18974998638349],[143.0493516222786,-37.18603178650304],[143.0590937221775,-37.18720115648922],[143.06600839268592,-37.15135407663795],[143.06693827207417,-37.14736800683484],[143.0799281419496,-37.14904695669329],[143.0837150520135,-37.14865893639099],[143.0907140419878,-37.15506095629041],[143.1135518324042,-37.1576116767128],[143.1143784127213,-37.160635666617665],[143.11798344268635,-37.16331920646917],[143.12125381247878,-37.16787925655541],[143.13087981231368,-37.17407887625907],[143.1371757627803,-37.17438777648861],[143.13710463237945,-37.17242683648352],[143.1516884225893,-37.17168372676414],[143.15215748240652,-37.17462873694511],[143.15712411220383,-37.176919276649336],[143.16520331193422,-37.17571163656893],[143.1679483325754,-37.17862864684963],[143.1688679819493,-37.184043146805735],[143.1774961125053,-37.186355966673],[143.1806024121976,-37.188549576904286],[143.18492131265768,-37.18786456625446],[143.18419525202427,-37.18533755660504],[143.18646803191388,-37.18302344664158],[143.19141688225517,-37.18144989625055],[143.19154704274993,-37.178307466821565],[143.1957107421767,-37.17709635677747],[143.19206092221154,-37.174488436957084],[143.19257988254446,-37.170785396835925],[143.1975031120355,-37.17128421654338],[143.19876707218296,-37.166533006268985],[143.20193571226105,-37.16560630639599],[143.20242860258614,-37.161131286652044],[143.20530126215115,-37.16109846677492],[143.21192247192081,-37.15735619644857],[143.21626232199168,-37.15582615696741],[143.21765826262063,-37.15362113688606],[143.22117022263066,-37.15256711641596],[143.22459516194075,-37.15365909640737],[143.22789721261836,-37.15701642677099],[143.2314032221879,-37.158425906322066],[143.23371804233454,-37.16123318682455],[143.23272911219107,-37.16375245663634],[143.23383145194418,-37.16797473658161],[143.24223817203728,-37.17377468676968],[143.2471107419361,-37.17209780640257],[143.250179402218,-37.17290662677091],[143.25270301239624,-37.17696761649347],[143.2579309019227,-37.180028796856334],[143.26378306218103,-37.181829606358455],[143.2643313623894,-37.187548286929186],[143.2669341419919,-37.19192588682783],[143.27010125223907,-37.194612526659064],[143.2709182322607,-37.19754507664571],[143.27681527235072,-37.196958386709426],[143.2825516523453,-37.19533040634294],[143.2874620727587,-37.20592897686557],[143.29099739255938,-37.20486813687274],[143.29361195266856,-37.210623026420535],[143.31758764264862,-37.20379087629205],[143.33049108201723,-37.20461805664885],[143.33627199239885,-37.20631999646096],[143.33520801250495,-37.2145260065687],[143.33932401228842,-37.214885996483254],[143.33841501244237,-37.22267998672656],[143.35148701258922,-37.223744996912416],[143.3502809820995,-37.232860006439054],[143.35463901227496,-37.23329299643187],[143.35626563218412,-37.22869008653397],[143.35949467228696,-37.226541456806366],[143.36474691244572,-37.2274710068274],[143.390831892527,-37.23005329672817],[143.39112083204486,-37.22920001650918],[143.40172762238848,-37.22994321680895],[143.40239400254774,-37.23238699697025],[143.4057760221502,-37.23375299689525],[143.43438603264613,-37.24884500691278],[143.4395710024649,-37.25104198628173],[143.44560701192927,-37.25690199644621],[143.44616900246263,-37.26032499636715],[143.45576302227337,-37.26674499686784],[143.46687001253352,-37.26928800697771],[143.46835403207783,-37.26377699629831],[143.47427600221354,-37.26482700666756],[143.47549901265882,-37.258149006495564],[143.47119102223783,-37.25741299681962],[143.47216203188972,-37.25194299648215],[143.46765600247448,-37.251446986434345],[143.4696190127115,-37.24079700694948],[143.47236899205308,-37.24112698699988],[143.47552500181823,-37.22187499640466],[143.47115401254646,-37.22133700662084],[143.47293602213514,-37.21146898695335],[143.47474799233518,-37.212645996353615],[143.4793470225351,-37.185887006852006],[143.47974900245507,-37.18062998638748],[143.48233400260145,-37.180909986425306],[143.48406702256617,-37.169723996471525],[143.4902460321457,-37.17047598653509],[143.4899710021417,-37.17200299656432],[143.52162300193874,-37.17598099641657],[143.5207550021005,-37.18110899670012],[143.5286860121483,-37.18206799660101],[143.5360860226418,-37.17869196669127],[143.58541179264734,-37.1845530765335],[143.5822841022715,-37.201733456451514],[143.64063935213568,-37.20831127687239],[143.63639966242246,-37.23083360685768],[143.6656046226395,-37.23431939706694],[143.66512885240718,-37.236655096521595]]],[[[142.00869479323214,-38.41715857591111],[142.00771086311153,-38.4195856455375],[142.0033979130919,-38.42244870583848],[141.99818801322743,-38.42478277575012],[141.9955419033872,-38.41764271538549],[141.99562297364665,-38.41558801556758],[142.0004288229744,-38.41318860556976],[142.00762472365892,-38.41171050570646],[142.0121306434797,-38.4115484658808],[142.01342665371985,-38.41380548562997],[142.00869479323214,-38.41715857591111]]]]},"properties":{"name":"Wannon","ced_code_2021":"238"}},{"type":"Feature","geometry":{"type":"Polygon","coordinates":[[[144.9095918616502,-37.69401960653062],[144.91900276168695,-37.69469143668076],[144.93266139225707,-37.69383650688922],[144.94927009201692,-37.6923404868295],[144.9591829122439,-37.692165866957104],[144.9720608421535,-37.69099901703187],[144.97635047190835,-37.69506378695171],[144.9789256121462,-37.69456354671104],[144.979435882177,-37.6998766670954],[144.9825190017417,-37.70295699654053],[144.97866756209766,-37.705276156953396],[144.977189051921,-37.71037097702475],[144.98051618176464,-37.71433565706933],[144.97811039192413,-37.716698956864576],[144.97850028231701,-37.71943606691409],[144.9752399916221,-37.71941399695063],[144.9687714217888,-37.72206342708682],[144.96931002198875,-37.72634199681098],[144.96721101220766,-37.72882999717673],[144.96779881223742,-37.73186477677627],[144.97100460214412,-37.73424398675177],[144.97456000198633,-37.73295377715952],[144.97695107203253,-37.73358296651274],[144.97853006236699,-37.73849427651706],[144.98023140234486,-37.73971872707831],[144.97906943242316,-37.743082106754926],[144.9818173321649,-37.752104497128855],[144.9792910917195,-37.754007016590315],[144.98026881178652,-37.75770997670434],[144.98316107169273,-37.76156297690112],[144.98557091203682,-37.76642495662049],[144.98445314192207,-37.771235996934806],[144.98686513193468,-37.77437798655119],[144.97150031228082,-37.77266123669001],[144.9705258018943,-37.77928910686845],[144.93876875220957,-37.775448096925324],[144.93707417205422,-37.777774216932116],[144.93633942201708,-37.77411629693392],[144.9384423322831,-37.77155824684513],[144.9376423322169,-37.76888521654749],[144.93844722181316,-37.76116711649769],[144.93439930175185,-37.76059215714311],[144.93457698222682,-37.75659198691561],[144.92671901239814,-37.751461996974015],[144.92941099201346,-37.74536999674851],[144.93283301179892,-37.745467997061354],[144.9288560523568,-37.73751800715811],[144.92855999189365,-37.73528599701451],[144.92423307217302,-37.73186997665161],[144.92441203184902,-37.72878793676755],[144.9182128622779,-37.72413928697073],[144.91458845205892,-37.72381829706427],[144.91020141168963,-37.717903656539406],[144.9022225816243,-37.71646065691239],[144.90296360190212,-37.71474058685036],[144.8974862717809,-37.709022787063795],[144.90326115177203,-37.70407883687324],[144.90372375180397,-37.698990537089934],[144.89780564172906,-37.69830042684865],[144.90240716205895,-37.694686396973275],[144.9095918616502,-37.69401960653062]]]},"properties":{"name":"Wills","ced_code_2021":"239"}}]}